Navigated to http://localhost:5173/
client.ts:18 [vite] connecting...
localhost/:25 
            
            
           GET http://localhost:5173/assets/HKGroteskWide-Black-c4cc7421.otf net::ERR_ABORTED 404 (Not Found)
App.tsx:493 winner null
App.tsx:493 winner null
localhost/:25 
            
            
           GET http://localhost:5173/assets/HKGroteskWide-Regular-1ffde470.otf net::ERR_ABORTED 404 (Not Found)
localhost/:25 
            
            
           GET http://localhost:5173/assets/HKGroteskWide-SemiBold-1cc1cdc3.otf net::ERR_ABORTED 404 (Not Found)
localhost/:25 
            
            
           GET http://localhost:5173/assets/HKGroteskWide-Medium-eca8ee59.otf net::ERR_ABORTED 404 (Not Found)
localhost/:1 [DOM] Password field is not contained in a form: (More info: https://goo.gl/9p2vKq) <input type=​"password" class placeholder=​"Enter Password" value>​
localhost/:25 
            
            
           GET http://localhost:5173/assets/HKGroteskWide-Bold-35c3cac0.otf net::ERR_ABORTED 404 (Not Found)
App.tsx:436 Socket Connected to the server
OpenRoomsList.tsx:24 Received available rooms: []
client.ts:150 [vite] connected.
OpenRoomsList.tsx:24 Received available rooms: []
OpenRoomsList.tsx:24 Received available rooms: []
Chess.tsx:41 roomCode ai-7739 props object
Chess.tsx:47 761currentPlayerColor black {board: Array(0), history: Array(0), turn: 'black', kingPositions: {…}, threateningPiecesPositions: {…}, …}
Chess.tsx:50 761isKingInCheck false false
Chess.tsx:51 761props.gameState {board: Array(0), history: Array(0), turn: 'black', kingPositions: {…}, threateningPiecesPositions: {…}, …}
Chess.tsx:722 loser white
Chess.tsx:723 turnState2 0
Chess.tsx:725 761props.gameState {board: Array(0), history: Array(0), turn: 'white', kingPositions: {…}, threateningPiecesPositions: {…}, …}
Chess.tsx:728 761isCurrentPlayerInCheck false {black: false, white: false, direction: -1}
Chess.tsx:41 roomCode ai-7739 props object
Chess.tsx:47 761currentPlayerColor black {board: Array(0), history: Array(0), turn: 'white', kingPositions: {…}, threateningPiecesPositions: {…}, …}
Chess.tsx:50 761isKingInCheck false false
Chess.tsx:51 761props.gameState {board: Array(0), history: Array(0), turn: 'white', kingPositions: {…}, threateningPiecesPositions: {…}, …}
Chess.tsx:722 loser black
Chess.tsx:723 turnState2 0
Chess.tsx:725 761props.gameState {board: Array(0), history: Array(0), turn: 'white', kingPositions: {…}, threateningPiecesPositions: {…}, …}
Chess.tsx:728 761isCurrentPlayerInCheck false {black: false, white: false, direction: -1}
Chess.tsx:688 gameOver false
Chess.tsx:688 gameOver false
App.tsx:461 Socket Player number: 1
App.tsx:476 gameState {board: Array(8), history: Array(0), turn: 'black', username1: '', username2: '', …}
App.tsx:397 Socket Created room ai-7739
Chess.tsx:41 roomCode ai-7739 props object
Chess.tsx:47 761currentPlayerColor black {board: Array(8), history: Array(0), turn: 'black', username1: null, username2: '', …}
Chess.tsx:50 761isKingInCheck false false
Chess.tsx:51 761props.gameState {board: Array(8), history: Array(0), turn: 'black', username1: null, username2: '', …}
Chess.tsx:722 loser white
Chess.tsx:723 turnState2 0
Chess.tsx:725 761props.gameState {board: Array(8), history: Array(0), turn: 'white', username1: null, username2: '', …}
Chess.tsx:726 Warning: Cannot update a component (`App`) while rendering a different component (`Chess`). To locate the bad setState() call inside `Chess`, follow the stack trace as described in https://reactjs.org/link/setstate-in-render Error Component Stack
    at Chess (Chess.tsx:33:29)
    at RenderedRoute (react-router-dom.js?v=3151037c:3560:5)
    at Routes (react-router-dom.js?v=3151037c:3995:5)
    at Router (react-router-dom.js?v=3151037c:3938:15)
    at BrowserRouter (react-router-dom.js?v=3151037c:4678:5)
    at App (App.tsx:246:30)
overrideMethod @ hook.js:608
printWarning @ chunk-X3B7SAOS.js?v=3151037c:521
error @ chunk-X3B7SAOS.js?v=3151037c:505
warnAboutRenderPhaseUpdatesInDEV @ chunk-X3B7SAOS.js?v=3151037c:19789
scheduleUpdateOnFiber @ chunk-X3B7SAOS.js?v=3151037c:18542
dispatchSetState @ chunk-X3B7SAOS.js?v=3151037c:13026
Chess @ Chess.tsx:726
renderWithHooks @ chunk-X3B7SAOS.js?v=3151037c:12171
updateFunctionComponent @ chunk-X3B7SAOS.js?v=3151037c:14577
beginWork @ chunk-X3B7SAOS.js?v=3151037c:15912
beginWork$1 @ chunk-X3B7SAOS.js?v=3151037c:19749
performUnitOfWork @ chunk-X3B7SAOS.js?v=3151037c:19194
workLoopSync @ chunk-X3B7SAOS.js?v=3151037c:19133
renderRootSync @ chunk-X3B7SAOS.js?v=3151037c:19112
performConcurrentWorkOnRoot @ chunk-X3B7SAOS.js?v=3151037c:18674
workLoop @ chunk-X3B7SAOS.js?v=3151037c:197
flushWork @ chunk-X3B7SAOS.js?v=3151037c:176
performWorkUntilDeadline @ chunk-X3B7SAOS.js?v=3151037c:384
Chess.tsx:728 761isCurrentPlayerInCheck false {black: false, white: false, direction: -1}
Chess.tsx:41 roomCode ai-7739 props object
Chess.tsx:47 761currentPlayerColor black {board: Array(8), history: Array(0), turn: 'white', username1: null, username2: '', …}
Chess.tsx:50 761isKingInCheck false false
Chess.tsx:51 761props.gameState {board: Array(8), history: Array(0), turn: 'white', username1: null, username2: '', …}
Chess.tsx:722 loser black
Chess.tsx:723 turnState2 0
Chess.tsx:725 761props.gameState {board: Array(8), history: Array(0), turn: 'white', username1: null, username2: '', …}
Chess.tsx:728 761isCurrentPlayerInCheck false {black: false, white: false, direction: -1}
Chess.tsx:688 gameOver false
App.tsx:361 Checking AI move conditions: {playingAgainstAI: true, playerNumber: 1, turnState: 0, isAIGame: undefined, currentTurn: 'white'}
App.tsx:377 AI's turn confirmed - initiating AI move
App.tsx:293 AI is calculating move...
Chess.tsx:41 roomCode ai-7739 props object
Chess.tsx:47 761currentPlayerColor black {board: Array(8), history: Array(0), turn: 'white', username1: null, username2: '', …}
Chess.tsx:50 761isKingInCheck false false
Chess.tsx:51 761props.gameState {board: Array(8), history: Array(0), turn: 'white', username1: null, username2: '', …}
Chess.tsx:722 loser black
Chess.tsx:723 turnState2 0
Chess.tsx:725 761props.gameState {board: Array(8), history: Array(0), turn: 'white', username1: null, username2: '', …}
Chess.tsx:728 761isCurrentPlayerInCheck false {black: false, white: false, direction: -1}
Chess.tsx:41 roomCode ai-7739 props object
Chess.tsx:47 761currentPlayerColor black {board: Array(8), history: Array(0), turn: 'white', username1: null, username2: '', …}
Chess.tsx:50 761isKingInCheck false false
Chess.tsx:51 761props.gameState {board: Array(8), history: Array(0), turn: 'white', username1: null, username2: '', …}
Chess.tsx:722 loser black
Chess.tsx:723 turnState2 0
Chess.tsx:725 761props.gameState {board: Array(8), history: Array(0), turn: 'white', username1: null, username2: '', …}
Chess.tsx:728 761isCurrentPlayerInCheck false {black: false, white: false, direction: -1}
App.tsx:361 Checking AI move conditions: {playingAgainstAI: true, playerNumber: 1, turnState: 0, isAIGame: undefined, currentTurn: 'white'}
App.tsx:377 AI's turn confirmed - initiating AI move
App.tsx:271 AI move already in progress, skipping
validMoves.ts:12 302validMoves piece {id: 16, type: 'rook', position: Array(2), color: 'white'} position (2) [7, 0] gameState {board: Array(8), history: Array(0), turn: 'white', username1: null, username2: '', …} playerNumber 2 lastPosition (2) [7, 0]
validMoves.ts:35 7778tempGameState 7 7778pieceLastPosition 7 7778piece 4 7778tempKing 0 tempGameState {board: Array(8), history: Array(0), turn: 'white', username1: null, username2: '', …}
 843hypotheticalGameState {board: Array(8), history: Array(0), turn: 'white', username1: null, username2: '', …} 843piece.position (2) [7, 0] 843lastPosition (2) [7, 0]
 843checkDirection 0 843threateningPieceIndex 0 (16) [Array(4), Array(3), Array(7), Array(0), Array(4), Array(3), Array(0), Array(0), Array(1), Array(1), Array(0), Array(0), Array(1), Array(1), Array(0), Array(0)]
 843piece {type: 'queen', color: 'white', position: Array(2), hasMoved: false, index: 19} 843piece.color white 843opponentColor black 843currentColor white
 843checkDirection 1 843threateningPieceIndex 0 (16) [Array(4), Array(3), Array(7), Array(0), Array(4), Array(3), Array(0), Array(0), Array(1), Array(1), Array(0), Array(0), Array(1), Array(1), Array(0), Array(0)]
 843piece {type: 'bishop', color: 'white', position: Array(2), hasMoved: false, index: 21} 843piece.color white 843opponentColor black 843currentColor white
 843checkDirection 2 843threateningPieceIndex 0 (16) [Array(4), Array(3), Array(7), Array(0), Array(4), Array(3), Array(0), Array(0), Array(1), Array(1), Array(0), Array(0), Array(1), Array(1), Array(0), Array(0)]
 843piece {type: 'pawn', color: 'white', position: Array(2), hasMoved: false, index: 28} 843piece.color white 843opponentColor black 843currentColor white
 77722piece.position (2) [0, 4]
 843checkDirection 3 843threateningPieceIndex 0 (16) [Array(0), Array(7), Array(4), Array(3), Array(0), Array(0), Array(4), Array(3), Array(0), Array(0), Array(0), Array(0), Array(1), Array(1), Array(1), Array(1)]
 843piece {type: 'bishop', color: 'black', position: Array(2), hasMoved: false, index: 5} 843piece.color black 843opponentColor black 843currentColor white
 77722piece.position (2) [0, 4]
 77722piece.position (2) [0, 4]
 843checkDirection 6 843threateningPieceIndex 0 (16) [Array(0), Array(7), Array(4), Array(3), Array(0), Array(0), Array(4), Array(3), Array(0), Array(0), Array(0), Array(0), Array(1), Array(1), Array(1), Array(1)]
 843piece {type: 'pawn', color: 'black', position: Array(2), hasMoved: false, index: 11} 843piece.color black 843opponentColor black 843currentColor white
 843checkDirection 7 843threateningPieceIndex 0 (16) [Array(0), Array(7), Array(4), Array(3), Array(0), Array(0), Array(4), Array(3), Array(0), Array(0), Array(0), Array(0), Array(1), Array(1), Array(1), Array(1)]
 843piece {type: 'pawn', color: 'black', position: Array(2), hasMoved: false, index: 13} 843piece.color black 843opponentColor black 843currentColor white
 77722piece.position (2) [0, 4]
 77722piece.position (2) [0, 4]
 77722piece.position (2) [0, 4]
 77722piece.position (2) [0, 4]
 843checkDirection 12 843threateningPieceIndex 0 (16) [Array(0), Array(7), Array(4), Array(3), Array(0), Array(0), Array(4), Array(3), Array(0), Array(0), Array(0), Array(0), Array(1), Array(1), Array(1), Array(1)]
 843piece {type: 'pawn', color: 'black', position: Array(2), hasMoved: false, index: 10} 843piece.color black 843opponentColor black 843currentColor white
 843checkDirection 13 843threateningPieceIndex 0 (16) [Array(0), Array(7), Array(4), Array(3), Array(0), Array(0), Array(4), Array(3), Array(0), Array(0), Array(0), Array(0), Array(1), Array(1), Array(1), Array(1)]
 843piece {type: 'pawn', color: 'black', position: Array(2), hasMoved: false, index: 14} 843piece.color black 843opponentColor black 843currentColor white
 843checkDirection 14 843threateningPieceIndex 0 (16) [Array(0), Array(7), Array(4), Array(3), Array(0), Array(0), Array(4), Array(3), Array(0), Array(0), Array(0), Array(0), Array(1), Array(1), Array(1), Array(1)]
 843piece {type: 'empty', color: 'none', hasMoved: false, position: Array(0), index: 16} 843piece.color none 843opponentColor black 843currentColor white
 843checkDirection 15 843threateningPieceIndex 0 (16) [Array(0), Array(7), Array(4), Array(3), Array(0), Array(0), Array(4), Array(3), Array(0), Array(0), Array(0), Array(0), Array(1), Array(1), Array(1), Array(1)]
 843piece {type: 'empty', color: 'none', hasMoved: false, position: Array(0), index: 16} 843piece.color none 843opponentColor black 843currentColor white
 843matchFoundInDirection 2
 847piece.type rook checkPosition (2) [7, 0] lastPosition (2) [7, 0] gameState {board: Array(8), history: Array(0), turn: 'white', username1: null, username2: '', …} piece {id: 16, type: 'rook', position: Array(2), color: 'white'} position (2) [7, 0] playerNumber 2 lastPosition (2) [7, 0] matchFoundInDirection 2 currentColor white
 7322isCheckParams {board: Array(8), history: Array(0), turn: 'white', username1: null, username2: '', …} (16) [Array(4), Array(3), Array(0), Array(7), Array(0), Array(0), Array(4), Array(3), Array(0), Array(0), Array(1), Array(1), Array(0), Array(0), Array(1), Array(1)] 1 (2) [7, 0] {id: 16, type: 'rook', position: Array(2), color: 'white'} (2) [7, 0] 2 (2) [7, 0] 2 white
 7322threateningSquares (16) [Array(4), Array(3), Array(0), Array(7), Array(0), Array(0), Array(4), Array(3), Array(0), Array(0), Array(1), Array(1), Array(0), Array(0), Array(1), Array(1)]
 7322gameState {board: Array(8), history: Array(0), turn: 'white', username1: null, username2: '', …}
 5556pieceLastPosition (2) [7, 0] undefined
 999King position: (2) [7, 4] (2) [7, 0] (2) [7, 4]
 999Current direction: (2) [0, -1]
 999New position: (2) [7, 3]
 999New position: (2) [7, 2]
 999New position: (2) [7, 1]
 999New position: (2) [7, 0]
 999New position: (2) [7, -1]
 999Current direction: (2) [0, 1]
 999New position: (2) [7, 5]
 999New position: (2) [7, 6]
 999New position: (2) [7, 7]
 999New position: (2) [7, 8]
 999Current direction: (2) [-1, 0]
 999New position: (2) [6, 4]
 999New position: (2) [5, 4]
 999New position: (2) [4, 4]
 999New position: (2) [3, 4]
 999New position: (2) [2, 4]
 999New position: (2) [1, 4]
 999New position: (2) [0, 4]
 999Current direction: (2) [1, 0]
 999New position: (2) [8, 4]
 999Current direction: (2) [-1, -1]
 999New position: (2) [6, 3]
 999New position: (2) [5, 2]
 999New position: (2) [4, 1]
 999New position: (2) [3, 0]
 999New position: (2) [2, -1]
 999Current direction: (2) [-1, 1]
 999New position: (2) [6, 5]
 999New position: (2) [5, 6]
 999New position: (2) [4, 7]
 999New position: (2) [3, 8]
 999Current direction: (2) [1, -1]
 999New position: (2) [8, 3]
 999Current direction: (2) [1, 1]
 999New position: (2) [8, 5]
 999Current direction: (2) [-2, -1]
 999New position: (2) [5, 3]
 999Current direction: (2) [-2, 1]
 999New position: (2) [5, 5]
 999Current direction: (2) [2, -1]
 999New position: (2) [9, 3]
 999Current direction: (2) [2, 1]
 999New position: (2) [9, 5]
 999Current direction: (2) [-1, -2]
 999New position: (2) [6, 2]
 999Current direction: (2) [-1, 2]
 999New position: (2) [6, 6]
 999Current direction: (2) [1, -2]
 999New position: (2) [8, 2]
 999Current direction: (2) [1, 2]
 999New position: (2) [8, 6]
 999Calculated squares: (16) [Array(4), Array(3), Array(7), Array(0), Array(4), Array(3), Array(0), Array(0), Array(1), Array(1), Array(0), Array(0), Array(1), Array(1), Array(0), Array(0)]
 Updated threateningSquaresCopy for check evaluation: (16) [Array(4), Array(3), Array(7), Array(0), Array(4), Array(3), Array(0), Array(0), Array(1), Array(1), Array(0), Array(0), Array(1), Array(1), Array(0), Array(0)]
 7322gameState.history.length 0
 7322canBlockParams (16) [Array(4), Array(3), Array(0), Array(7), Array(0), Array(0), Array(4), Array(3), Array(0), Array(0), Array(1), Array(1), Array(0), Array(0), Array(1), Array(1)] (2) [7, 0] white
 7322currentPlayerPieces (16) [{…}, {…}, {…}, {…}, {…}, {…}, {…}, {…}, {…}, {…}, {…}, {…}, {…}, {…}, {…}, {…}]
 5556threateningSquares (16) [Array(4), Array(3), Array(0), Array(7), Array(0), Array(0), Array(4), Array(3), Array(0), Array(0), Array(1), Array(1), Array(0), Array(0), Array(1), Array(1)] black
 7322threateningSquaresCopy (16) [Array(4), Array(3), Array(0), Array(7), Array(0), Array(0), Array(4), Array(3), Array(0), Array(0), Array(1), Array(1), Array(0), Array(0), Array(1), Array(1)]
 5556Iterating over direction 0 (4) [Array(2), Array(2), Array(2), Array(2)]
 5556color white black black true
 5556Opponent's piece found at square 0,3 white
 5556Iterating over direction 1 (3) [Array(2), Array(2), Array(2)]
 5556color white black black true
 5556Opponent's piece found at square 0,5 white
 5556Iterating over direction 2 []
 5556Row 2 is empty {board: Array(8), history: Array(0), turn: 'white', username1: null, username2: '', …} []
 5556Iterating over direction 3 (7) [Array(2), Array(2), Array(2), Array(2), Array(2), Array(2), Array(2)]
 5556color white black black true
 5556Opponent's piece found at square 1,4 white
 5556Iterating over direction 4 []
 5556Row 4 is empty {board: Array(8), history: Array(0), turn: 'white', username1: null, username2: '', …} []
 5556Iterating over direction 5 []
 5556Row 5 is empty {board: Array(8), history: Array(0), turn: 'white', username1: null, username2: '', …} []
 5556Iterating over direction 6 (4) [Array(2), Array(2), Array(2), Array(2)]
 5556color white black black true
 5556Opponent's piece found at square 1,3 white
 5556Iterating over direction 7 (3) [Array(2), Array(2), Array(2)]
 5556color white black black true
 5556Opponent's piece found at square 1,5 white
 5556Iterating over direction 8 []
 5556Row 8 is empty {board: Array(8), history: Array(0), turn: 'white', username1: null, username2: '', …} []
 5556Iterating over direction 9 []
 5556Row 9 is empty {board: Array(8), history: Array(0), turn: 'white', username1: null, username2: '', …} []
 5556Iterating over direction 10 [Array(2)]
 5556No opponent's knight at square 2,3 empty
 5556Iterating over direction 11 [Array(2)]
 5556No opponent's knight at square 2,5 empty
 5556Iterating over direction 12 []
 5556Row 12 is empty {board: Array(8), history: Array(0), turn: 'white', username1: null, username2: '', …} []
 5556Iterating over direction 13 []
 5556Row 13 is empty {board: Array(8), history: Array(0), turn: 'white', username1: null, username2: '', …} []
 5556Iterating over direction 14 [Array(2)]
 5556No opponent's knight at square 1,2 pawn
 5556Iterating over direction 15 [Array(2)]
 5556No opponent's knight at square 1,6 pawn
 5556Last direction is blank or not an current player's knight at square 1,6
 843firstTriggeringCurrentPiece undefined
 843firstTriggeringCurrentPieceIndex: -1
 843slicedCoordinates: []
 843firstTriggeringCurrentPieceIndex -1
 7322canBlockParams (16) [Array(4), Array(3), Array(0), Array(7), Array(0), Array(0), Array(4), Array(3), Array(0), Array(0), Array(1), Array(1), Array(0), Array(0), Array(1), Array(1)] (2) [7, 0] white
 7322currentPlayerPieces (16) [{…}, {…}, {…}, {…}, {…}, {…}, {…}, {…}, {…}, {…}, {…}, {…}, {…}, {…}, {…}, {…}]
 5556threateningSquares (16) [Array(4), Array(3), Array(0), Array(7), Array(0), Array(0), Array(4), Array(3), Array(0), Array(0), Array(1), Array(1), Array(0), Array(0), Array(1), Array(1)] black
 7322threateningSquaresCopy (16) [Array(4), Array(3), Array(0), Array(7), Array(0), Array(0), Array(4), Array(3), Array(0), Array(0), Array(1), Array(1), Array(0), Array(0), Array(1), Array(1)]
 5556Iterating over direction 0 (4) [Array(2), Array(2), Array(2), Array(2)]
 5556color white black black true
 5556Opponent's piece found at square 0,3 white
 5556Iterating over direction 1 (3) [Array(2), Array(2), Array(2)]
 5556color white black black true
 5556Opponent's piece found at square 0,5 white
 5556Iterating over direction 2 []
 5556Row 2 is empty {board: Array(8), history: Array(0), turn: 'white', username1: null, username2: '', …} []
 5556Iterating over direction 3 (7) [Array(2), Array(2), Array(2), Array(2), Array(2), Array(2), Array(2)]
 5556color white black black true
 5556Opponent's piece found at square 1,4 white
 5556Iterating over direction 4 []
 5556Row 4 is empty {board: Array(8), history: Array(0), turn: 'white', username1: null, username2: '', …} []
 5556Iterating over direction 5 []
 5556Row 5 is empty {board: Array(8), history: Array(0), turn: 'white', username1: null, username2: '', …} []
 5556Iterating over direction 6 (4) [Array(2), Array(2), Array(2), Array(2)]
 5556color white black black true
 5556Opponent's piece found at square 1,3 white
 5556Iterating over direction 7 (3) [Array(2), Array(2), Array(2)]
 5556color white black black true
 5556Opponent's piece found at square 1,5 white
 5556Iterating over direction 8 []
 5556Row 8 is empty {board: Array(8), history: Array(0), turn: 'white', username1: null, username2: '', …} []
 5556Iterating over direction 9 []
 5556Row 9 is empty {board: Array(8), history: Array(0), turn: 'white', username1: null, username2: '', …} []
 5556Iterating over direction 10 [Array(2)]
 5556No opponent's knight at square 2,3 empty
 5556Iterating over direction 11 [Array(2)]
 5556No opponent's knight at square 2,5 empty
 5556Iterating over direction 12 []
 5556Row 12 is empty {board: Array(8), history: Array(0), turn: 'white', username1: null, username2: '', …} []
 5556Iterating over direction 13 []
 5556Row 13 is empty {board: Array(8), history: Array(0), turn: 'white', username1: null, username2: '', …} []
 5556Iterating over direction 14 [Array(2)]
 5556No opponent's knight at square 1,2 pawn
 5556Iterating over direction 15 [Array(2)]
 5556No opponent's knight at square 1,6 pawn
 5556Last direction is blank or not an current player's knight at square 1,6
 7322isKingInCheck false
 843isKingInCheck false 843slicedThreateningSquares undefined 843directionIndex -1
 222getMovesForPiece {id: 16, type: 'rook', position: Array(2), color: 'white'} (2) [7, 0] {board: Array(8), history: Array(0), turn: 'white', username1: null, username2: '', …}
 222getLinearMoves {id: 16, type: 'rook', position: Array(2), color: 'white'} (2) [7, 0] {board: Array(8), history: Array(0), turn: 'white', username1: null, username2: '', …}
 989directions (4) [Array(2), Array(2), Array(2), Array(2)]
 989newPosition (2) [6, 0] (2) [7, 0] -1 0 0
 989positions [Array(2)]
 989pieceAtNewPosition {type: 'pawn', color: 'white', position: Array(2), hasMoved: false, index: 24}
 989pieceAtNewPosition.type pawn
 989pieceAtNewPosition.color white [Array(2)]
 989positions []
 989Positions for direction: (2) [-1, 0] []
 989newPosition (2) [8, 0] (2) [7, 0] 1 0 0
 989Piece is off the board (2) [8, 0]
 989Positions for direction: (2) [1, 0] []
 989newPosition (2) [7, -1] (2) [7, 0] 0 -1 0
 989Piece is off the board (2) [7, -1]
 989Positions for direction: (2) [0, -1] []
 989newPosition (2) [7, 1] (2) [7, 0] 0 1 0
 989positions [Array(2)]
 989pieceAtNewPosition {type: 'knight', color: 'white', position: Array(2), hasMoved: false, index: 17}
 989pieceAtNewPosition.type knight
 989pieceAtNewPosition.color white [Array(2)]
 989positions []
 989Positions for direction: (2) [0, 1] []
 989flattenedMoves []
 222getMovesForPieceMoves []
 Returning moves: [] {board: Array(8), history: Array(0), turn: 'white', username1: null, username2: '', …}
 843normalMoves []
 843filteredMoves []
 843normalMoves [] []
 843normalMoves [] []
 843moves [] []
 302validMoves piece {id: 17, type: 'knight', position: Array(2), color: 'white'} position (2) [7, 1] gameState {board: Array(8), history: Array(0), turn: 'white', username1: null, username2: '', …} playerNumber 2 lastPosition (2) [7, 1]
 7778tempGameState 7 7778pieceLastPosition 7 7778piece 4 7778tempKing 1 tempGameState {board: Array(8), history: Array(0), turn: 'white', username1: null, username2: '', …}
 843hypotheticalGameState {board: Array(8), history: Array(0), turn: 'white', username1: null, username2: '', …} 843piece.position (2) [7, 1] 843lastPosition (2) [7, 1]
 843checkDirection 0 843threateningPieceIndex 0 (16) [Array(4), Array(3), Array(7), Array(0), Array(4), Array(3), Array(0), Array(0), Array(1), Array(1), Array(0), Array(0), Array(1), Array(1), Array(0), Array(0)]
 843piece {type: 'queen', color: 'white', position: Array(2), hasMoved: false, index: 19} 843piece.color white 843opponentColor black 843currentColor white
 843checkDirection 1 843threateningPieceIndex 0 (16) [Array(4), Array(3), Array(7), Array(0), Array(4), Array(3), Array(0), Array(0), Array(1), Array(1), Array(0), Array(0), Array(1), Array(1), Array(0), Array(0)]
 843piece {type: 'bishop', color: 'white', position: Array(2), hasMoved: false, index: 21} 843piece.color white 843opponentColor black 843currentColor white
 843checkDirection 2 843threateningPieceIndex 0 (16) [Array(4), Array(3), Array(7), Array(0), Array(4), Array(3), Array(0), Array(0), Array(1), Array(1), Array(0), Array(0), Array(1), Array(1), Array(0), Array(0)]
 843piece {type: 'pawn', color: 'white', position: Array(2), hasMoved: false, index: 28} 843piece.color white 843opponentColor black 843currentColor white
 77722piece.position (2) [0, 4]
 843checkDirection 3 843threateningPieceIndex 0 (16) [Array(0), Array(7), Array(4), Array(3), Array(0), Array(0), Array(4), Array(3), Array(0), Array(0), Array(0), Array(0), Array(1), Array(1), Array(1), Array(1)]
 843piece {type: 'bishop', color: 'black', position: Array(2), hasMoved: false, index: 5} 843piece.color black 843opponentColor black 843currentColor white
 77722piece.position (2) [0, 4]
 77722piece.position (2) [0, 4]
 843checkDirection 6 843threateningPieceIndex 0 (16) [Array(0), Array(7), Array(4), Array(3), Array(0), Array(0), Array(4), Array(3), Array(0), Array(0), Array(0), Array(0), Array(1), Array(1), Array(1), Array(1)]
 843piece {type: 'pawn', color: 'black', position: Array(2), hasMoved: false, index: 11} 843piece.color black 843opponentColor black 843currentColor white
 843checkDirection 7 843threateningPieceIndex 0 (16) [Array(0), Array(7), Array(4), Array(3), Array(0), Array(0), Array(4), Array(3), Array(0), Array(0), Array(0), Array(0), Array(1), Array(1), Array(1), Array(1)]
 843piece {type: 'pawn', color: 'black', position: Array(2), hasMoved: false, index: 13} 843piece.color black 843opponentColor black 843currentColor white
 77722piece.position (2) [0, 4]
 77722piece.position (2) [0, 4]
 77722piece.position (2) [0, 4]
 77722piece.position (2) [0, 4]
 843checkDirection 12 843threateningPieceIndex 0 (16) [Array(0), Array(7), Array(4), Array(3), Array(0), Array(0), Array(4), Array(3), Array(0), Array(0), Array(0), Array(0), Array(1), Array(1), Array(1), Array(1)]
 843piece {type: 'pawn', color: 'black', position: Array(2), hasMoved: false, index: 10} 843piece.color black 843opponentColor black 843currentColor white
 843checkDirection 13 843threateningPieceIndex 0 (16) [Array(0), Array(7), Array(4), Array(3), Array(0), Array(0), Array(4), Array(3), Array(0), Array(0), Array(0), Array(0), Array(1), Array(1), Array(1), Array(1)]
 843piece {type: 'pawn', color: 'black', position: Array(2), hasMoved: false, index: 14} 843piece.color black 843opponentColor black 843currentColor white
 843checkDirection 14 843threateningPieceIndex 0 (16) [Array(0), Array(7), Array(4), Array(3), Array(0), Array(0), Array(4), Array(3), Array(0), Array(0), Array(0), Array(0), Array(1), Array(1), Array(1), Array(1)]
 843piece {type: 'empty', color: 'none', hasMoved: false, position: Array(0), index: 16} 843piece.color none 843opponentColor black 843currentColor white
 843checkDirection 15 843threateningPieceIndex 0 (16) [Array(0), Array(7), Array(4), Array(3), Array(0), Array(0), Array(4), Array(3), Array(0), Array(0), Array(0), Array(0), Array(1), Array(1), Array(1), Array(1)]
 843piece {type: 'empty', color: 'none', hasMoved: false, position: Array(0), index: 16} 843piece.color none 843opponentColor black 843currentColor white
 843matchFoundInDirection 2
 847piece.type knight checkPosition (2) [7, 1] lastPosition (2) [7, 1] gameState {board: Array(8), history: Array(0), turn: 'white', username1: null, username2: '', …} piece {id: 17, type: 'knight', position: Array(2), color: 'white'} position (2) [7, 1] playerNumber 2 lastPosition (2) [7, 1] matchFoundInDirection 2 currentColor white
 7322isCheckParams {board: Array(8), history: Array(0), turn: 'white', username1: null, username2: '', …} (16) [Array(4), Array(3), Array(0), Array(7), Array(0), Array(0), Array(4), Array(3), Array(0), Array(0), Array(1), Array(1), Array(0), Array(0), Array(1), Array(1)] 1 (2) [7, 1] {id: 17, type: 'knight', position: Array(2), color: 'white'} (2) [7, 1] 2 (2) [7, 1] 2 white
 7322threateningSquares (16) [Array(4), Array(3), Array(0), Array(7), Array(0), Array(0), Array(4), Array(3), Array(0), Array(0), Array(1), Array(1), Array(0), Array(0), Array(1), Array(1)]
 7322gameState {board: Array(8), history: Array(0), turn: 'white', username1: null, username2: '', …}
 5556pieceLastPosition (2) [7, 1] undefined
 999King position: (2) [7, 4] (2) [7, 1] (2) [7, 4]
 999Current direction: (2) [0, -1]
 999New position: (2) [7, 3]
 999New position: (2) [7, 2]
 999New position: (2) [7, 1]
 999New position: (2) [7, 0]
 999New position: (2) [7, -1]
 999Current direction: (2) [0, 1]
 999New position: (2) [7, 5]
 999New position: (2) [7, 6]
 999New position: (2) [7, 7]
 999New position: (2) [7, 8]
 999Current direction: (2) [-1, 0]
 999New position: (2) [6, 4]
 999New position: (2) [5, 4]
 999New position: (2) [4, 4]
 999New position: (2) [3, 4]
 999New position: (2) [2, 4]
 999New position: (2) [1, 4]
 999New position: (2) [0, 4]
 999Current direction: (2) [1, 0]
 999New position: (2) [8, 4]
 999Current direction: (2) [-1, -1]
 999New position: (2) [6, 3]
 999New position: (2) [5, 2]
 999New position: (2) [4, 1]
 999New position: (2) [3, 0]
 999New position: (2) [2, -1]
 999Current direction: (2) [-1, 1]
 999New position: (2) [6, 5]
 999New position: (2) [5, 6]
 999New position: (2) [4, 7]
 999New position: (2) [3, 8]
 999Current direction: (2) [1, -1]
 999New position: (2) [8, 3]
 999Current direction: (2) [1, 1]
 999New position: (2) [8, 5]
 999Current direction: (2) [-2, -1]
 999New position: (2) [5, 3]
 999Current direction: (2) [-2, 1]
 999New position: (2) [5, 5]
 999Current direction: (2) [2, -1]
 999New position: (2) [9, 3]
 999Current direction: (2) [2, 1]
 999New position: (2) [9, 5]
 999Current direction: (2) [-1, -2]
 999New position: (2) [6, 2]
 999Current direction: (2) [-1, 2]
 999New position: (2) [6, 6]
 999Current direction: (2) [1, -2]
 999New position: (2) [8, 2]
 999Current direction: (2) [1, 2]
 999New position: (2) [8, 6]
 999Calculated squares: (16) [Array(4), Array(3), Array(7), Array(0), Array(4), Array(3), Array(0), Array(0), Array(1), Array(1), Array(0), Array(0), Array(1), Array(1), Array(0), Array(0)]
 Updated threateningSquaresCopy for check evaluation: (16) [Array(4), Array(3), Array(7), Array(0), Array(4), Array(3), Array(0), Array(0), Array(1), Array(1), Array(0), Array(0), Array(1), Array(1), Array(0), Array(0)]
 7322gameState.history.length 0
 7322canBlockParams (16) [Array(4), Array(3), Array(0), Array(7), Array(0), Array(0), Array(4), Array(3), Array(0), Array(0), Array(1), Array(1), Array(0), Array(0), Array(1), Array(1)] (2) [7, 1] white
 7322currentPlayerPieces (16) [{…}, {…}, {…}, {…}, {…}, {…}, {…}, {…}, {…}, {…}, {…}, {…}, {…}, {…}, {…}, {…}]
 5556threateningSquares (16) [Array(4), Array(3), Array(0), Array(7), Array(0), Array(0), Array(4), Array(3), Array(0), Array(0), Array(1), Array(1), Array(0), Array(0), Array(1), Array(1)] black
 7322threateningSquaresCopy (16) [Array(4), Array(3), Array(0), Array(7), Array(0), Array(0), Array(4), Array(3), Array(0), Array(0), Array(1), Array(1), Array(0), Array(0), Array(1), Array(1)]
 5556Iterating over direction 0 (4) [Array(2), Array(2), Array(2), Array(2)]
 5556color white black black true
 5556Opponent's piece found at square 0,3 white
 5556Iterating over direction 1 (3) [Array(2), Array(2), Array(2)]
 5556color white black black true
 5556Opponent's piece found at square 0,5 white
 5556Iterating over direction 2 []
 5556Row 2 is empty {board: Array(8), history: Array(0), turn: 'white', username1: null, username2: '', …} []
 5556Iterating over direction 3 (7) [Array(2), Array(2), Array(2), Array(2), Array(2), Array(2), Array(2)]
 5556color white black black true
 5556Opponent's piece found at square 1,4 white
 5556Iterating over direction 4 []
 5556Row 4 is empty {board: Array(8), history: Array(0), turn: 'white', username1: null, username2: '', …} []
 5556Iterating over direction 5 []
 5556Row 5 is empty {board: Array(8), history: Array(0), turn: 'white', username1: null, username2: '', …} []
 5556Iterating over direction 6 (4) [Array(2), Array(2), Array(2), Array(2)]
 5556color white black black true
 5556Opponent's piece found at square 1,3 white
 5556Iterating over direction 7 (3) [Array(2), Array(2), Array(2)]
 5556color white black black true
 5556Opponent's piece found at square 1,5 white
 5556Iterating over direction 8 []
 5556Row 8 is empty {board: Array(8), history: Array(0), turn: 'white', username1: null, username2: '', …} []
 5556Iterating over direction 9 []
 5556Row 9 is empty {board: Array(8), history: Array(0), turn: 'white', username1: null, username2: '', …} []
 5556Iterating over direction 10 [Array(2)]
 5556No opponent's knight at square 2,3 empty
 5556Iterating over direction 11 [Array(2)]
 5556No opponent's knight at square 2,5 empty
 5556Iterating over direction 12 []
 5556Row 12 is empty {board: Array(8), history: Array(0), turn: 'white', username1: null, username2: '', …} []
 5556Iterating over direction 13 []
 5556Row 13 is empty {board: Array(8), history: Array(0), turn: 'white', username1: null, username2: '', …} []
 5556Iterating over direction 14 [Array(2)]
 5556No opponent's knight at square 1,2 pawn
 5556Iterating over direction 15 [Array(2)]
 5556No opponent's knight at square 1,6 pawn
 5556Last direction is blank or not an current player's knight at square 1,6
 843firstTriggeringCurrentPiece undefined
 843firstTriggeringCurrentPieceIndex: -1
 843slicedCoordinates: []
 843firstTriggeringCurrentPieceIndex -1
 7322canBlockParams (16) [Array(4), Array(3), Array(0), Array(7), Array(0), Array(0), Array(4), Array(3), Array(0), Array(0), Array(1), Array(1), Array(0), Array(0), Array(1), Array(1)] (2) [7, 1] white
 7322currentPlayerPieces (16) [{…}, {…}, {…}, {…}, {…}, {…}, {…}, {…}, {…}, {…}, {…}, {…}, {…}, {…}, {…}, {…}]
 5556threateningSquares (16) [Array(4), Array(3), Array(0), Array(7), Array(0), Array(0), Array(4), Array(3), Array(0), Array(0), Array(1), Array(1), Array(0), Array(0), Array(1), Array(1)] black
 7322threateningSquaresCopy (16) [Array(4), Array(3), Array(0), Array(7), Array(0), Array(0), Array(4), Array(3), Array(0), Array(0), Array(1), Array(1), Array(0), Array(0), Array(1), Array(1)]
 5556Iterating over direction 0 (4) [Array(2), Array(2), Array(2), Array(2)]
 5556color white black black true
 5556Opponent's piece found at square 0,3 white
 5556Iterating over direction 1 (3) [Array(2), Array(2), Array(2)]
 5556color white black black true
 5556Opponent's piece found at square 0,5 white
 5556Iterating over direction 2 []
 5556Row 2 is empty {board: Array(8), history: Array(0), turn: 'white', username1: null, username2: '', …} []
 5556Iterating over direction 3 (7) [Array(2), Array(2), Array(2), Array(2), Array(2), Array(2), Array(2)]
 5556color white black black true
 5556Opponent's piece found at square 1,4 white
 5556Iterating over direction 4 []
 5556Row 4 is empty {board: Array(8), history: Array(0), turn: 'white', username1: null, username2: '', …} []
 5556Iterating over direction 5 []
 5556Row 5 is empty {board: Array(8), history: Array(0), turn: 'white', username1: null, username2: '', …} []
 5556Iterating over direction 6 (4) [Array(2), Array(2), Array(2), Array(2)]
 5556color white black black true
 5556Opponent's piece found at square 1,3 white
 5556Iterating over direction 7 (3) [Array(2), Array(2), Array(2)]
 5556color white black black true
 5556Opponent's piece found at square 1,5 white
 5556Iterating over direction 8 []
 5556Row 8 is empty {board: Array(8), history: Array(0), turn: 'white', username1: null, username2: '', …} []
 5556Iterating over direction 9 []
 5556Row 9 is empty {board: Array(8), history: Array(0), turn: 'white', username1: null, username2: '', …} []
 5556Iterating over direction 10 [Array(2)]
 5556No opponent's knight at square 2,3 empty
 5556Iterating over direction 11 [Array(2)]
 5556No opponent's knight at square 2,5 empty
 5556Iterating over direction 12 []
 5556Row 12 is empty {board: Array(8), history: Array(0), turn: 'white', username1: null, username2: '', …} []
 5556Iterating over direction 13 []
 5556Row 13 is empty {board: Array(8), history: Array(0), turn: 'white', username1: null, username2: '', …} []
 5556Iterating over direction 14 [Array(2)]
 5556No opponent's knight at square 1,2 pawn
 5556Iterating over direction 15 [Array(2)]
 5556No opponent's knight at square 1,6 pawn
 5556Last direction is blank or not an current player's knight at square 1,6
 7322isKingInCheck false
 843isKingInCheck false 843slicedThreateningSquares undefined 843directionIndex -1
 222getMovesForPiece {id: 17, type: 'knight', position: Array(2), color: 'white'} (2) [7, 1] {board: Array(8), history: Array(0), turn: 'white', username1: null, username2: '', …}
 getFixedMoves {id: 17, type: 'knight', position: Array(2), color: 'white'} (2) [7, 1] {board: Array(8), history: Array(0), turn: 'white', username1: null, username2: '', …} (8) [Array(2), Array(2), Array(2), Array(2), Array(2), Array(2), Array(2), Array(2)] (8) [Array(2), Array(2), null, null, null, null, null, null]
 222getMovesForPieceMoves (2) [Array(2), Array(2)]
 Returning moves: (2) [Array(2), Array(2)] {board: Array(8), history: Array(0), turn: 'white', username1: null, username2: '', …}
 843normalMoves (2) [Array(2), Array(2)]
 843filteredMoves []
 843tempGameState {board: Array(8), history: Array(0), turn: 'white', username1: null, username2: '', …} 843currentColor white 843gameState.threateningPiecesPositions[currentColor] {black: Array(16), white: Array(16)} piece position (2) [5, 0]
 999King position: (2) [7, 4] (2) [5, 0] (2) [7, 4]
 999Current direction: (2) [0, -1]
 999New position: (2) [7, 3]
 999New position: (2) [7, 2]
 999New position: (2) [7, 1]
 999New position: (2) [7, 0]
 999New position: (2) [7, -1]
 999Current direction: (2) [0, 1]
 999New position: (2) [7, 5]
 999New position: (2) [7, 6]
 999New position: (2) [7, 7]
 999New position: (2) [7, 8]
 999Current direction: (2) [-1, 0]
 999New position: (2) [6, 4]
 999New position: (2) [5, 4]
 999New position: (2) [4, 4]
 999New position: (2) [3, 4]
 999New position: (2) [2, 4]
 999New position: (2) [1, 4]
 999New position: (2) [0, 4]
 999Current direction: (2) [1, 0]
 999New position: (2) [8, 4]
 999Current direction: (2) [-1, -1]
 999New position: (2) [6, 3]
 999New position: (2) [5, 2]
 999New position: (2) [4, 1]
 999New position: (2) [3, 0]
 999New position: (2) [2, -1]
 999Current direction: (2) [-1, 1]
 999New position: (2) [6, 5]
 999New position: (2) [5, 6]
 999New position: (2) [4, 7]
 999New position: (2) [3, 8]
 999Current direction: (2) [1, -1]
 999New position: (2) [8, 3]
 999Current direction: (2) [1, 1]
 999New position: (2) [8, 5]
 999Current direction: (2) [-2, -1]
 999New position: (2) [5, 3]
 999Current direction: (2) [-2, 1]
 999New position: (2) [5, 5]
 999Current direction: (2) [2, -1]
 999New position: (2) [9, 3]
 999Current direction: (2) [2, 1]
 999New position: (2) [9, 5]
 999Current direction: (2) [-1, -2]
 999New position: (2) [6, 2]
 999Current direction: (2) [-1, 2]
 999New position: (2) [6, 6]
 999Current direction: (2) [1, -2]
 999New position: (2) [8, 2]
 999Current direction: (2) [1, 2]
 999New position: (2) [8, 6]
 999Calculated squares: (16) [Array(4), Array(3), Array(7), Array(0), Array(4), Array(3), Array(0), Array(0), Array(1), Array(1), Array(0), Array(0), Array(1), Array(1), Array(0), Array(0)]
 debugging 1: 7,3,7,2,7,1,7,0,7,5,7,6,7,7,6,4,5,4,4,4,3,4,2,4,1,4,0,4,,6,3,5,2,4,1,3,0,6,5,5,6,4,7,,,5,3,5,5,,,6,2,6,6,,
 Game State: {board: Array(8), history: Array(0), turn: 'white', username1: null, username2: '', …} Threatening Squares: (16) [Array(4), Array(3), Array(7), Array(0), Array(4), Array(3), Array(0), Array(0), Array(1), Array(1), Array(0), Array(0), Array(1), Array(1), Array(0), Array(0)] Opponent Player Number: 1 Check Position: (2) [7, 4] Piece: {id: 17, type: 'knight', position: Array(2), color: 'white'} Position: (2) [7, 1] Player Number: 2 Last Position: (2) [5, 0] Match Found In Direction: 2 Current Player Color: white
 7322threateningSquares (16) [Array(4), Array(3), Array(7), Array(0), Array(4), Array(3), Array(0), Array(0), Array(1), Array(1), Array(0), Array(0), Array(1), Array(1), Array(0), Array(0)]
 7322gameState {board: Array(8), history: Array(0), turn: 'white', username1: null, username2: '', …}
 5556pieceLastPosition (2) [5, 0]
 7322gameState.history.length 0
 7322gameState {board: Array(8), history: Array(0), turn: 'white', username1: null, username2: '', …}
 7322piece {id: 17, type: 'knight', position: Array(2), color: 'white'} undefined
 7322lastPosition (2) [5, 0]
 7322canBlockParams {board: Array(8), history: Array(0), turn: 'white', username1: null, username2: '', …} (16) [Array(4), Array(3), Array(7), Array(0), Array(4), Array(3), Array(0), Array(0), Array(1), Array(1), Array(0), Array(0), Array(1), Array(1), Array(0), Array(0)] (2) [7, 4] black
 7322threateningSquares (16) [Array(4), Array(3), Array(7), Array(0), Array(4), Array(3), Array(0), Array(0), Array(1), Array(1), Array(0), Array(0), Array(1), Array(1), Array(0), Array(0)]
 7322gameState {board: Array(8), history: Array(0), turn: 'white', username1: null, username2: '', …}
 7322currentPlayerPieces (16) [{…}, {…}, {…}, {…}, {…}, {…}, {…}, {…}, {…}, {…}, {…}, {…}, {…}, {…}, {…}, {…}]
 5556threateningSquares (16) [Array(4), Array(3), Array(7), Array(0), Array(4), Array(3), Array(0), Array(0), Array(1), Array(1), Array(0), Array(0), Array(1), Array(1), Array(0), Array(0)] white
 7322threateningSquaresCopy (16) [Array(4), Array(3), Array(7), Array(0), Array(4), Array(3), Array(0), Array(0), Array(1), Array(1), Array(0), Array(0), Array(1), Array(1), Array(0), Array(0)]
 5556Iterating over direction 0
 5556squarePiece (2) [7, 3] {type: 'queen', color: 'white', position: Array(2), hasMoved: false, index: 19} {board: Array(8), history: Array(0), turn: 'white', username1: null, username2: '', …}
 5556Iterating over square 7,3 with squarePiece color white {board: Array(8), history: Array(0), turn: 'white', username1: null, username2: '', …} {type: 'queen', color: 'white', position: Array(2), hasMoved: false, index: 19}
 5556color white black white
 5556Friendly's piece found at square 7,3 white
 5556Iterating over direction 1
 5556squarePiece (2) [7, 5] {type: 'bishop', color: 'white', position: Array(2), hasMoved: false, index: 21} {board: Array(8), history: Array(0), turn: 'white', username1: null, username2: '', …}
 5556Iterating over square 7,5 with squarePiece color white {board: Array(8), history: Array(0), turn: 'white', username1: null, username2: '', …} {type: 'bishop', color: 'white', position: Array(2), hasMoved: false, index: 21}
 5556color white black white
 5556Friendly's piece found at square 7,5 white
 5556Iterating over direction 2
 5556squarePiece (2) [6, 4] {type: 'pawn', color: 'white', position: Array(2), hasMoved: false, index: 28} {board: Array(8), history: Array(0), turn: 'white', username1: null, username2: '', …}
 5556Iterating over square 6,4 with squarePiece color white {board: Array(8), history: Array(0), turn: 'white', username1: null, username2: '', …} {type: 'pawn', color: 'white', position: Array(2), hasMoved: false, index: 28}
 5556color white black white
 5556Friendly's piece found at square 6,4 white
 5556Iterating over direction 3
 5556Row 3 is empty {board: Array(8), history: Array(0), turn: 'white', username1: null, username2: '', …}
 5556Iterating over direction 4
 5556squarePiece (2) [6, 3] {type: 'pawn', color: 'white', position: Array(2), hasMoved: false, index: 27} {board: Array(8), history: Array(0), turn: 'white', username1: null, username2: '', …}
 5556Iterating over square 6,3 with squarePiece color white {board: Array(8), history: Array(0), turn: 'white', username1: null, username2: '', …} {type: 'pawn', color: 'white', position: Array(2), hasMoved: false, index: 27}
 5556color white black white
 5556Friendly's piece found at square 6,3 white
 5556Iterating over direction 5
 5556squarePiece (2) [6, 5] {type: 'pawn', color: 'white', position: Array(2), hasMoved: false, index: 29} {board: Array(8), history: Array(0), turn: 'white', username1: null, username2: '', …}
 5556Iterating over square 6,5 with squarePiece color white {board: Array(8), history: Array(0), turn: 'white', username1: null, username2: '', …} {type: 'pawn', color: 'white', position: Array(2), hasMoved: false, index: 29}
 5556color white black white
 5556Friendly's piece found at square 6,5 white
 5556Iterating over direction 6
 5556Row 6 is empty {board: Array(8), history: Array(0), turn: 'white', username1: null, username2: '', …}
 5556Iterating over direction 7
 5556Row 7 is empty {board: Array(8), history: Array(0), turn: 'white', username1: null, username2: '', …}
 5556Iterating over direction 8
 5556squarePiece (2) [5, 3] {type: 'empty', color: 'none', hasMoved: false, position: Array(0), index: 16} {board: Array(8), history: Array(0), turn: 'white', username1: null, username2: '', …}
 5556Iterating over square 5,3 with squarePiece color none {board: Array(8), history: Array(0), turn: 'white', username1: null, username2: '', …} {type: 'empty', color: 'none', hasMoved: false, position: Array(0), index: 16}
 5556No piece or color at square 5,3
 5556Iterating over direction 9
 5556squarePiece (2) [5, 5] {type: 'empty', color: 'none', hasMoved: false, position: Array(0), index: 16} {board: Array(8), history: Array(0), turn: 'white', username1: null, username2: '', …}
 5556Iterating over square 5,5 with squarePiece color none {board: Array(8), history: Array(0), turn: 'white', username1: null, username2: '', …} {type: 'empty', color: 'none', hasMoved: false, position: Array(0), index: 16}
 5556No piece or color at square 5,5
 5556Iterating over direction 10
 5556Row 10 is empty {board: Array(8), history: Array(0), turn: 'white', username1: null, username2: '', …}
 5556Iterating over direction 11
 5556Row 11 is empty {board: Array(8), history: Array(0), turn: 'white', username1: null, username2: '', …}
 5556Iterating over direction 12
 5556squarePiece (2) [6, 2] {type: 'pawn', color: 'white', position: Array(2), hasMoved: false, index: 26} {board: Array(8), history: Array(0), turn: 'white', username1: null, username2: '', …}
 5556Iterating over square 6,2 with squarePiece color white {board: Array(8), history: Array(0), turn: 'white', username1: null, username2: '', …} {type: 'pawn', color: 'white', position: Array(2), hasMoved: false, index: 26}
 5556color white black white
 5556Friendly's piece found at square 6,2 white
 5556Iterating over direction 13
 5556squarePiece (2) [6, 6] {type: 'pawn', color: 'white', position: Array(2), hasMoved: false, index: 30} {board: Array(8), history: Array(0), turn: 'white', username1: null, username2: '', …}
 5556Iterating over square 6,6 with squarePiece color white {board: Array(8), history: Array(0), turn: 'white', username1: null, username2: '', …} {type: 'pawn', color: 'white', position: Array(2), hasMoved: false, index: 30}
 5556color white black white
 5556Friendly's piece found at square 6,6 white
 5556Iterating over direction 14
 5556Row 14 is empty {board: Array(8), history: Array(0), turn: 'white', username1: null, username2: '', …}
 5556Iterating over direction 15
 5556Row 15 is empty {board: Array(8), history: Array(0), turn: 'white', username1: null, username2: '', …}
 843firstTriggeringOpponentPiece undefined
 843threateningSquares (16) [Array(4), Array(3), Array(7), Array(0), Array(4), Array(3), Array(0), Array(0), Array(1), Array(1), Array(0), Array(0), Array(1), Array(1), Array(0), Array(0)] {board: Array(8), history: Array(0), turn: 'white', username1: null, username2: '', …} undefined -1 true
 843firstTriggeringOpponentPieceIndex: -1
 843slicedCoordinates: []
 843firstTriggeringOpponentPieceIndex -1
 7322isKingInCheck false
 7322King is not in check or checkmate.
 843checkDirection -1 {board: Array(8), history: Array(0), turn: 'white', username1: null, username2: '', …}
 843checkResult {isKingInCheck: false, loser: 'white', slicedThreateningSquares: Array(0), checkDirection: -1, firstTriggeringOpponentPiece: undefined, …} []
 843moves [Array(0)]
 843tempGameState {board: Array(8), history: Array(0), turn: 'white', username1: null, username2: '', …} 843currentColor white 843gameState.threateningPiecesPositions[currentColor] {black: Array(16), white: Array(16)} piece position (2) [5, 2]
 999King position: (2) [7, 4] (2) [5, 2] (2) [7, 4]
 999Current direction: (2) [0, -1]
 999New position: (2) [7, 3]
 999New position: (2) [7, 2]
 999New position: (2) [7, 1]
 999New position: (2) [7, 0]
 999New position: (2) [7, -1]
 999Current direction: (2) [0, 1]
 999New position: (2) [7, 5]
 999New position: (2) [7, 6]
 999New position: (2) [7, 7]
 999New position: (2) [7, 8]
 999Current direction: (2) [-1, 0]
 999New position: (2) [6, 4]
 999New position: (2) [5, 4]
 999New position: (2) [4, 4]
 999New position: (2) [3, 4]
 999New position: (2) [2, 4]
 999New position: (2) [1, 4]
 999New position: (2) [0, 4]
 999Current direction: (2) [1, 0]
 999New position: (2) [8, 4]
 999Current direction: (2) [-1, -1]
 999New position: (2) [6, 3]
 999New position: (2) [5, 2]
 999New position: (2) [4, 1]
 999New position: (2) [3, 0]
 999New position: (2) [2, -1]
 999Current direction: (2) [-1, 1]
 999New position: (2) [6, 5]
 999New position: (2) [5, 6]
 999New position: (2) [4, 7]
 999New position: (2) [3, 8]
 999Current direction: (2) [1, -1]
 999New position: (2) [8, 3]
 999Current direction: (2) [1, 1]
 999New position: (2) [8, 5]
 999Current direction: (2) [-2, -1]
 999New position: (2) [5, 3]
 999Current direction: (2) [-2, 1]
 999New position: (2) [5, 5]
 999Current direction: (2) [2, -1]
 999New position: (2) [9, 3]
 999Current direction: (2) [2, 1]
 999New position: (2) [9, 5]
 999Current direction: (2) [-1, -2]
 999New position: (2) [6, 2]
 999Current direction: (2) [-1, 2]
 999New position: (2) [6, 6]
 999Current direction: (2) [1, -2]
 999New position: (2) [8, 2]
 999Current direction: (2) [1, 2]
 999New position: (2) [8, 6]
 999Calculated squares: (16) [Array(4), Array(3), Array(7), Array(0), Array(4), Array(3), Array(0), Array(0), Array(1), Array(1), Array(0), Array(0), Array(1), Array(1), Array(0), Array(0)]
 debugging 1: 7,3,7,2,7,1,7,0,7,5,7,6,7,7,6,4,5,4,4,4,3,4,2,4,1,4,0,4,,6,3,5,2,4,1,3,0,6,5,5,6,4,7,,,5,3,5,5,,,6,2,6,6,,
 Game State: {board: Array(8), history: Array(0), turn: 'white', username1: null, username2: '', …} Threatening Squares: (16) [Array(4), Array(3), Array(7), Array(0), Array(4), Array(3), Array(0), Array(0), Array(1), Array(1), Array(0), Array(0), Array(1), Array(1), Array(0), Array(0)] Opponent Player Number: 1 Check Position: (2) [7, 4] Piece: {id: 17, type: 'knight', position: Array(2), color: 'white'} Position: (2) [7, 1] Player Number: 2 Last Position: (2) [5, 2] Match Found In Direction: 2 Current Player Color: white
 7322threateningSquares (16) [Array(4), Array(3), Array(7), Array(0), Array(4), Array(3), Array(0), Array(0), Array(1), Array(1), Array(0), Array(0), Array(1), Array(1), Array(0), Array(0)]
 7322gameState {board: Array(8), history: Array(0), turn: 'white', username1: null, username2: '', …}
 5556pieceLastPosition (2) [5, 2]
 7322gameState.history.length 0
 7322gameState {board: Array(8), history: Array(0), turn: 'white', username1: null, username2: '', …}
 7322piece {id: 17, type: 'knight', position: Array(2), color: 'white'} undefined
 7322lastPosition (2) [5, 2]
 7322canBlockParams {board: Array(8), history: Array(0), turn: 'white', username1: null, username2: '', …} (16) [Array(4), Array(3), Array(7), Array(0), Array(4), Array(3), Array(0), Array(0), Array(1), Array(1), Array(0), Array(0), Array(1), Array(1), Array(0), Array(0)] (2) [7, 4] black
 7322threateningSquares (16) [Array(4), Array(3), Array(7), Array(0), Array(4), Array(3), Array(0), Array(0), Array(1), Array(1), Array(0), Array(0), Array(1), Array(1), Array(0), Array(0)]
 7322gameState {board: Array(8), history: Array(0), turn: 'white', username1: null, username2: '', …}
 7322currentPlayerPieces (16) [{…}, {…}, {…}, {…}, {…}, {…}, {…}, {…}, {…}, {…}, {…}, {…}, {…}, {…}, {…}, {…}]
 5556threateningSquares (16) [Array(4), Array(3), Array(7), Array(0), Array(4), Array(3), Array(0), Array(0), Array(1), Array(1), Array(0), Array(0), Array(1), Array(1), Array(0), Array(0)] white
 7322threateningSquaresCopy (16) [Array(4), Array(3), Array(7), Array(0), Array(4), Array(3), Array(0), Array(0), Array(1), Array(1), Array(0), Array(0), Array(1), Array(1), Array(0), Array(0)]
 5556Iterating over direction 0
 5556squarePiece (2) [7, 3] {type: 'queen', color: 'white', position: Array(2), hasMoved: false, index: 19} {board: Array(8), history: Array(0), turn: 'white', username1: null, username2: '', …}
 5556Iterating over square 7,3 with squarePiece color white {board: Array(8), history: Array(0), turn: 'white', username1: null, username2: '', …} {type: 'queen', color: 'white', position: Array(2), hasMoved: false, index: 19}
 5556color white black white
 5556Friendly's piece found at square 7,3 white
 5556Iterating over direction 1
 5556squarePiece (2) [7, 5] {type: 'bishop', color: 'white', position: Array(2), hasMoved: false, index: 21} {board: Array(8), history: Array(0), turn: 'white', username1: null, username2: '', …}
 5556Iterating over square 7,5 with squarePiece color white {board: Array(8), history: Array(0), turn: 'white', username1: null, username2: '', …} {type: 'bishop', color: 'white', position: Array(2), hasMoved: false, index: 21}
 5556color white black white
 5556Friendly's piece found at square 7,5 white
 5556Iterating over direction 2
 5556squarePiece (2) [6, 4] {type: 'pawn', color: 'white', position: Array(2), hasMoved: false, index: 28} {board: Array(8), history: Array(0), turn: 'white', username1: null, username2: '', …}
 5556Iterating over square 6,4 with squarePiece color white {board: Array(8), history: Array(0), turn: 'white', username1: null, username2: '', …} {type: 'pawn', color: 'white', position: Array(2), hasMoved: false, index: 28}
 5556color white black white
 5556Friendly's piece found at square 6,4 white
 5556Iterating over direction 3
 5556Row 3 is empty {board: Array(8), history: Array(0), turn: 'white', username1: null, username2: '', …}
 5556Iterating over direction 4
 5556squarePiece (2) [6, 3] {type: 'pawn', color: 'white', position: Array(2), hasMoved: false, index: 27} {board: Array(8), history: Array(0), turn: 'white', username1: null, username2: '', …}
 5556Iterating over square 6,3 with squarePiece color white {board: Array(8), history: Array(0), turn: 'white', username1: null, username2: '', …} {type: 'pawn', color: 'white', position: Array(2), hasMoved: false, index: 27}
 5556color white black white
 5556Friendly's piece found at square 6,3 white
 5556Iterating over direction 5
 5556squarePiece (2) [6, 5] {type: 'pawn', color: 'white', position: Array(2), hasMoved: false, index: 29} {board: Array(8), history: Array(0), turn: 'white', username1: null, username2: '', …}
 5556Iterating over square 6,5 with squarePiece color white {board: Array(8), history: Array(0), turn: 'white', username1: null, username2: '', …} {type: 'pawn', color: 'white', position: Array(2), hasMoved: false, index: 29}
 5556color white black white
 5556Friendly's piece found at square 6,5 white
 5556Iterating over direction 6
 5556Row 6 is empty {board: Array(8), history: Array(0), turn: 'white', username1: null, username2: '', …}
 5556Iterating over direction 7
 5556Row 7 is empty {board: Array(8), history: Array(0), turn: 'white', username1: null, username2: '', …}
 5556Iterating over direction 8
 5556squarePiece (2) [5, 3] {type: 'empty', color: 'none', hasMoved: false, position: Array(0), index: 16} {board: Array(8), history: Array(0), turn: 'white', username1: null, username2: '', …}
 5556Iterating over square 5,3 with squarePiece color none {board: Array(8), history: Array(0), turn: 'white', username1: null, username2: '', …} {type: 'empty', color: 'none', hasMoved: false, position: Array(0), index: 16}
 5556No piece or color at square 5,3
 5556Iterating over direction 9
 5556squarePiece (2) [5, 5] {type: 'empty', color: 'none', hasMoved: false, position: Array(0), index: 16} {board: Array(8), history: Array(0), turn: 'white', username1: null, username2: '', …}
 5556Iterating over square 5,5 with squarePiece color none {board: Array(8), history: Array(0), turn: 'white', username1: null, username2: '', …} {type: 'empty', color: 'none', hasMoved: false, position: Array(0), index: 16}
 5556No piece or color at square 5,5
 5556Iterating over direction 10
 5556Row 10 is empty {board: Array(8), history: Array(0), turn: 'white', username1: null, username2: '', …}
 5556Iterating over direction 11
 5556Row 11 is empty {board: Array(8), history: Array(0), turn: 'white', username1: null, username2: '', …}
 5556Iterating over direction 12
 5556squarePiece (2) [6, 2] {type: 'pawn', color: 'white', position: Array(2), hasMoved: false, index: 26} {board: Array(8), history: Array(0), turn: 'white', username1: null, username2: '', …}
 5556Iterating over square 6,2 with squarePiece color white {board: Array(8), history: Array(0), turn: 'white', username1: null, username2: '', …} {type: 'pawn', color: 'white', position: Array(2), hasMoved: false, index: 26}
 5556color white black white
 5556Friendly's piece found at square 6,2 white
 5556Iterating over direction 13
 5556squarePiece (2) [6, 6] {type: 'pawn', color: 'white', position: Array(2), hasMoved: false, index: 30} {board: Array(8), history: Array(0), turn: 'white', username1: null, username2: '', …}
 5556Iterating over square 6,6 with squarePiece color white {board: Array(8), history: Array(0), turn: 'white', username1: null, username2: '', …} {type: 'pawn', color: 'white', position: Array(2), hasMoved: false, index: 30}
 5556color white black white
 5556Friendly's piece found at square 6,6 white
 5556Iterating over direction 14
 5556Row 14 is empty {board: Array(8), history: Array(0), turn: 'white', username1: null, username2: '', …}
 5556Iterating over direction 15
 5556Row 15 is empty {board: Array(8), history: Array(0), turn: 'white', username1: null, username2: '', …}
 843firstTriggeringOpponentPiece undefined
 843threateningSquares (16) [Array(4), Array(3), Array(7), Array(0), Array(4), Array(3), Array(0), Array(0), Array(1), Array(1), Array(0), Array(0), Array(1), Array(1), Array(0), Array(0)] {board: Array(8), history: Array(0), turn: 'white', username1: null, username2: '', …} undefined -1 true
 843firstTriggeringOpponentPieceIndex: -1
 843slicedCoordinates: []
 843firstTriggeringOpponentPieceIndex -1
 7322isKingInCheck false
 7322King is not in check or checkmate.
 843checkDirection -1 {board: Array(8), history: Array(0), turn: 'white', username1: null, username2: '', …}
 843checkResult {isKingInCheck: false, loser: 'white', slicedThreateningSquares: Array(0), checkDirection: -1, firstTriggeringOpponentPiece: undefined, …} []
 843moves (2) [Array(0), Array(0)]
 843normalMoves (2) [Array(2), Array(2)] []
 843normalMoves (2) [Array(2), Array(2)] []
 843moves (2) [Array(0), Array(0)] (2) [Array(2), Array(2)]
 Checking move 0: []
 Comparing with normalMove 0: (2) [5, 0] (2) [Array(2), Array(2)]
 Comparing with normalMove 1: (2) [5, 2] (2) [Array(2), Array(2)]
 Move 0 not found in normalMoves, errorFound set to true
 Some moves may have inconsistent format, but proceeding anyway
overrideMethod @ installHook.js:1
validMoves @ validMoves.ts:569
(anonymous) @ aiEngine.ts:22
getRandomMove @ aiEngine.ts:19
getAIMove @ aiEngine.ts:6
makeAIMove @ App.tsx:199
await in makeAIMove
(anonymous) @ App.tsx:246
(anonymous) @ App.tsx:252
setTimeout
(anonymous) @ App.tsx:251
commitHookEffectListMount @ chunk-X3B7SAOS.js:16904
commitPassiveMountOnFiber @ chunk-X3B7SAOS.js:18152
commitPassiveMountEffects_complete @ chunk-X3B7SAOS.js:18125
commitPassiveMountEffects_begin @ chunk-X3B7SAOS.js:18115
commitPassiveMountEffects @ chunk-X3B7SAOS.js:18105
flushPassiveEffectsImpl @ chunk-X3B7SAOS.js:19486
flushPassiveEffects @ chunk-X3B7SAOS.js:19443
performSyncWorkOnRoot @ chunk-X3B7SAOS.js:18864
flushSyncCallbacks @ chunk-X3B7SAOS.js:9135
commitRootImpl @ chunk-X3B7SAOS.js:19428
commitRoot @ chunk-X3B7SAOS.js:19273
finishConcurrentRender @ chunk-X3B7SAOS.js:18801
performConcurrentWorkOnRoot @ chunk-X3B7SAOS.js:18714
workLoop @ chunk-X3B7SAOS.js:197
flushWork @ chunk-X3B7SAOS.js:176
performWorkUntilDeadline @ chunk-X3B7SAOS.js:384
 302validMoves piece {id: 18, type: 'bishop', position: Array(2), color: 'white'} position (2) [7, 2] gameState {board: Array(8), history: Array(0), turn: 'white', username1: null, username2: '', …} playerNumber 2 lastPosition (2) [7, 2]
 7778tempGameState 7 7778pieceLastPosition 7 7778piece 4 7778tempKing 2 tempGameState {board: Array(8), history: Array(0), turn: 'white', username1: null, username2: '', …}
 843hypotheticalGameState {board: Array(8), history: Array(0), turn: 'white', username1: null, username2: '', …} 843piece.position (2) [7, 2] 843lastPosition (2) [7, 2]
 843checkDirection 0 843threateningPieceIndex 0 (16) [Array(4), Array(3), Array(7), Array(0), Array(4), Array(3), Array(0), Array(0), Array(1), Array(1), Array(0), Array(0), Array(1), Array(1), Array(0), Array(0)]
 843piece {type: 'queen', color: 'white', position: Array(2), hasMoved: false, index: 19} 843piece.color white 843opponentColor black 843currentColor white
 843checkDirection 1 843threateningPieceIndex 0 (16) [Array(4), Array(3), Array(7), Array(0), Array(4), Array(3), Array(0), Array(0), Array(1), Array(1), Array(0), Array(0), Array(1), Array(1), Array(0), Array(0)]
 843piece {type: 'bishop', color: 'white', position: Array(2), hasMoved: false, index: 21} 843piece.color white 843opponentColor black 843currentColor white
 843checkDirection 2 843threateningPieceIndex 0 (16) [Array(4), Array(3), Array(7), Array(0), Array(4), Array(3), Array(0), Array(0), Array(1), Array(1), Array(0), Array(0), Array(1), Array(1), Array(0), Array(0)]
 843piece {type: 'pawn', color: 'white', position: Array(2), hasMoved: false, index: 28} 843piece.color white 843opponentColor black 843currentColor white
validMoves.ts:54 77722piece.position (2) [0, 4]
validMoves.ts:62 843checkDirection 3 843threateningPieceIndex 0 (16) [Array(0), Array(7), Array(4), Array(3), Array(0), Array(0), Array(4), Array(3), Array(0), Array(0), Array(0), Array(0), Array(1), Array(1), Array(1), Array(1)]
validMoves.ts:67 843piece {type: 'bishop', color: 'black', position: Array(2), hasMoved: false, index: 5} 843piece.color black 843opponentColor black 843currentColor white
validMoves.ts:54 77722piece.position (2) [0, 4]
validMoves.ts:54 77722piece.position (2) [0, 4]
validMoves.ts:62 843checkDirection 6 843threateningPieceIndex 0 (16) [Array(0), Array(7), Array(4), Array(3), Array(0), Array(0), Array(4), Array(3), Array(0), Array(0), Array(0), Array(0), Array(1), Array(1), Array(1), Array(1)]
validMoves.ts:67 843piece {type: 'pawn', color: 'black', position: Array(2), hasMoved: false, index: 11} 843piece.color black 843opponentColor black 843currentColor white
validMoves.ts:62 843checkDirection 7 843threateningPieceIndex 0 (16) [Array(0), Array(7), Array(4), Array(3), Array(0), Array(0), Array(4), Array(3), Array(0), Array(0), Array(0), Array(0), Array(1), Array(1), Array(1), Array(1)]
validMoves.ts:67 843piece {type: 'pawn', color: 'black', position: Array(2), hasMoved: false, index: 13} 843piece.color black 843opponentColor black 843currentColor white
validMoves.ts:54 77722piece.position (2) [0, 4]
validMoves.ts:54 77722piece.position (2) [0, 4]
validMoves.ts:54 77722piece.position (2) [0, 4]
validMoves.ts:54 77722piece.position (2) [0, 4]
validMoves.ts:62 843checkDirection 12 843threateningPieceIndex 0 (16) [Array(0), Array(7), Array(4), Array(3), Array(0), Array(0), Array(4), Array(3), Array(0), Array(0), Array(0), Array(0), Array(1), Array(1), Array(1), Array(1)]
validMoves.ts:67 843piece {type: 'pawn', color: 'black', position: Array(2), hasMoved: false, index: 10} 843piece.color black 843opponentColor black 843currentColor white
validMoves.ts:62 843checkDirection 13 843threateningPieceIndex 0 (16) [Array(0), Array(7), Array(4), Array(3), Array(0), Array(0), Array(4), Array(3), Array(0), Array(0), Array(0), Array(0), Array(1), Array(1), Array(1), Array(1)]
validMoves.ts:67 843piece {type: 'pawn', color: 'black', position: Array(2), hasMoved: false, index: 14} 843piece.color black 843opponentColor black 843currentColor white
validMoves.ts:62 843checkDirection 14 843threateningPieceIndex 0 (16) [Array(0), Array(7), Array(4), Array(3), Array(0), Array(0), Array(4), Array(3), Array(0), Array(0), Array(0), Array(0), Array(1), Array(1), Array(1), Array(1)]
validMoves.ts:67 843piece {type: 'empty', color: 'none', hasMoved: false, position: Array(0), index: 16} 843piece.color none 843opponentColor black 843currentColor white
validMoves.ts:62 843checkDirection 15 843threateningPieceIndex 0 (16) [Array(0), Array(7), Array(4), Array(3), Array(0), Array(0), Array(4), Array(3), Array(0), Array(0), Array(0), Array(0), Array(1), Array(1), Array(1), Array(1)]
validMoves.ts:67 843piece {type: 'empty', color: 'none', hasMoved: false, position: Array(0), index: 16} 843piece.color none 843opponentColor black 843currentColor white
validMoves.ts:178 843matchFoundInDirection 2
validMoves.ts:439 847piece.type bishop checkPosition (2) [7, 2] lastPosition (2) [7, 2] gameState {board: Array(8), history: Array(0), turn: 'white', username1: null, username2: '', …} piece {id: 18, type: 'bishop', position: Array(2), color: 'white'} position (2) [7, 2] playerNumber 2 lastPosition (2) [7, 2] matchFoundInDirection 2 currentColor white
isCheckOpponent.ts:69 7322isCheckParams {board: Array(8), history: Array(0), turn: 'white', username1: null, username2: '', …} (16) [Array(4), Array(3), Array(0), Array(7), Array(0), Array(0), Array(4), Array(3), Array(0), Array(0), Array(1), Array(1), Array(0), Array(0), Array(1), Array(1)] 1 (2) [7, 2] {id: 18, type: 'bishop', position: Array(2), color: 'white'} (2) [7, 2] 2 (2) [7, 2] 2 white
isCheckOpponent.ts:70 7322threateningSquares (16) [Array(4), Array(3), Array(0), Array(7), Array(0), Array(0), Array(4), Array(3), Array(0), Array(0), Array(1), Array(1), Array(0), Array(0), Array(1), Array(1)]
isCheckOpponent.ts:71 7322gameState {board: Array(8), history: Array(0), turn: 'white', username1: null, username2: '', …}
isCheckOpponent.ts:82 5556pieceLastPosition (2) [7, 2] undefined
calculateThreateningSquares.ts:15 999King position: (2) [7, 4] (2) [7, 2] (2) [7, 4]
calculateThreateningSquares.ts:31 999Current direction: (2) [0, -1]
calculateThreateningSquares.ts:49 999New position: (2) [7, 3]
calculateThreateningSquares.ts:49 999New position: (2) [7, 2]
calculateThreateningSquares.ts:49 999New position: (2) [7, 1]
calculateThreateningSquares.ts:49 999New position: (2) [7, 0]
calculateThreateningSquares.ts:49 999New position: (2) [7, -1]
calculateThreateningSquares.ts:31 999Current direction: (2) [0, 1]
calculateThreateningSquares.ts:49 999New position: (2) [7, 5]
calculateThreateningSquares.ts:49 999New position: (2) [7, 6]
calculateThreateningSquares.ts:49 999New position: (2) [7, 7]
calculateThreateningSquares.ts:49 999New position: (2) [7, 8]
calculateThreateningSquares.ts:31 999Current direction: (2) [-1, 0]
calculateThreateningSquares.ts:49 999New position: (2) [6, 4]
calculateThreateningSquares.ts:49 999New position: (2) [5, 4]
calculateThreateningSquares.ts:49 999New position: (2) [4, 4]
calculateThreateningSquares.ts:49 999New position: (2) [3, 4]
calculateThreateningSquares.ts:49 999New position: (2) [2, 4]
calculateThreateningSquares.ts:49 999New position: (2) [1, 4]
calculateThreateningSquares.ts:49 999New position: (2) [0, 4]
calculateThreateningSquares.ts:31 999Current direction: (2) [1, 0]
calculateThreateningSquares.ts:49 999New position: (2) [8, 4]
calculateThreateningSquares.ts:31 999Current direction: (2) [-1, -1]
calculateThreateningSquares.ts:49 999New position: (2) [6, 3]
calculateThreateningSquares.ts:49 999New position: (2) [5, 2]
calculateThreateningSquares.ts:49 999New position: (2) [4, 1]
calculateThreateningSquares.ts:49 999New position: (2) [3, 0]
calculateThreateningSquares.ts:49 999New position: (2) [2, -1]
calculateThreateningSquares.ts:31 999Current direction: (2) [-1, 1]
calculateThreateningSquares.ts:49 999New position: (2) [6, 5]
calculateThreateningSquares.ts:49 999New position: (2) [5, 6]
calculateThreateningSquares.ts:49 999New position: (2) [4, 7]
calculateThreateningSquares.ts:49 999New position: (2) [3, 8]
calculateThreateningSquares.ts:31 999Current direction: (2) [1, -1]
calculateThreateningSquares.ts:49 999New position: (2) [8, 3]
calculateThreateningSquares.ts:31 999Current direction: (2) [1, 1]
calculateThreateningSquares.ts:49 999New position: (2) [8, 5]
calculateThreateningSquares.ts:31 999Current direction: (2) [-2, -1]
calculateThreateningSquares.ts:37 999New position: (2) [5, 3]
calculateThreateningSquares.ts:31 999Current direction: (2) [-2, 1]
calculateThreateningSquares.ts:37 999New position: (2) [5, 5]
calculateThreateningSquares.ts:31 999Current direction: (2) [2, -1]
calculateThreateningSquares.ts:37 999New position: (2) [9, 3]
calculateThreateningSquares.ts:31 999Current direction: (2) [2, 1]
calculateThreateningSquares.ts:37 999New position: (2) [9, 5]
calculateThreateningSquares.ts:31 999Current direction: (2) [-1, -2]
calculateThreateningSquares.ts:37 999New position: (2) [6, 2]
calculateThreateningSquares.ts:31 999Current direction: (2) [-1, 2]
calculateThreateningSquares.ts:37 999New position: (2) [6, 6]
calculateThreateningSquares.ts:31 999Current direction: (2) [1, -2]
calculateThreateningSquares.ts:37 999New position: (2) [8, 2]
calculateThreateningSquares.ts:31 999Current direction: (2) [1, 2]
calculateThreateningSquares.ts:37 999New position: (2) [8, 6]
calculateThreateningSquares.ts:59 999Calculated squares: (16) [Array(4), Array(3), Array(7), Array(0), Array(4), Array(3), Array(0), Array(0), Array(1), Array(1), Array(0), Array(0), Array(1), Array(1), Array(0), Array(0)]
isCheckOpponent.ts:143 Updated threateningSquaresCopy for check evaluation: (16) [Array(4), Array(3), Array(7), Array(0), Array(4), Array(3), Array(0), Array(0), Array(1), Array(1), Array(0), Array(0), Array(1), Array(1), Array(0), Array(0)]
isCheckOpponent.ts:371 7322gameState.history.length 0
isCheckOpponent.ts:214 7322canBlockParams (16) [Array(4), Array(3), Array(0), Array(7), Array(0), Array(0), Array(4), Array(3), Array(0), Array(0), Array(1), Array(1), Array(0), Array(0), Array(1), Array(1)] (2) [7, 2] white
isCheckOpponent.ts:226 7322currentPlayerPieces (16) [{…}, {…}, {…}, {…}, {…}, {…}, {…}, {…}, {…}, {…}, {…}, {…}, {…}, {…}, {…}, {…}]
isCheckOpponent.ts:227 5556threateningSquares (16) [Array(4), Array(3), Array(0), Array(7), Array(0), Array(0), Array(4), Array(3), Array(0), Array(0), Array(1), Array(1), Array(0), Array(0), Array(1), Array(1)] black
isCheckOpponent.ts:230 7322threateningSquaresCopy (16) [Array(4), Array(3), Array(0), Array(7), Array(0), Array(0), Array(4), Array(3), Array(0), Array(0), Array(1), Array(1), Array(0), Array(0), Array(1), Array(1)]
isCheckOpponent.ts:240 5556Iterating over direction 0 (4) [Array(2), Array(2), Array(2), Array(2)]
isCheckOpponent.ts:268 5556color white black black true
isCheckOpponent.ts:270 5556Opponent's piece found at square 0,3 white
isCheckOpponent.ts:240 5556Iterating over direction 1 (3) [Array(2), Array(2), Array(2)]
isCheckOpponent.ts:268 5556color white black black true
isCheckOpponent.ts:270 5556Opponent's piece found at square 0,5 white
isCheckOpponent.ts:240 5556Iterating over direction 2 []
isCheckOpponent.ts:243 5556Row 2 is empty {board: Array(8), history: Array(0), turn: 'white', username1: null, username2: '', …} []
isCheckOpponent.ts:240 5556Iterating over direction 3 (7) [Array(2), Array(2), Array(2), Array(2), Array(2), Array(2), Array(2)]
isCheckOpponent.ts:268 5556color white black black true
isCheckOpponent.ts:270 5556Opponent's piece found at square 1,4 white
isCheckOpponent.ts:240 5556Iterating over direction 4 []
isCheckOpponent.ts:243 5556Row 4 is empty {board: Array(8), history: Array(0), turn: 'white', username1: null, username2: '', …} []
isCheckOpponent.ts:240 5556Iterating over direction 5 []
isCheckOpponent.ts:243 5556Row 5 is empty {board: Array(8), history: Array(0), turn: 'white', username1: null, username2: '', …} []
isCheckOpponent.ts:240 5556Iterating over direction 6 (4) [Array(2), Array(2), Array(2), Array(2)]
isCheckOpponent.ts:268 5556color white black black true
isCheckOpponent.ts:270 5556Opponent's piece found at square 1,3 white
isCheckOpponent.ts:240 5556Iterating over direction 7 (3) [Array(2), Array(2), Array(2)]
isCheckOpponent.ts:268 5556color white black black true
isCheckOpponent.ts:270 5556Opponent's piece found at square 1,5 white
isCheckOpponent.ts:240 5556Iterating over direction 8 []
isCheckOpponent.ts:243 5556Row 8 is empty {board: Array(8), history: Array(0), turn: 'white', username1: null, username2: '', …} []
isCheckOpponent.ts:240 5556Iterating over direction 9 []
isCheckOpponent.ts:243 5556Row 9 is empty {board: Array(8), history: Array(0), turn: 'white', username1: null, username2: '', …} []
isCheckOpponent.ts:240 5556Iterating over direction 10 [Array(2)]
isCheckOpponent.ts:259 5556No opponent's knight at square 2,3 empty
isCheckOpponent.ts:240 5556Iterating over direction 11 [Array(2)]
isCheckOpponent.ts:259 5556No opponent's knight at square 2,5 empty
isCheckOpponent.ts:240 5556Iterating over direction 12 []
isCheckOpponent.ts:243 5556Row 12 is empty {board: Array(8), history: Array(0), turn: 'white', username1: null, username2: '', …} []
isCheckOpponent.ts:240 5556Iterating over direction 13 []
isCheckOpponent.ts:243 5556Row 13 is empty {board: Array(8), history: Array(0), turn: 'white', username1: null, username2: '', …} []
isCheckOpponent.ts:240 5556Iterating over direction 14 [Array(2)]
isCheckOpponent.ts:259 5556No opponent's knight at square 1,2 pawn
isCheckOpponent.ts:240 5556Iterating over direction 15 [Array(2)]
isCheckOpponent.ts:259 5556No opponent's knight at square 1,6 pawn
isCheckOpponent.ts:354 5556Last direction is blank or not an current player's knight at square 1,6
isCheckOpponent.ts:379 843firstTriggeringCurrentPiece undefined
isCheckOpponent.ts:416 843firstTriggeringCurrentPieceIndex: -1
isCheckOpponent.ts:417 843slicedCoordinates: []
isCheckOpponent.ts:439 843firstTriggeringCurrentPieceIndex -1
isCheckOpponent.ts:214 7322canBlockParams (16) [Array(4), Array(3), Array(0), Array(7), Array(0), Array(0), Array(4), Array(3), Array(0), Array(0), Array(1), Array(1), Array(0), Array(0), Array(1), Array(1)] (2) [7, 2] white
isCheckOpponent.ts:226 7322currentPlayerPieces (16) [{…}, {…}, {…}, {…}, {…}, {…}, {…}, {…}, {…}, {…}, {…}, {…}, {…}, {…}, {…}, {…}]
isCheckOpponent.ts:227 5556threateningSquares (16) [Array(4), Array(3), Array(0), Array(7), Array(0), Array(0), Array(4), Array(3), Array(0), Array(0), Array(1), Array(1), Array(0), Array(0), Array(1), Array(1)] black
isCheckOpponent.ts:230 7322threateningSquaresCopy (16) [Array(4), Array(3), Array(0), Array(7), Array(0), Array(0), Array(4), Array(3), Array(0), Array(0), Array(1), Array(1), Array(0), Array(0), Array(1), Array(1)]
isCheckOpponent.ts:240 5556Iterating over direction 0 (4) [Array(2), Array(2), Array(2), Array(2)]
isCheckOpponent.ts:268 5556color white black black true
isCheckOpponent.ts:270 5556Opponent's piece found at square 0,3 white
isCheckOpponent.ts:240 5556Iterating over direction 1 (3) [Array(2), Array(2), Array(2)]
isCheckOpponent.ts:268 5556color white black black true
isCheckOpponent.ts:270 5556Opponent's piece found at square 0,5 white
isCheckOpponent.ts:240 5556Iterating over direction 2 []
isCheckOpponent.ts:243 5556Row 2 is empty {board: Array(8), history: Array(0), turn: 'white', username1: null, username2: '', …} []
isCheckOpponent.ts:240 5556Iterating over direction 3 (7) [Array(2), Array(2), Array(2), Array(2), Array(2), Array(2), Array(2)]
isCheckOpponent.ts:268 5556color white black black true
isCheckOpponent.ts:270 5556Opponent's piece found at square 1,4 white
isCheckOpponent.ts:240 5556Iterating over direction 4 []
isCheckOpponent.ts:243 5556Row 4 is empty {board: Array(8), history: Array(0), turn: 'white', username1: null, username2: '', …} []
isCheckOpponent.ts:240 5556Iterating over direction 5 []
isCheckOpponent.ts:243 5556Row 5 is empty {board: Array(8), history: Array(0), turn: 'white', username1: null, username2: '', …} []
isCheckOpponent.ts:240 5556Iterating over direction 6 (4) [Array(2), Array(2), Array(2), Array(2)]
isCheckOpponent.ts:268 5556color white black black true
isCheckOpponent.ts:270 5556Opponent's piece found at square 1,3 white
isCheckOpponent.ts:240 5556Iterating over direction 7 (3) [Array(2), Array(2), Array(2)]
isCheckOpponent.ts:268 5556color white black black true
isCheckOpponent.ts:270 5556Opponent's piece found at square 1,5 white
isCheckOpponent.ts:240 5556Iterating over direction 8 []
isCheckOpponent.ts:243 5556Row 8 is empty {board: Array(8), history: Array(0), turn: 'white', username1: null, username2: '', …} []
isCheckOpponent.ts:240 5556Iterating over direction 9 []
isCheckOpponent.ts:243 5556Row 9 is empty {board: Array(8), history: Array(0), turn: 'white', username1: null, username2: '', …} []
isCheckOpponent.ts:240 5556Iterating over direction 10 [Array(2)]
isCheckOpponent.ts:259 5556No opponent's knight at square 2,3 empty
isCheckOpponent.ts:240 5556Iterating over direction 11 [Array(2)]
isCheckOpponent.ts:259 5556No opponent's knight at square 2,5 empty
isCheckOpponent.ts:240 5556Iterating over direction 12 []
isCheckOpponent.ts:243 5556Row 12 is empty {board: Array(8), history: Array(0), turn: 'white', username1: null, username2: '', …} []
isCheckOpponent.ts:240 5556Iterating over direction 13 []
isCheckOpponent.ts:243 5556Row 13 is empty {board: Array(8), history: Array(0), turn: 'white', username1: null, username2: '', …} []
isCheckOpponent.ts:240 5556Iterating over direction 14 [Array(2)]
isCheckOpponent.ts:259 5556No opponent's knight at square 1,2 pawn
isCheckOpponent.ts:240 5556Iterating over direction 15 [Array(2)]
isCheckOpponent.ts:259 5556No opponent's knight at square 1,6 pawn
isCheckOpponent.ts:354 5556Last direction is blank or not an current player's knight at square 1,6
isCheckOpponent.ts:463 7322isKingInCheck false
validMoves.ts:444 843isKingInCheck false 843slicedThreateningSquares undefined 843directionIndex -1
pieceMoves.ts:37 222getMovesForPiece {id: 18, type: 'bishop', position: Array(2), color: 'white'} (2) [7, 2] {board: Array(8), history: Array(0), turn: 'white', username1: null, username2: '', …}
pieceMoves.ts:132 222getLinearMoves {id: 18, type: 'bishop', position: Array(2), color: 'white'} (2) [7, 2] {board: Array(8), history: Array(0), turn: 'white', username1: null, username2: '', …}
pieceMoves.ts:145 989directions (4) [Array(2), Array(2), Array(2), Array(2)]
pieceMoves.ts:150 989newPosition (2) [6, 1] (2) [7, 2] -1 -1 0
pieceMoves.ts:156 989positions [Array(2)]
pieceMoves.ts:158 989pieceAtNewPosition {type: 'pawn', color: 'white', position: Array(2), hasMoved: false, index: 25}
pieceMoves.ts:167 989pieceAtNewPosition.type pawn
pieceMoves.ts:169 989pieceAtNewPosition.color white [Array(2)]
pieceMoves.ts:172 989positions []
pieceMoves.ts:178 989Positions for direction: (2) [-1, -1] []
pieceMoves.ts:150 989newPosition (2) [6, 3] (2) [7, 2] -1 1 0
pieceMoves.ts:156 989positions [Array(2)]
pieceMoves.ts:158 989pieceAtNewPosition {type: 'pawn', color: 'white', position: Array(2), hasMoved: false, index: 27}
pieceMoves.ts:167 989pieceAtNewPosition.type pawn
pieceMoves.ts:169 989pieceAtNewPosition.color white [Array(2)]
pieceMoves.ts:172 989positions []
pieceMoves.ts:178 989Positions for direction: (2) [-1, 1] []
pieceMoves.ts:150 989newPosition (2) [8, 1] (2) [7, 2] 1 -1 0
pieceMoves.ts:152 989Piece is off the board (2) [8, 1]
pieceMoves.ts:178 989Positions for direction: (2) [1, -1] []
pieceMoves.ts:150 989newPosition (2) [8, 3] (2) [7, 2] 1 1 0
pieceMoves.ts:152 989Piece is off the board (2) [8, 3]
pieceMoves.ts:178 989Positions for direction: (2) [1, 1] []
pieceMoves.ts:185 989flattenedMoves []
pieceMoves.ts:43 222getMovesForPieceMoves []
 Returning moves: [] {board: Array(8), history: Array(0), turn: 'white', username1: null, username2: '', …}
 843normalMoves []
 843filteredMoves []
 843normalMoves [] []
 843normalMoves [] []
 843moves [] []
 302validMoves piece {id: 19, type: 'queen', position: Array(2), color: 'white'} position (2) [7, 3] gameState {board: Array(8), history: Array(0), turn: 'white', username1: null, username2: '', …} playerNumber 2 lastPosition (2) [7, 3]
 7778tempGameState 7 7778pieceLastPosition 7 7778piece 4 7778tempKing 3 tempGameState {board: Array(8), history: Array(0), turn: 'white', username1: null, username2: '', …}
 843hypotheticalGameState {board: Array(8), history: Array(0), turn: 'white', username1: null, username2: '', …} 843piece.position (2) [7, 3] 843lastPosition (2) [7, 3]
 843checkDirection 0 843threateningPieceIndex 0 (16) [Array(4), Array(3), Array(7), Array(0), Array(4), Array(3), Array(0), Array(0), Array(1), Array(1), Array(0), Array(0), Array(1), Array(1), Array(0), Array(0)]
 843piece {id: 19, type: 'queen', position: Array(2), color: 'white'} 843piece.color white 843opponentColor black 843currentColor white
 843checkDirection 1 843threateningPieceIndex 0 (16) [Array(4), Array(3), Array(7), Array(0), Array(4), Array(3), Array(0), Array(0), Array(1), Array(1), Array(0), Array(0), Array(1), Array(1), Array(0), Array(0)]
 843piece {type: 'bishop', color: 'white', position: Array(2), hasMoved: false, index: 21} 843piece.color white 843opponentColor black 843currentColor white
 843checkDirection 2 843threateningPieceIndex 0 (16) [Array(4), Array(3), Array(7), Array(0), Array(4), Array(3), Array(0), Array(0), Array(1), Array(1), Array(0), Array(0), Array(1), Array(1), Array(0), Array(0)]
 843piece {type: 'pawn', color: 'white', position: Array(2), hasMoved: false, index: 28} 843piece.color white 843opponentColor black 843currentColor white
 77722piece.position (2) [0, 4]
 843checkDirection 3 843threateningPieceIndex 0 (16) [Array(0), Array(7), Array(4), Array(3), Array(0), Array(0), Array(4), Array(3), Array(0), Array(0), Array(0), Array(0), Array(1), Array(1), Array(1), Array(1)]
 843piece {type: 'bishop', color: 'black', position: Array(2), hasMoved: false, index: 5} 843piece.color black 843opponentColor black 843currentColor white
 77722piece.position (2) [0, 4]
 77722piece.position (2) [0, 4]
 843checkDirection 6 843threateningPieceIndex 0 (16) [Array(0), Array(7), Array(4), Array(3), Array(0), Array(0), Array(4), Array(3), Array(0), Array(0), Array(0), Array(0), Array(1), Array(1), Array(1), Array(1)]
 843piece {type: 'pawn', color: 'black', position: Array(2), hasMoved: false, index: 11} 843piece.color black 843opponentColor black 843currentColor white
 843checkDirection 7 843threateningPieceIndex 0 (16) [Array(0), Array(7), Array(4), Array(3), Array(0), Array(0), Array(4), Array(3), Array(0), Array(0), Array(0), Array(0), Array(1), Array(1), Array(1), Array(1)]
 843piece {type: 'pawn', color: 'black', position: Array(2), hasMoved: false, index: 13} 843piece.color black 843opponentColor black 843currentColor white
 77722piece.position (2) [0, 4]
 77722piece.position (2) [0, 4]
 77722piece.position (2) [0, 4]
 77722piece.position (2) [0, 4]
 843checkDirection 12 843threateningPieceIndex 0 (16) [Array(0), Array(7), Array(4), Array(3), Array(0), Array(0), Array(4), Array(3), Array(0), Array(0), Array(0), Array(0), Array(1), Array(1), Array(1), Array(1)]
 843piece {type: 'pawn', color: 'black', position: Array(2), hasMoved: false, index: 10} 843piece.color black 843opponentColor black 843currentColor white
 843checkDirection 13 843threateningPieceIndex 0 (16) [Array(0), Array(7), Array(4), Array(3), Array(0), Array(0), Array(4), Array(3), Array(0), Array(0), Array(0), Array(0), Array(1), Array(1), Array(1), Array(1)]
 843piece {type: 'pawn', color: 'black', position: Array(2), hasMoved: false, index: 14} 843piece.color black 843opponentColor black 843currentColor white
 843checkDirection 14 843threateningPieceIndex 0 (16) [Array(0), Array(7), Array(4), Array(3), Array(0), Array(0), Array(4), Array(3), Array(0), Array(0), Array(0), Array(0), Array(1), Array(1), Array(1), Array(1)]
 843piece {type: 'empty', color: 'none', hasMoved: false, position: Array(0), index: 16} 843piece.color none 843opponentColor black 843currentColor white
 843checkDirection 15 843threateningPieceIndex 0 (16) [Array(0), Array(7), Array(4), Array(3), Array(0), Array(0), Array(4), Array(3), Array(0), Array(0), Array(0), Array(0), Array(1), Array(1), Array(1), Array(1)]
 843piece {type: 'empty', color: 'none', hasMoved: false, position: Array(0), index: 16} 843piece.color none 843opponentColor black 843currentColor white
 843matchFoundInDirection 2
 847piece.type queen checkPosition (2) [7, 3] lastPosition (2) [7, 3] gameState {board: Array(8), history: Array(0), turn: 'white', username1: null, username2: '', …} piece {id: 19, type: 'queen', position: Array(2), color: 'white'} position (2) [7, 3] playerNumber 2 lastPosition (2) [7, 3] matchFoundInDirection 2 currentColor white
 7322isCheckParams {board: Array(8), history: Array(0), turn: 'white', username1: null, username2: '', …} (16) [Array(4), Array(3), Array(0), Array(7), Array(0), Array(0), Array(4), Array(3), Array(0), Array(0), Array(1), Array(1), Array(0), Array(0), Array(1), Array(1)] 1 (2) [7, 3] {id: 19, type: 'queen', position: Array(2), color: 'white'} (2) [7, 3] 2 (2) [7, 3] 2 white
 7322threateningSquares (16) [Array(4), Array(3), Array(0), Array(7), Array(0), Array(0), Array(4), Array(3), Array(0), Array(0), Array(1), Array(1), Array(0), Array(0), Array(1), Array(1)]
 7322gameState {board: Array(8), history: Array(0), turn: 'white', username1: null, username2: '', …}
 5556pieceLastPosition (2) [7, 3] undefined
 999King position: (2) [7, 4] (2) [7, 3] (2) [7, 4]
 999Current direction: (2) [0, -1]
 999New position: (2) [7, 3]
 999New position: (2) [7, 2]
 999New position: (2) [7, 1]
 999New position: (2) [7, 0]
 999New position: (2) [7, -1]
 999Current direction: (2) [0, 1]
 999New position: (2) [7, 5]
 999New position: (2) [7, 6]
 999New position: (2) [7, 7]
 999New position: (2) [7, 8]
 999Current direction: (2) [-1, 0]
 999New position: (2) [6, 4]
 999New position: (2) [5, 4]
 999New position: (2) [4, 4]
 999New position: (2) [3, 4]
 999New position: (2) [2, 4]
 999New position: (2) [1, 4]
 999New position: (2) [0, 4]
 999Current direction: (2) [1, 0]
 999New position: (2) [8, 4]
 999Current direction: (2) [-1, -1]
 999New position: (2) [6, 3]
 999New position: (2) [5, 2]
 999New position: (2) [4, 1]
 999New position: (2) [3, 0]
 999New position: (2) [2, -1]
 999Current direction: (2) [-1, 1]
 999New position: (2) [6, 5]
 999New position: (2) [5, 6]
 999New position: (2) [4, 7]
 999New position: (2) [3, 8]
 999Current direction: (2) [1, -1]
 999New position: (2) [8, 3]
 999Current direction: (2) [1, 1]
 999New position: (2) [8, 5]
 999Current direction: (2) [-2, -1]
 999New position: (2) [5, 3]
 999Current direction: (2) [-2, 1]
 999New position: (2) [5, 5]
 999Current direction: (2) [2, -1]
 999New position: (2) [9, 3]
 999Current direction: (2) [2, 1]
 999New position: (2) [9, 5]
 999Current direction: (2) [-1, -2]
 999New position: (2) [6, 2]
 999Current direction: (2) [-1, 2]
 999New position: (2) [6, 6]
 999Current direction: (2) [1, -2]
 999New position: (2) [8, 2]
 999Current direction: (2) [1, 2]
 999New position: (2) [8, 6]
 999Calculated squares: (16) [Array(4), Array(3), Array(7), Array(0), Array(4), Array(3), Array(0), Array(0), Array(1), Array(1), Array(0), Array(0), Array(1), Array(1), Array(0), Array(0)]
 Updated threateningSquaresCopy for check evaluation: (16) [Array(4), Array(3), Array(7), Array(0), Array(4), Array(3), Array(0), Array(0), Array(1), Array(1), Array(0), Array(0), Array(1), Array(1), Array(0), Array(0)]
 7322gameState.history.length 0
 7322canBlockParams (16) [Array(4), Array(3), Array(0), Array(7), Array(0), Array(0), Array(4), Array(3), Array(0), Array(0), Array(1), Array(1), Array(0), Array(0), Array(1), Array(1)] (2) [7, 3] white
 7322currentPlayerPieces (16) [{…}, {…}, {…}, {…}, {…}, {…}, {…}, {…}, {…}, {…}, {…}, {…}, {…}, {…}, {…}, {…}]
 5556threateningSquares (16) [Array(4), Array(3), Array(0), Array(7), Array(0), Array(0), Array(4), Array(3), Array(0), Array(0), Array(1), Array(1), Array(0), Array(0), Array(1), Array(1)] black
 7322threateningSquaresCopy (16) [Array(4), Array(3), Array(0), Array(7), Array(0), Array(0), Array(4), Array(3), Array(0), Array(0), Array(1), Array(1), Array(0), Array(0), Array(1), Array(1)]
 5556Iterating over direction 0 (4) [Array(2), Array(2), Array(2), Array(2)]
 5556color white black black true
 5556Opponent's piece found at square 0,3 white
 5556Iterating over direction 1 (3) [Array(2), Array(2), Array(2)]
 5556color white black black true
 5556Opponent's piece found at square 0,5 white
 5556Iterating over direction 2 []
 5556Row 2 is empty {board: Array(8), history: Array(0), turn: 'white', username1: null, username2: '', …} []
 5556Iterating over direction 3 (7) [Array(2), Array(2), Array(2), Array(2), Array(2), Array(2), Array(2)]
 5556color white black black true
 5556Opponent's piece found at square 1,4 white
 5556Iterating over direction 4 []
 5556Row 4 is empty {board: Array(8), history: Array(0), turn: 'white', username1: null, username2: '', …} []
 5556Iterating over direction 5 []
 5556Row 5 is empty {board: Array(8), history: Array(0), turn: 'white', username1: null, username2: '', …} []
 5556Iterating over direction 6 (4) [Array(2), Array(2), Array(2), Array(2)]
 5556color white black black true
 5556Opponent's piece found at square 1,3 white
 5556Iterating over direction 7 (3) [Array(2), Array(2), Array(2)]
 5556color white black black true
 5556Opponent's piece found at square 1,5 white
 5556Iterating over direction 8 []
 5556Row 8 is empty {board: Array(8), history: Array(0), turn: 'white', username1: null, username2: '', …} []
 5556Iterating over direction 9 []
 5556Row 9 is empty {board: Array(8), history: Array(0), turn: 'white', username1: null, username2: '', …} []
 5556Iterating over direction 10 [Array(2)]
 5556No opponent's knight at square 2,3 empty
 5556Iterating over direction 11 [Array(2)]
 5556No opponent's knight at square 2,5 empty
 5556Iterating over direction 12 []
 5556Row 12 is empty {board: Array(8), history: Array(0), turn: 'white', username1: null, username2: '', …} []
 5556Iterating over direction 13 []
 5556Row 13 is empty {board: Array(8), history: Array(0), turn: 'white', username1: null, username2: '', …} []
 5556Iterating over direction 14 [Array(2)]
 5556No opponent's knight at square 1,2 pawn
 5556Iterating over direction 15 [Array(2)]
 5556No opponent's knight at square 1,6 pawn
 5556Last direction is blank or not an current player's knight at square 1,6
 843firstTriggeringCurrentPiece undefined
 843firstTriggeringCurrentPieceIndex: -1
 843slicedCoordinates: []
 843firstTriggeringCurrentPieceIndex -1
 7322canBlockParams (16) [Array(4), Array(3), Array(0), Array(7), Array(0), Array(0), Array(4), Array(3), Array(0), Array(0), Array(1), Array(1), Array(0), Array(0), Array(1), Array(1)] (2) [7, 3] white
 7322currentPlayerPieces (16) [{…}, {…}, {…}, {…}, {…}, {…}, {…}, {…}, {…}, {…}, {…}, {…}, {…}, {…}, {…}, {…}]
 5556threateningSquares (16) [Array(4), Array(3), Array(0), Array(7), Array(0), Array(0), Array(4), Array(3), Array(0), Array(0), Array(1), Array(1), Array(0), Array(0), Array(1), Array(1)] black
 7322threateningSquaresCopy (16) [Array(4), Array(3), Array(0), Array(7), Array(0), Array(0), Array(4), Array(3), Array(0), Array(0), Array(1), Array(1), Array(0), Array(0), Array(1), Array(1)]
 5556Iterating over direction 0 (4) [Array(2), Array(2), Array(2), Array(2)]
 5556color white black black true
 5556Opponent's piece found at square 0,3 white
 5556Iterating over direction 1 (3) [Array(2), Array(2), Array(2)]
 5556color white black black true
 5556Opponent's piece found at square 0,5 white
 5556Iterating over direction 2 []
 5556Row 2 is empty {board: Array(8), history: Array(0), turn: 'white', username1: null, username2: '', …} []
 5556Iterating over direction 3 (7) [Array(2), Array(2), Array(2), Array(2), Array(2), Array(2), Array(2)]
 5556color white black black true
 5556Opponent's piece found at square 1,4 white
 5556Iterating over direction 4 []
 5556Row 4 is empty {board: Array(8), history: Array(0), turn: 'white', username1: null, username2: '', …} []
 5556Iterating over direction 5 []
 5556Row 5 is empty {board: Array(8), history: Array(0), turn: 'white', username1: null, username2: '', …} []
 5556Iterating over direction 6 (4) [Array(2), Array(2), Array(2), Array(2)]
 5556color white black black true
 5556Opponent's piece found at square 1,3 white
 5556Iterating over direction 7 (3) [Array(2), Array(2), Array(2)]
 5556color white black black true
 5556Opponent's piece found at square 1,5 white
 5556Iterating over direction 8 []
 5556Row 8 is empty {board: Array(8), history: Array(0), turn: 'white', username1: null, username2: '', …} []
 5556Iterating over direction 9 []
 5556Row 9 is empty {board: Array(8), history: Array(0), turn: 'white', username1: null, username2: '', …} []
 5556Iterating over direction 10 [Array(2)]
 5556No opponent's knight at square 2,3 empty
 5556Iterating over direction 11 [Array(2)]
 5556No opponent's knight at square 2,5 empty
 5556Iterating over direction 12 []
 5556Row 12 is empty {board: Array(8), history: Array(0), turn: 'white', username1: null, username2: '', …} []
 5556Iterating over direction 13 []
 5556Row 13 is empty {board: Array(8), history: Array(0), turn: 'white', username1: null, username2: '', …} []
 5556Iterating over direction 14 [Array(2)]
 5556No opponent's knight at square 1,2 pawn
 5556Iterating over direction 15 [Array(2)]
 5556No opponent's knight at square 1,6 pawn
 5556Last direction is blank or not an current player's knight at square 1,6
 7322isKingInCheck false
 843isKingInCheck false 843slicedThreateningSquares undefined 843directionIndex -1
 222getMovesForPiece {id: 19, type: 'queen', position: Array(2), color: 'white'} (2) [7, 3] {board: Array(8), history: Array(0), turn: 'white', username1: null, username2: '', …}
 222getLinearMoves {id: 19, type: 'queen', position: Array(2), color: 'white'} (2) [7, 3] {board: Array(8), history: Array(0), turn: 'white', username1: null, username2: '', …}
 989directions (8) [Array(2), Array(2), Array(2), Array(2), Array(2), Array(2), Array(2), Array(2)]
 989newPosition (2) [6, 3] (2) [7, 3] -1 0 0
 989positions [Array(2)]
 989pieceAtNewPosition {type: 'pawn', color: 'white', position: Array(2), hasMoved: false, index: 27}
 989pieceAtNewPosition.type pawn
 989pieceAtNewPosition.color white [Array(2)]
 989positions []
 989Positions for direction: (2) [-1, 0] []
 989newPosition (2) [8, 3] (2) [7, 3] 1 0 0
 989Piece is off the board (2) [8, 3]
 989Positions for direction: (2) [1, 0] []
 989newPosition (2) [7, 2] (2) [7, 3] 0 -1 0
 989positions [Array(2)]
 989pieceAtNewPosition {type: 'bishop', color: 'white', position: Array(2), hasMoved: false, index: 18}
 989pieceAtNewPosition.type bishop
 989pieceAtNewPosition.color white [Array(2)]
 989positions []
 989Positions for direction: (2) [0, -1] []
 989newPosition (2) [7, 4] (2) [7, 3] 0 1 0
 989positions [Array(2)]
 989pieceAtNewPosition {type: 'king', color: 'white', position: Array(2), hasMoved: false, index: 20}
 989pieceAtNewPosition.type king
 989pieceAtNewPosition.color white [Array(2)]
 989positions []
 989Positions for direction: (2) [0, 1] []
 989newPosition (2) [6, 2] (2) [7, 3] -1 -1 0
 989positions [Array(2)]
 989pieceAtNewPosition {type: 'pawn', color: 'white', position: Array(2), hasMoved: false, index: 26}
 989pieceAtNewPosition.type pawn
 989pieceAtNewPosition.color white [Array(2)]
 989positions []
 989Positions for direction: (2) [-1, -1] []
 989newPosition (2) [6, 4] (2) [7, 3] -1 1 0
 989positions [Array(2)]
 989pieceAtNewPosition {type: 'pawn', color: 'white', position: Array(2), hasMoved: false, index: 28}
 989pieceAtNewPosition.type pawn
 989pieceAtNewPosition.color white [Array(2)]
 989positions []
 989Positions for direction: (2) [-1, 1] []
 989newPosition (2) [8, 2] (2) [7, 3] 1 -1 0
 989Piece is off the board (2) [8, 2]
 989Positions for direction: (2) [1, -1] []
 989newPosition (2) [8, 4] (2) [7, 3] 1 1 0
 989Piece is off the board (2) [8, 4]
 989Positions for direction: (2) [1, 1] []
 989flattenedMoves []
 222getMovesForPieceMoves []
 Returning moves: [] {board: Array(8), history: Array(0), turn: 'white', username1: null, username2: '', …}
 843normalMoves []
 843filteredMoves []
 843normalMoves [] []
 843normalMoves [] []
 843moves [] []
 302validMoves piece {id: 20, type: 'king', position: Array(2), color: 'white'} position (2) [7, 4] gameState {board: Array(8), history: Array(0), turn: 'white', username1: null, username2: '', …} playerNumber 2 lastPosition (2) [7, 4]
 7778tempGameState 7 7778pieceLastPosition 7 7778piece 4 7778tempKing 4 tempGameState {board: Array(8), history: Array(0), turn: 'white', username1: null, username2: '', …}
 843hypotheticalGameState {board: Array(8), history: Array(0), turn: 'white', username1: null, username2: '', …} 843piece.position (2) [7, 4] 843lastPosition (2) [7, 4]
 843checkDirection 0 843threateningPieceIndex 0 (16) [Array(4), Array(3), Array(7), Array(0), Array(4), Array(3), Array(0), Array(0), Array(1), Array(1), Array(0), Array(0), Array(1), Array(1), Array(0), Array(0)]
 843piece {type: 'queen', color: 'white', position: Array(2), hasMoved: false, index: 19} 843piece.color white 843opponentColor black 843currentColor white
 843checkDirection 1 843threateningPieceIndex 0 (16) [Array(4), Array(3), Array(7), Array(0), Array(4), Array(3), Array(0), Array(0), Array(1), Array(1), Array(0), Array(0), Array(1), Array(1), Array(0), Array(0)]
 843piece {type: 'bishop', color: 'white', position: Array(2), hasMoved: false, index: 21} 843piece.color white 843opponentColor black 843currentColor white
 843checkDirection 2 843threateningPieceIndex 0 (16) [Array(4), Array(3), Array(7), Array(0), Array(4), Array(3), Array(0), Array(0), Array(1), Array(1), Array(0), Array(0), Array(1), Array(1), Array(0), Array(0)]
 843piece {type: 'pawn', color: 'white', position: Array(2), hasMoved: false, index: 28} 843piece.color white 843opponentColor black 843currentColor white
 77722piece.position (2) [0, 4]
 843checkDirection 3 843threateningPieceIndex 0 (16) [Array(0), Array(7), Array(4), Array(3), Array(0), Array(0), Array(4), Array(3), Array(0), Array(0), Array(0), Array(0), Array(1), Array(1), Array(1), Array(1)]
 843piece {type: 'bishop', color: 'black', position: Array(2), hasMoved: false, index: 5} 843piece.color black 843opponentColor black 843currentColor white
 77722piece.position (2) [0, 4]
 77722piece.position (2) [0, 4]
 843checkDirection 6 843threateningPieceIndex 0 (16) [Array(0), Array(7), Array(4), Array(3), Array(0), Array(0), Array(4), Array(3), Array(0), Array(0), Array(0), Array(0), Array(1), Array(1), Array(1), Array(1)]
 843piece {type: 'pawn', color: 'black', position: Array(2), hasMoved: false, index: 11} 843piece.color black 843opponentColor black 843currentColor white
 843checkDirection 7 843threateningPieceIndex 0 (16) [Array(0), Array(7), Array(4), Array(3), Array(0), Array(0), Array(4), Array(3), Array(0), Array(0), Array(0), Array(0), Array(1), Array(1), Array(1), Array(1)]
 843piece {type: 'pawn', color: 'black', position: Array(2), hasMoved: false, index: 13} 843piece.color black 843opponentColor black 843currentColor white
 77722piece.position (2) [0, 4]
 77722piece.position (2) [0, 4]
 77722piece.position (2) [0, 4]
 77722piece.position (2) [0, 4]
 843checkDirection 12 843threateningPieceIndex 0 (16) [Array(0), Array(7), Array(4), Array(3), Array(0), Array(0), Array(4), Array(3), Array(0), Array(0), Array(0), Array(0), Array(1), Array(1), Array(1), Array(1)]
 843piece {type: 'pawn', color: 'black', position: Array(2), hasMoved: false, index: 10} 843piece.color black 843opponentColor black 843currentColor white
 843checkDirection 13 843threateningPieceIndex 0 (16) [Array(0), Array(7), Array(4), Array(3), Array(0), Array(0), Array(4), Array(3), Array(0), Array(0), Array(0), Array(0), Array(1), Array(1), Array(1), Array(1)]
 843piece {type: 'pawn', color: 'black', position: Array(2), hasMoved: false, index: 14} 843piece.color black 843opponentColor black 843currentColor white
 843checkDirection 14 843threateningPieceIndex 0 (16) [Array(0), Array(7), Array(4), Array(3), Array(0), Array(0), Array(4), Array(3), Array(0), Array(0), Array(0), Array(0), Array(1), Array(1), Array(1), Array(1)]
 843piece {type: 'empty', color: 'none', hasMoved: false, position: Array(0), index: 16} 843piece.color none 843opponentColor black 843currentColor white
 843checkDirection 15 843threateningPieceIndex 0 (16) [Array(0), Array(7), Array(4), Array(3), Array(0), Array(0), Array(4), Array(3), Array(0), Array(0), Array(0), Array(0), Array(1), Array(1), Array(1), Array(1)]
 843piece {type: 'empty', color: 'none', hasMoved: false, position: Array(0), index: 16} 843piece.color none 843opponentColor black 843currentColor white
 843matchFoundInDirection 2
 847piece.type king checkPosition (2) [7, 4] lastPosition (2) [7, 4] gameState {board: Array(8), history: Array(0), turn: 'white', username1: null, username2: '', …} piece {id: 20, type: 'king', position: Array(2), color: 'white'} position (2) [7, 4] playerNumber 2 lastPosition (2) [7, 4] matchFoundInDirection 2 currentColor white
 7322isCheckParams {board: Array(8), history: Array(0), turn: 'white', username1: null, username2: '', …} (16) [Array(4), Array(3), Array(0), Array(7), Array(0), Array(0), Array(4), Array(3), Array(0), Array(0), Array(1), Array(1), Array(0), Array(0), Array(1), Array(1)] 1 (2) [7, 4] {id: 20, type: 'king', position: Array(2), color: 'white'} (2) [7, 4] 2 (2) [7, 4] 2 white
 7322threateningSquares (16) [Array(4), Array(3), Array(0), Array(7), Array(0), Array(0), Array(4), Array(3), Array(0), Array(0), Array(1), Array(1), Array(0), Array(0), Array(1), Array(1)]
 7322gameState {board: Array(8), history: Array(0), turn: 'white', username1: null, username2: '', …}
 5556pieceLastPosition (2) [7, 4] undefined
 999King position: (2) [7, 4] (2) [7, 4] (2) [7, 4]
 999Current direction: (2) [0, -1]
 999New position: (2) [7, 3]
 999New position: (2) [7, 2]
 999New position: (2) [7, 1]
 999New position: (2) [7, 0]
 999New position: (2) [7, -1]
 999Current direction: (2) [0, 1]
 999New position: (2) [7, 5]
 999New position: (2) [7, 6]
 999New position: (2) [7, 7]
 999New position: (2) [7, 8]
 999Current direction: (2) [-1, 0]
 999New position: (2) [6, 4]
 999New position: (2) [5, 4]
 999New position: (2) [4, 4]
 999New position: (2) [3, 4]
 999New position: (2) [2, 4]
 999New position: (2) [1, 4]
 999New position: (2) [0, 4]
 999Current direction: (2) [1, 0]
 999New position: (2) [8, 4]
 999Current direction: (2) [-1, -1]
 999New position: (2) [6, 3]
 999New position: (2) [5, 2]
 999New position: (2) [4, 1]
 999New position: (2) [3, 0]
 999New position: (2) [2, -1]
 999Current direction: (2) [-1, 1]
 999New position: (2) [6, 5]
 999New position: (2) [5, 6]
 999New position: (2) [4, 7]
 999New position: (2) [3, 8]
 999Current direction: (2) [1, -1]
 999New position: (2) [8, 3]
 999Current direction: (2) [1, 1]
 999New position: (2) [8, 5]
 999Current direction: (2) [-2, -1]
 999New position: (2) [5, 3]
 999Current direction: (2) [-2, 1]
 999New position: (2) [5, 5]
 999Current direction: (2) [2, -1]
 999New position: (2) [9, 3]
 999Current direction: (2) [2, 1]
 999New position: (2) [9, 5]
 999Current direction: (2) [-1, -2]
 999New position: (2) [6, 2]
 999Current direction: (2) [-1, 2]
 999New position: (2) [6, 6]
 999Current direction: (2) [1, -2]
 999New position: (2) [8, 2]
 999Current direction: (2) [1, 2]
 999New position: (2) [8, 6]
 999Calculated squares: (16) [Array(4), Array(3), Array(7), Array(0), Array(4), Array(3), Array(0), Array(0), Array(1), Array(1), Array(0), Array(0), Array(1), Array(1), Array(0), Array(0)]
 Updated threateningSquaresCopy for check evaluation: (16) [Array(4), Array(3), Array(7), Array(0), Array(4), Array(3), Array(0), Array(0), Array(1), Array(1), Array(0), Array(0), Array(1), Array(1), Array(0), Array(0)]
 7322gameState.history.length 0
 7322canBlockParams (16) [Array(4), Array(3), Array(0), Array(7), Array(0), Array(0), Array(4), Array(3), Array(0), Array(0), Array(1), Array(1), Array(0), Array(0), Array(1), Array(1)] (2) [7, 4] white
 7322currentPlayerPieces (16) [{…}, {…}, {…}, {…}, {…}, {…}, {…}, {…}, {…}, {…}, {…}, {…}, {…}, {…}, {…}, {…}]
 5556threateningSquares (16) [Array(4), Array(3), Array(0), Array(7), Array(0), Array(0), Array(4), Array(3), Array(0), Array(0), Array(1), Array(1), Array(0), Array(0), Array(1), Array(1)] black
 7322threateningSquaresCopy (16) [Array(4), Array(3), Array(0), Array(7), Array(0), Array(0), Array(4), Array(3), Array(0), Array(0), Array(1), Array(1), Array(0), Array(0), Array(1), Array(1)]
 5556Iterating over direction 0 (4) [Array(2), Array(2), Array(2), Array(2)]
 5556color white black black true
 5556Opponent's piece found at square 0,3 white
 5556Iterating over direction 1 (3) [Array(2), Array(2), Array(2)]
 5556color white black black true
 5556Opponent's piece found at square 0,5 white
 5556Iterating over direction 2 []
 5556Row 2 is empty {board: Array(8), history: Array(0), turn: 'white', username1: null, username2: '', …} []
 5556Iterating over direction 3 (7) [Array(2), Array(2), Array(2), Array(2), Array(2), Array(2), Array(2)]
 5556color white black black true
 5556Opponent's piece found at square 1,4 white
 5556Iterating over direction 4 []
 5556Row 4 is empty {board: Array(8), history: Array(0), turn: 'white', username1: null, username2: '', …} []
 5556Iterating over direction 5 []
 5556Row 5 is empty {board: Array(8), history: Array(0), turn: 'white', username1: null, username2: '', …} []
 5556Iterating over direction 6 (4) [Array(2), Array(2), Array(2), Array(2)]
 5556color white black black true
 5556Opponent's piece found at square 1,3 white
 5556Iterating over direction 7 (3) [Array(2), Array(2), Array(2)]
 5556color white black black true
 5556Opponent's piece found at square 1,5 white
 5556Iterating over direction 8 []
 5556Row 8 is empty {board: Array(8), history: Array(0), turn: 'white', username1: null, username2: '', …} []
 5556Iterating over direction 9 []
 5556Row 9 is empty {board: Array(8), history: Array(0), turn: 'white', username1: null, username2: '', …} []
 5556Iterating over direction 10 [Array(2)]
 5556No opponent's knight at square 2,3 empty
 5556Iterating over direction 11 [Array(2)]
 5556No opponent's knight at square 2,5 empty
 5556Iterating over direction 12 []
 5556Row 12 is empty {board: Array(8), history: Array(0), turn: 'white', username1: null, username2: '', …} []
 5556Iterating over direction 13 []
 5556Row 13 is empty {board: Array(8), history: Array(0), turn: 'white', username1: null, username2: '', …} []
 5556Iterating over direction 14 [Array(2)]
 5556No opponent's knight at square 1,2 pawn
 5556Iterating over direction 15 [Array(2)]
 5556No opponent's knight at square 1,6 pawn
 5556Last direction is blank or not an current player's knight at square 1,6
 843firstTriggeringCurrentPiece undefined
 843firstTriggeringCurrentPieceIndex: -1
 843slicedCoordinates: []
 843firstTriggeringCurrentPieceIndex -1
 7322canBlockParams (16) [Array(4), Array(3), Array(0), Array(7), Array(0), Array(0), Array(4), Array(3), Array(0), Array(0), Array(1), Array(1), Array(0), Array(0), Array(1), Array(1)] (2) [7, 4] white
 7322currentPlayerPieces (16) [{…}, {…}, {…}, {…}, {…}, {…}, {…}, {…}, {…}, {…}, {…}, {…}, {…}, {…}, {…}, {…}]
 5556threateningSquares (16) [Array(4), Array(3), Array(0), Array(7), Array(0), Array(0), Array(4), Array(3), Array(0), Array(0), Array(1), Array(1), Array(0), Array(0), Array(1), Array(1)] black
 7322threateningSquaresCopy (16) [Array(4), Array(3), Array(0), Array(7), Array(0), Array(0), Array(4), Array(3), Array(0), Array(0), Array(1), Array(1), Array(0), Array(0), Array(1), Array(1)]
 5556Iterating over direction 0 (4) [Array(2), Array(2), Array(2), Array(2)]
 5556color white black black true
 5556Opponent's piece found at square 0,3 white
 5556Iterating over direction 1 (3) [Array(2), Array(2), Array(2)]
 5556color white black black true
 5556Opponent's piece found at square 0,5 white
 5556Iterating over direction 2 []
 5556Row 2 is empty {board: Array(8), history: Array(0), turn: 'white', username1: null, username2: '', …} []
 5556Iterating over direction 3 (7) [Array(2), Array(2), Array(2), Array(2), Array(2), Array(2), Array(2)]
 5556color white black black true
 5556Opponent's piece found at square 1,4 white
 5556Iterating over direction 4 []
 5556Row 4 is empty {board: Array(8), history: Array(0), turn: 'white', username1: null, username2: '', …} []
 5556Iterating over direction 5 []
 5556Row 5 is empty {board: Array(8), history: Array(0), turn: 'white', username1: null, username2: '', …} []
 5556Iterating over direction 6 (4) [Array(2), Array(2), Array(2), Array(2)]
 5556color white black black true
 5556Opponent's piece found at square 1,3 white
 5556Iterating over direction 7 (3) [Array(2), Array(2), Array(2)]
 5556color white black black true
 5556Opponent's piece found at square 1,5 white
 5556Iterating over direction 8 []
 5556Row 8 is empty {board: Array(8), history: Array(0), turn: 'white', username1: null, username2: '', …} []
 5556Iterating over direction 9 []
 5556Row 9 is empty {board: Array(8), history: Array(0), turn: 'white', username1: null, username2: '', …} []
 5556Iterating over direction 10 [Array(2)]
 5556No opponent's knight at square 2,3 empty
 5556Iterating over direction 11 [Array(2)]
 5556No opponent's knight at square 2,5 empty
 5556Iterating over direction 12 []
 5556Row 12 is empty {board: Array(8), history: Array(0), turn: 'white', username1: null, username2: '', …} []
 5556Iterating over direction 13 []
 5556Row 13 is empty {board: Array(8), history: Array(0), turn: 'white', username1: null, username2: '', …} []
 5556Iterating over direction 14 [Array(2)]
 5556No opponent's knight at square 1,2 pawn
 5556Iterating over direction 15 [Array(2)]
 5556No opponent's knight at square 1,6 pawn
 5556Last direction is blank or not an current player's knight at square 1,6
 7322isKingInCheck false
 843isKingInCheck false 843slicedThreateningSquares undefined 843directionIndex -1
 222getMovesForPiece {id: 20, type: 'king', position: Array(2), color: 'white'} (2) [7, 4] {board: Array(8), history: Array(0), turn: 'white', username1: null, username2: '', …}
 getFixedMoves {id: 20, type: 'king', position: Array(2), color: 'white'} (2) [7, 4] {board: Array(8), history: Array(0), turn: 'white', username1: null, username2: '', …} (8) [Array(2), Array(2), Array(2), Array(2), Array(2), Array(2), Array(2), Array(2)] (8) [null, null, null, null, null, null, null, null]
 Filtered king moves (not adjacent to opposing king): []
 222getMovesForPieceMoves []
 threatenedSquares (16) [Array(4), Array(3), Array(0), Array(7), Array(0), Array(0), Array(4), Array(3), Array(0), Array(0), Array(1), Array(1), Array(0), Array(0), Array(1), Array(1)]
 843normalMoves []
 843filteredMoves []
 843normalMoves [] []
 843normalMoves [] []
 Checking if last piece is a rook of the same color (2) [7, 4] king king
 Last piece is a rook of the same color
 Checking positions between 4 and 4 in direction -1
 Checking position at 3 {board: Array(8), history: Array(0), turn: 'white', username1: null, username2: '', …} 7 3
 Position at 3 is not empty or out of range
 Positions between are not empty
 843moves [] []
 302validMoves piece {id: 21, type: 'bishop', position: Array(2), color: 'white'} position (2) [7, 5] gameState {board: Array(8), history: Array(0), turn: 'white', username1: null, username2: '', …} playerNumber 2 lastPosition (2) [7, 5]
 7778tempGameState 7 7778pieceLastPosition 7 7778piece 4 7778tempKing 5 tempGameState {board: Array(8), history: Array(0), turn: 'white', username1: null, username2: '', …}
 843hypotheticalGameState {board: Array(8), history: Array(0), turn: 'white', username1: null, username2: '', …} 843piece.position (2) [7, 5] 843lastPosition (2) [7, 5]
 843checkDirection 0 843threateningPieceIndex 0 (16) [Array(4), Array(3), Array(7), Array(0), Array(4), Array(3), Array(0), Array(0), Array(1), Array(1), Array(0), Array(0), Array(1), Array(1), Array(0), Array(0)]
 843piece {type: 'queen', color: 'white', position: Array(2), hasMoved: false, index: 19} 843piece.color white 843opponentColor black 843currentColor white
 843checkDirection 1 843threateningPieceIndex 0 (16) [Array(4), Array(3), Array(7), Array(0), Array(4), Array(3), Array(0), Array(0), Array(1), Array(1), Array(0), Array(0), Array(1), Array(1), Array(0), Array(0)]
 843piece {id: 21, type: 'bishop', position: Array(2), color: 'white'} 843piece.color white 843opponentColor black 843currentColor white
 843checkDirection 2 843threateningPieceIndex 0 (16) [Array(4), Array(3), Array(7), Array(0), Array(4), Array(3), Array(0), Array(0), Array(1), Array(1), Array(0), Array(0), Array(1), Array(1), Array(0), Array(0)]
 843piece {type: 'pawn', color: 'white', position: Array(2), hasMoved: false, index: 28} 843piece.color white 843opponentColor black 843currentColor white
 77722piece.position (2) [0, 4]
 843checkDirection 3 843threateningPieceIndex 0 (16) [Array(0), Array(7), Array(4), Array(3), Array(0), Array(0), Array(4), Array(3), Array(0), Array(0), Array(0), Array(0), Array(1), Array(1), Array(1), Array(1)]
 843piece {type: 'bishop', color: 'black', position: Array(2), hasMoved: false, index: 5} 843piece.color black 843opponentColor black 843currentColor white
 77722piece.position (2) [0, 4]
 77722piece.position (2) [0, 4]
 843checkDirection 6 843threateningPieceIndex 0 (16) [Array(0), Array(7), Array(4), Array(3), Array(0), Array(0), Array(4), Array(3), Array(0), Array(0), Array(0), Array(0), Array(1), Array(1), Array(1), Array(1)]
 843piece {type: 'pawn', color: 'black', position: Array(2), hasMoved: false, index: 11} 843piece.color black 843opponentColor black 843currentColor white
 843checkDirection 7 843threateningPieceIndex 0 (16) [Array(0), Array(7), Array(4), Array(3), Array(0), Array(0), Array(4), Array(3), Array(0), Array(0), Array(0), Array(0), Array(1), Array(1), Array(1), Array(1)]
 843piece {type: 'pawn', color: 'black', position: Array(2), hasMoved: false, index: 13} 843piece.color black 843opponentColor black 843currentColor white
 77722piece.position (2) [0, 4]
 77722piece.position (2) [0, 4]
 77722piece.position (2) [0, 4]
 77722piece.position (2) [0, 4]
 843checkDirection 12 843threateningPieceIndex 0 (16) [Array(0), Array(7), Array(4), Array(3), Array(0), Array(0), Array(4), Array(3), Array(0), Array(0), Array(0), Array(0), Array(1), Array(1), Array(1), Array(1)]
 843piece {type: 'pawn', color: 'black', position: Array(2), hasMoved: false, index: 10} 843piece.color black 843opponentColor black 843currentColor white
 843checkDirection 13 843threateningPieceIndex 0 (16) [Array(0), Array(7), Array(4), Array(3), Array(0), Array(0), Array(4), Array(3), Array(0), Array(0), Array(0), Array(0), Array(1), Array(1), Array(1), Array(1)]
 843piece {type: 'pawn', color: 'black', position: Array(2), hasMoved: false, index: 14} 843piece.color black 843opponentColor black 843currentColor white
 843checkDirection 14 843threateningPieceIndex 0 (16) [Array(0), Array(7), Array(4), Array(3), Array(0), Array(0), Array(4), Array(3), Array(0), Array(0), Array(0), Array(0), Array(1), Array(1), Array(1), Array(1)]
 843piece {type: 'empty', color: 'none', hasMoved: false, position: Array(0), index: 16} 843piece.color none 843opponentColor black 843currentColor white
 843checkDirection 15 843threateningPieceIndex 0 (16) [Array(0), Array(7), Array(4), Array(3), Array(0), Array(0), Array(4), Array(3), Array(0), Array(0), Array(0), Array(0), Array(1), Array(1), Array(1), Array(1)]
 843piece {type: 'empty', color: 'none', hasMoved: false, position: Array(0), index: 16} 843piece.color none 843opponentColor black 843currentColor white
 843matchFoundInDirection 2
 847piece.type bishop checkPosition (2) [7, 5] lastPosition (2) [7, 5] gameState {board: Array(8), history: Array(0), turn: 'white', username1: null, username2: '', …} piece {id: 21, type: 'bishop', position: Array(2), color: 'white'} position (2) [7, 5] playerNumber 2 lastPosition (2) [7, 5] matchFoundInDirection 2 currentColor white
 7322isCheckParams {board: Array(8), history: Array(0), turn: 'white', username1: null, username2: '', …} (16) [Array(4), Array(3), Array(0), Array(7), Array(0), Array(0), Array(4), Array(3), Array(0), Array(0), Array(1), Array(1), Array(0), Array(0), Array(1), Array(1)] 1 (2) [7, 5] {id: 21, type: 'bishop', position: Array(2), color: 'white'} (2) [7, 5] 2 (2) [7, 5] 2 white
 7322threateningSquares (16) [Array(4), Array(3), Array(0), Array(7), Array(0), Array(0), Array(4), Array(3), Array(0), Array(0), Array(1), Array(1), Array(0), Array(0), Array(1), Array(1)]
 7322gameState {board: Array(8), history: Array(0), turn: 'white', username1: null, username2: '', …}
 5556pieceLastPosition (2) [7, 5] undefined
 999King position: (2) [7, 4] (2) [7, 5] (2) [7, 4]
 999Current direction: (2) [0, -1]
 999New position: (2) [7, 3]
 999New position: (2) [7, 2]
 999New position: (2) [7, 1]
 999New position: (2) [7, 0]
 999New position: (2) [7, -1]
 999Current direction: (2) [0, 1]
 999New position: (2) [7, 5]
 999New position: (2) [7, 6]
 999New position: (2) [7, 7]
 999New position: (2) [7, 8]
 999Current direction: (2) [-1, 0]
 999New position: (2) [6, 4]
 999New position: (2) [5, 4]
 999New position: (2) [4, 4]
 999New position: (2) [3, 4]
 999New position: (2) [2, 4]
 999New position: (2) [1, 4]
 999New position: (2) [0, 4]
 999Current direction: (2) [1, 0]
 999New position: (2) [8, 4]
 999Current direction: (2) [-1, -1]
 999New position: (2) [6, 3]
 999New position: (2) [5, 2]
 999New position: (2) [4, 1]
 999New position: (2) [3, 0]
 999New position: (2) [2, -1]
 999Current direction: (2) [-1, 1]
 999New position: (2) [6, 5]
 999New position: (2) [5, 6]
 999New position: (2) [4, 7]
 999New position: (2) [3, 8]
 999Current direction: (2) [1, -1]
 999New position: (2) [8, 3]
 999Current direction: (2) [1, 1]
 999New position: (2) [8, 5]
 999Current direction: (2) [-2, -1]
 999New position: (2) [5, 3]
 999Current direction: (2) [-2, 1]
 999New position: (2) [5, 5]
 999Current direction: (2) [2, -1]
 999New position: (2) [9, 3]
 999Current direction: (2) [2, 1]
 999New position: (2) [9, 5]
 999Current direction: (2) [-1, -2]
 999New position: (2) [6, 2]
 999Current direction: (2) [-1, 2]
 999New position: (2) [6, 6]
 999Current direction: (2) [1, -2]
 999New position: (2) [8, 2]
 999Current direction: (2) [1, 2]
 999New position: (2) [8, 6]
 999Calculated squares: (16) [Array(4), Array(3), Array(7), Array(0), Array(4), Array(3), Array(0), Array(0), Array(1), Array(1), Array(0), Array(0), Array(1), Array(1), Array(0), Array(0)]
 Updated threateningSquaresCopy for check evaluation: (16) [Array(4), Array(3), Array(7), Array(0), Array(4), Array(3), Array(0), Array(0), Array(1), Array(1), Array(0), Array(0), Array(1), Array(1), Array(0), Array(0)]
 7322gameState.history.length 0
 7322canBlockParams (16) [Array(4), Array(3), Array(0), Array(7), Array(0), Array(0), Array(4), Array(3), Array(0), Array(0), Array(1), Array(1), Array(0), Array(0), Array(1), Array(1)] (2) [7, 5] white
 7322currentPlayerPieces (16) [{…}, {…}, {…}, {…}, {…}, {…}, {…}, {…}, {…}, {…}, {…}, {…}, {…}, {…}, {…}, {…}]
 5556threateningSquares (16) [Array(4), Array(3), Array(0), Array(7), Array(0), Array(0), Array(4), Array(3), Array(0), Array(0), Array(1), Array(1), Array(0), Array(0), Array(1), Array(1)] black
 7322threateningSquaresCopy (16) [Array(4), Array(3), Array(0), Array(7), Array(0), Array(0), Array(4), Array(3), Array(0), Array(0), Array(1), Array(1), Array(0), Array(0), Array(1), Array(1)]
 5556Iterating over direction 0 (4) [Array(2), Array(2), Array(2), Array(2)]
 5556color white black black true
 5556Opponent's piece found at square 0,3 white
 5556Iterating over direction 1 (3) [Array(2), Array(2), Array(2)]
 5556color white black black true
 5556Opponent's piece found at square 0,5 white
 5556Iterating over direction 2 []
 5556Row 2 is empty {board: Array(8), history: Array(0), turn: 'white', username1: null, username2: '', …} []
 5556Iterating over direction 3 (7) [Array(2), Array(2), Array(2), Array(2), Array(2), Array(2), Array(2)]
 5556color white black black true
 5556Opponent's piece found at square 1,4 white
 5556Iterating over direction 4 []
 5556Row 4 is empty {board: Array(8), history: Array(0), turn: 'white', username1: null, username2: '', …} []
 5556Iterating over direction 5 []
 5556Row 5 is empty {board: Array(8), history: Array(0), turn: 'white', username1: null, username2: '', …} []
 5556Iterating over direction 6 (4) [Array(2), Array(2), Array(2), Array(2)]
 5556color white black black true
 5556Opponent's piece found at square 1,3 white
 5556Iterating over direction 7 (3) [Array(2), Array(2), Array(2)]
 5556color white black black true
 5556Opponent's piece found at square 1,5 white
 5556Iterating over direction 8 []
 5556Row 8 is empty {board: Array(8), history: Array(0), turn: 'white', username1: null, username2: '', …} []
 5556Iterating over direction 9 []
 5556Row 9 is empty {board: Array(8), history: Array(0), turn: 'white', username1: null, username2: '', …} []
 5556Iterating over direction 10 [Array(2)]
 5556No opponent's knight at square 2,3 empty
 5556Iterating over direction 11 [Array(2)]
 5556No opponent's knight at square 2,5 empty
 5556Iterating over direction 12 []
 5556Row 12 is empty {board: Array(8), history: Array(0), turn: 'white', username1: null, username2: '', …} []
 5556Iterating over direction 13 []
 5556Row 13 is empty {board: Array(8), history: Array(0), turn: 'white', username1: null, username2: '', …} []
 5556Iterating over direction 14 [Array(2)]
 5556No opponent's knight at square 1,2 pawn
 5556Iterating over direction 15 [Array(2)]
 5556No opponent's knight at square 1,6 pawn
 5556Last direction is blank or not an current player's knight at square 1,6
 843firstTriggeringCurrentPiece undefined
 843firstTriggeringCurrentPieceIndex: -1
 843slicedCoordinates: []
 843firstTriggeringCurrentPieceIndex -1
 7322canBlockParams (16) [Array(4), Array(3), Array(0), Array(7), Array(0), Array(0), Array(4), Array(3), Array(0), Array(0), Array(1), Array(1), Array(0), Array(0), Array(1), Array(1)] (2) [7, 5] white
 7322currentPlayerPieces (16) [{…}, {…}, {…}, {…}, {…}, {…}, {…}, {…}, {…}, {…}, {…}, {…}, {…}, {…}, {…}, {…}]
 5556threateningSquares (16) [Array(4), Array(3), Array(0), Array(7), Array(0), Array(0), Array(4), Array(3), Array(0), Array(0), Array(1), Array(1), Array(0), Array(0), Array(1), Array(1)] black
 7322threateningSquaresCopy (16) [Array(4), Array(3), Array(0), Array(7), Array(0), Array(0), Array(4), Array(3), Array(0), Array(0), Array(1), Array(1), Array(0), Array(0), Array(1), Array(1)]
 5556Iterating over direction 0 (4) [Array(2), Array(2), Array(2), Array(2)]
 5556color white black black true
 5556Opponent's piece found at square 0,3 white
 5556Iterating over direction 1 (3) [Array(2), Array(2), Array(2)]
 5556color white black black true
 5556Opponent's piece found at square 0,5 white
 5556Iterating over direction 2 []
 5556Row 2 is empty {board: Array(8), history: Array(0), turn: 'white', username1: null, username2: '', …} []
 5556Iterating over direction 3 (7) [Array(2), Array(2), Array(2), Array(2), Array(2), Array(2), Array(2)]
 5556color white black black true
 5556Opponent's piece found at square 1,4 white
 5556Iterating over direction 4 []
 5556Row 4 is empty {board: Array(8), history: Array(0), turn: 'white', username1: null, username2: '', …} []
 5556Iterating over direction 5 []
 5556Row 5 is empty {board: Array(8), history: Array(0), turn: 'white', username1: null, username2: '', …} []
 5556Iterating over direction 6 (4) [Array(2), Array(2), Array(2), Array(2)]
 5556color white black black true
 5556Opponent's piece found at square 1,3 white
 5556Iterating over direction 7 (3) [Array(2), Array(2), Array(2)]
 5556color white black black true
 5556Opponent's piece found at square 1,5 white
 5556Iterating over direction 8 []
 5556Row 8 is empty {board: Array(8), history: Array(0), turn: 'white', username1: null, username2: '', …} []
 5556Iterating over direction 9 []
 5556Row 9 is empty {board: Array(8), history: Array(0), turn: 'white', username1: null, username2: '', …} []
 5556Iterating over direction 10 [Array(2)]
 5556No opponent's knight at square 2,3 empty
 5556Iterating over direction 11 [Array(2)]
 5556No opponent's knight at square 2,5 empty
 5556Iterating over direction 12 []
 5556Row 12 is empty {board: Array(8), history: Array(0), turn: 'white', username1: null, username2: '', …} []
 5556Iterating over direction 13 []
 5556Row 13 is empty {board: Array(8), history: Array(0), turn: 'white', username1: null, username2: '', …} []
 5556Iterating over direction 14 [Array(2)]
 5556No opponent's knight at square 1,2 pawn
 5556Iterating over direction 15 [Array(2)]
 5556No opponent's knight at square 1,6 pawn
 5556Last direction is blank or not an current player's knight at square 1,6
 7322isKingInCheck false
 843isKingInCheck false 843slicedThreateningSquares undefined 843directionIndex -1
 222getMovesForPiece {id: 21, type: 'bishop', position: Array(2), color: 'white'} (2) [7, 5] {board: Array(8), history: Array(0), turn: 'white', username1: null, username2: '', …}
 222getLinearMoves {id: 21, type: 'bishop', position: Array(2), color: 'white'} (2) [7, 5] {board: Array(8), history: Array(0), turn: 'white', username1: null, username2: '', …}
 989directions (4) [Array(2), Array(2), Array(2), Array(2)]
 989newPosition (2) [6, 4] (2) [7, 5] -1 -1 0
 989positions [Array(2)]
 989pieceAtNewPosition {type: 'pawn', color: 'white', position: Array(2), hasMoved: false, index: 28}
 989pieceAtNewPosition.type pawn
 989pieceAtNewPosition.color white [Array(2)]
 989positions []
 989Positions for direction: (2) [-1, -1] []
 989newPosition (2) [6, 6] (2) [7, 5] -1 1 0
 989positions [Array(2)]
 989pieceAtNewPosition {type: 'pawn', color: 'white', position: Array(2), hasMoved: false, index: 30}
 989pieceAtNewPosition.type pawn
 989pieceAtNewPosition.color white [Array(2)]
 989positions []
 989Positions for direction: (2) [-1, 1] []
 989newPosition (2) [8, 4] (2) [7, 5] 1 -1 0
 989Piece is off the board (2) [8, 4]
 989Positions for direction: (2) [1, -1] []
 989newPosition (2) [8, 6] (2) [7, 5] 1 1 0
 989Piece is off the board (2) [8, 6]
 989Positions for direction: (2) [1, 1] []
 989flattenedMoves []
 222getMovesForPieceMoves []
 Returning moves: [] {board: Array(8), history: Array(0), turn: 'white', username1: null, username2: '', …}
 843normalMoves []
 843filteredMoves []
 843normalMoves [] []
 843normalMoves [] []
 843moves [] []
 302validMoves piece {id: 22, type: 'knight', position: Array(2), color: 'white'} position (2) [7, 6] gameState {board: Array(8), history: Array(0), turn: 'white', username1: null, username2: '', …} playerNumber 2 lastPosition (2) [7, 6]
 7778tempGameState 7 7778pieceLastPosition 7 7778piece 4 7778tempKing 6 tempGameState {board: Array(8), history: Array(0), turn: 'white', username1: null, username2: '', …}
 843hypotheticalGameState {board: Array(8), history: Array(0), turn: 'white', username1: null, username2: '', …} 843piece.position (2) [7, 6] 843lastPosition (2) [7, 6]
 843checkDirection 0 843threateningPieceIndex 0 (16) [Array(4), Array(3), Array(7), Array(0), Array(4), Array(3), Array(0), Array(0), Array(1), Array(1), Array(0), Array(0), Array(1), Array(1), Array(0), Array(0)]
 843piece {type: 'queen', color: 'white', position: Array(2), hasMoved: false, index: 19} 843piece.color white 843opponentColor black 843currentColor white
 843checkDirection 1 843threateningPieceIndex 0 (16) [Array(4), Array(3), Array(7), Array(0), Array(4), Array(3), Array(0), Array(0), Array(1), Array(1), Array(0), Array(0), Array(1), Array(1), Array(0), Array(0)]
 843piece {type: 'bishop', color: 'white', position: Array(2), hasMoved: false, index: 21} 843piece.color white 843opponentColor black 843currentColor white
 843checkDirection 2 843threateningPieceIndex 0 (16) [Array(4), Array(3), Array(7), Array(0), Array(4), Array(3), Array(0), Array(0), Array(1), Array(1), Array(0), Array(0), Array(1), Array(1), Array(0), Array(0)]
 843piece {type: 'pawn', color: 'white', position: Array(2), hasMoved: false, index: 28} 843piece.color white 843opponentColor black 843currentColor white
 77722piece.position (2) [0, 4]
 843checkDirection 3 843threateningPieceIndex 0 (16) [Array(0), Array(7), Array(4), Array(3), Array(0), Array(0), Array(4), Array(3), Array(0), Array(0), Array(0), Array(0), Array(1), Array(1), Array(1), Array(1)]
 843piece {type: 'bishop', color: 'black', position: Array(2), hasMoved: false, index: 5} 843piece.color black 843opponentColor black 843currentColor white
 77722piece.position (2) [0, 4]
 77722piece.position (2) [0, 4]
 843checkDirection 6 843threateningPieceIndex 0 (16) [Array(0), Array(7), Array(4), Array(3), Array(0), Array(0), Array(4), Array(3), Array(0), Array(0), Array(0), Array(0), Array(1), Array(1), Array(1), Array(1)]
 843piece {type: 'pawn', color: 'black', position: Array(2), hasMoved: false, index: 11} 843piece.color black 843opponentColor black 843currentColor white
 843checkDirection 7 843threateningPieceIndex 0 (16) [Array(0), Array(7), Array(4), Array(3), Array(0), Array(0), Array(4), Array(3), Array(0), Array(0), Array(0), Array(0), Array(1), Array(1), Array(1), Array(1)]
 843piece {type: 'pawn', color: 'black', position: Array(2), hasMoved: false, index: 13} 843piece.color black 843opponentColor black 843currentColor white
 77722piece.position (2) [0, 4]
 77722piece.position (2) [0, 4]
 77722piece.position (2) [0, 4]
 77722piece.position (2) [0, 4]
 843checkDirection 12 843threateningPieceIndex 0 (16) [Array(0), Array(7), Array(4), Array(3), Array(0), Array(0), Array(4), Array(3), Array(0), Array(0), Array(0), Array(0), Array(1), Array(1), Array(1), Array(1)]
 843piece {type: 'pawn', color: 'black', position: Array(2), hasMoved: false, index: 10} 843piece.color black 843opponentColor black 843currentColor white
 843checkDirection 13 843threateningPieceIndex 0 (16) [Array(0), Array(7), Array(4), Array(3), Array(0), Array(0), Array(4), Array(3), Array(0), Array(0), Array(0), Array(0), Array(1), Array(1), Array(1), Array(1)]
 843piece {type: 'pawn', color: 'black', position: Array(2), hasMoved: false, index: 14} 843piece.color black 843opponentColor black 843currentColor white
 843checkDirection 14 843threateningPieceIndex 0 (16) [Array(0), Array(7), Array(4), Array(3), Array(0), Array(0), Array(4), Array(3), Array(0), Array(0), Array(0), Array(0), Array(1), Array(1), Array(1), Array(1)]
 843piece {type: 'empty', color: 'none', hasMoved: false, position: Array(0), index: 16} 843piece.color none 843opponentColor black 843currentColor white
 843checkDirection 15 843threateningPieceIndex 0 (16) [Array(0), Array(7), Array(4), Array(3), Array(0), Array(0), Array(4), Array(3), Array(0), Array(0), Array(0), Array(0), Array(1), Array(1), Array(1), Array(1)]
 843piece {type: 'empty', color: 'none', hasMoved: false, position: Array(0), index: 16} 843piece.color none 843opponentColor black 843currentColor white
 843matchFoundInDirection 2
 847piece.type knight checkPosition (2) [7, 6] lastPosition (2) [7, 6] gameState {board: Array(8), history: Array(0), turn: 'white', username1: null, username2: '', …} piece {id: 22, type: 'knight', position: Array(2), color: 'white'} position (2) [7, 6] playerNumber 2 lastPosition (2) [7, 6] matchFoundInDirection 2 currentColor white
 7322isCheckParams {board: Array(8), history: Array(0), turn: 'white', username1: null, username2: '', …} (16) [Array(4), Array(3), Array(0), Array(7), Array(0), Array(0), Array(4), Array(3), Array(0), Array(0), Array(1), Array(1), Array(0), Array(0), Array(1), Array(1)] 1 (2) [7, 6] {id: 22, type: 'knight', position: Array(2), color: 'white'} (2) [7, 6] 2 (2) [7, 6] 2 white
 7322threateningSquares (16) [Array(4), Array(3), Array(0), Array(7), Array(0), Array(0), Array(4), Array(3), Array(0), Array(0), Array(1), Array(1), Array(0), Array(0), Array(1), Array(1)]
 7322gameState {board: Array(8), history: Array(0), turn: 'white', username1: null, username2: '', …}
 5556pieceLastPosition (2) [7, 6] undefined
 999King position: (2) [7, 4] (2) [7, 6] (2) [7, 4]
 999Current direction: (2) [0, -1]
 999New position: (2) [7, 3]
 999New position: (2) [7, 2]
 999New position: (2) [7, 1]
 999New position: (2) [7, 0]
 999New position: (2) [7, -1]
 999Current direction: (2) [0, 1]
 999New position: (2) [7, 5]
 999New position: (2) [7, 6]
 999New position: (2) [7, 7]
 999New position: (2) [7, 8]
 999Current direction: (2) [-1, 0]
 999New position: (2) [6, 4]
 999New position: (2) [5, 4]
 999New position: (2) [4, 4]
 999New position: (2) [3, 4]
 999New position: (2) [2, 4]
 999New position: (2) [1, 4]
 999New position: (2) [0, 4]
 999Current direction: (2) [1, 0]
 999New position: (2) [8, 4]
 999Current direction: (2) [-1, -1]
 999New position: (2) [6, 3]
 999New position: (2) [5, 2]
 999New position: (2) [4, 1]
 999New position: (2) [3, 0]
 999New position: (2) [2, -1]
 999Current direction: (2) [-1, 1]
 999New position: (2) [6, 5]
 999New position: (2) [5, 6]
 999New position: (2) [4, 7]
 999New position: (2) [3, 8]
 999Current direction: (2) [1, -1]
 999New position: (2) [8, 3]
 999Current direction: (2) [1, 1]
 999New position: (2) [8, 5]
 999Current direction: (2) [-2, -1]
 999New position: (2) [5, 3]
 999Current direction: (2) [-2, 1]
 999New position: (2) [5, 5]
 999Current direction: (2) [2, -1]
 999New position: (2) [9, 3]
 999Current direction: (2) [2, 1]
 999New position: (2) [9, 5]
 999Current direction: (2) [-1, -2]
 999New position: (2) [6, 2]
 999Current direction: (2) [-1, 2]
 999New position: (2) [6, 6]
 999Current direction: (2) [1, -2]
 999New position: (2) [8, 2]
 999Current direction: (2) [1, 2]
 999New position: (2) [8, 6]
 999Calculated squares: (16) [Array(4), Array(3), Array(7), Array(0), Array(4), Array(3), Array(0), Array(0), Array(1), Array(1), Array(0), Array(0), Array(1), Array(1), Array(0), Array(0)]
 Updated threateningSquaresCopy for check evaluation: (16) [Array(4), Array(3), Array(7), Array(0), Array(4), Array(3), Array(0), Array(0), Array(1), Array(1), Array(0), Array(0), Array(1), Array(1), Array(0), Array(0)]
 7322gameState.history.length 0
 7322canBlockParams (16) [Array(4), Array(3), Array(0), Array(7), Array(0), Array(0), Array(4), Array(3), Array(0), Array(0), Array(1), Array(1), Array(0), Array(0), Array(1), Array(1)] (2) [7, 6] white
 7322currentPlayerPieces (16) [{…}, {…}, {…}, {…}, {…}, {…}, {…}, {…}, {…}, {…}, {…}, {…}, {…}, {…}, {…}, {…}]
 5556threateningSquares (16) [Array(4), Array(3), Array(0), Array(7), Array(0), Array(0), Array(4), Array(3), Array(0), Array(0), Array(1), Array(1), Array(0), Array(0), Array(1), Array(1)] black
 7322threateningSquaresCopy (16) [Array(4), Array(3), Array(0), Array(7), Array(0), Array(0), Array(4), Array(3), Array(0), Array(0), Array(1), Array(1), Array(0), Array(0), Array(1), Array(1)]
 5556Iterating over direction 0 (4) [Array(2), Array(2), Array(2), Array(2)]
 5556color white black black true
 5556Opponent's piece found at square 0,3 white
 5556Iterating over direction 1 (3) [Array(2), Array(2), Array(2)]
 5556color white black black true
 5556Opponent's piece found at square 0,5 white
 5556Iterating over direction 2 []
 5556Row 2 is empty {board: Array(8), history: Array(0), turn: 'white', username1: null, username2: '', …} []
 5556Iterating over direction 3 (7) [Array(2), Array(2), Array(2), Array(2), Array(2), Array(2), Array(2)]
 5556color white black black true
 5556Opponent's piece found at square 1,4 white
 5556Iterating over direction 4 []
 5556Row 4 is empty {board: Array(8), history: Array(0), turn: 'white', username1: null, username2: '', …} []
 5556Iterating over direction 5 []
 5556Row 5 is empty {board: Array(8), history: Array(0), turn: 'white', username1: null, username2: '', …} []
 5556Iterating over direction 6 (4) [Array(2), Array(2), Array(2), Array(2)]
 5556color white black black true
 5556Opponent's piece found at square 1,3 white
 5556Iterating over direction 7 (3) [Array(2), Array(2), Array(2)]
 5556color white black black true
 5556Opponent's piece found at square 1,5 white
 5556Iterating over direction 8 []
 5556Row 8 is empty {board: Array(8), history: Array(0), turn: 'white', username1: null, username2: '', …} []
 5556Iterating over direction 9 []
 5556Row 9 is empty {board: Array(8), history: Array(0), turn: 'white', username1: null, username2: '', …} []
 5556Iterating over direction 10 [Array(2)]
 5556No opponent's knight at square 2,3 empty
 5556Iterating over direction 11 [Array(2)]
 5556No opponent's knight at square 2,5 empty
 5556Iterating over direction 12 []
 5556Row 12 is empty {board: Array(8), history: Array(0), turn: 'white', username1: null, username2: '', …} []
 5556Iterating over direction 13 []
 5556Row 13 is empty {board: Array(8), history: Array(0), turn: 'white', username1: null, username2: '', …} []
 5556Iterating over direction 14 [Array(2)]
 5556No opponent's knight at square 1,2 pawn
 5556Iterating over direction 15 [Array(2)]
 5556No opponent's knight at square 1,6 pawn
 5556Last direction is blank or not an current player's knight at square 1,6
 843firstTriggeringCurrentPiece undefined
 843firstTriggeringCurrentPieceIndex: -1
 843slicedCoordinates: []
 843firstTriggeringCurrentPieceIndex -1
 7322canBlockParams (16) [Array(4), Array(3), Array(0), Array(7), Array(0), Array(0), Array(4), Array(3), Array(0), Array(0), Array(1), Array(1), Array(0), Array(0), Array(1), Array(1)] (2) [7, 6] white
 7322currentPlayerPieces (16) [{…}, {…}, {…}, {…}, {…}, {…}, {…}, {…}, {…}, {…}, {…}, {…}, {…}, {…}, {…}, {…}]
 5556threateningSquares (16) [Array(4), Array(3), Array(0), Array(7), Array(0), Array(0), Array(4), Array(3), Array(0), Array(0), Array(1), Array(1), Array(0), Array(0), Array(1), Array(1)] black
 7322threateningSquaresCopy (16) [Array(4), Array(3), Array(0), Array(7), Array(0), Array(0), Array(4), Array(3), Array(0), Array(0), Array(1), Array(1), Array(0), Array(0), Array(1), Array(1)]
 5556Iterating over direction 0 (4) [Array(2), Array(2), Array(2), Array(2)]
 5556color white black black true
 5556Opponent's piece found at square 0,3 white
 5556Iterating over direction 1 (3) [Array(2), Array(2), Array(2)]
 5556color white black black true
 5556Opponent's piece found at square 0,5 white
 5556Iterating over direction 2 []
 5556Row 2 is empty {board: Array(8), history: Array(0), turn: 'white', username1: null, username2: '', …} []
 5556Iterating over direction 3 (7) [Array(2), Array(2), Array(2), Array(2), Array(2), Array(2), Array(2)]
 5556color white black black true
 5556Opponent's piece found at square 1,4 white
 5556Iterating over direction 4 []
 5556Row 4 is empty {board: Array(8), history: Array(0), turn: 'white', username1: null, username2: '', …} []
 5556Iterating over direction 5 []
 5556Row 5 is empty {board: Array(8), history: Array(0), turn: 'white', username1: null, username2: '', …} []
 5556Iterating over direction 6 (4) [Array(2), Array(2), Array(2), Array(2)]
 5556color white black black true
 5556Opponent's piece found at square 1,3 white
 5556Iterating over direction 7 (3) [Array(2), Array(2), Array(2)]
 5556color white black black true
 5556Opponent's piece found at square 1,5 white
 5556Iterating over direction 8 []
 5556Row 8 is empty {board: Array(8), history: Array(0), turn: 'white', username1: null, username2: '', …} []
 5556Iterating over direction 9 []
 5556Row 9 is empty {board: Array(8), history: Array(0), turn: 'white', username1: null, username2: '', …} []
 5556Iterating over direction 10 [Array(2)]
 5556No opponent's knight at square 2,3 empty
 5556Iterating over direction 11 [Array(2)]
 5556No opponent's knight at square 2,5 empty
 5556Iterating over direction 12 []
 5556Row 12 is empty {board: Array(8), history: Array(0), turn: 'white', username1: null, username2: '', …} []
 5556Iterating over direction 13 []
 5556Row 13 is empty {board: Array(8), history: Array(0), turn: 'white', username1: null, username2: '', …} []
 5556Iterating over direction 14 [Array(2)]
 5556No opponent's knight at square 1,2 pawn
 5556Iterating over direction 15 [Array(2)]
 5556No opponent's knight at square 1,6 pawn
 5556Last direction is blank or not an current player's knight at square 1,6
 7322isKingInCheck false
 843isKingInCheck false 843slicedThreateningSquares undefined 843directionIndex -1
 222getMovesForPiece {id: 22, type: 'knight', position: Array(2), color: 'white'} (2) [7, 6] {board: Array(8), history: Array(0), turn: 'white', username1: null, username2: '', …}
 getFixedMoves {id: 22, type: 'knight', position: Array(2), color: 'white'} (2) [7, 6] {board: Array(8), history: Array(0), turn: 'white', username1: null, username2: '', …} (8) [Array(2), Array(2), Array(2), Array(2), Array(2), Array(2), Array(2), Array(2)] (8) [Array(2), Array(2), null, null, null, null, null, null]
 222getMovesForPieceMoves (2) [Array(2), Array(2)]
 Returning moves: (2) [Array(2), Array(2)] {board: Array(8), history: Array(0), turn: 'white', username1: null, username2: '', …}
 843normalMoves (2) [Array(2), Array(2)]
 843filteredMoves []
 843tempGameState {board: Array(8), history: Array(0), turn: 'white', username1: null, username2: '', …} 843currentColor white 843gameState.threateningPiecesPositions[currentColor] {black: Array(16), white: Array(16)} piece position (2) [5, 5]
 999King position: (2) [7, 4] (2) [5, 5] (2) [7, 4]
 999Current direction: (2) [0, -1]
 999New position: (2) [7, 3]
 999New position: (2) [7, 2]
 999New position: (2) [7, 1]
 999New position: (2) [7, 0]
 999New position: (2) [7, -1]
 999Current direction: (2) [0, 1]
 999New position: (2) [7, 5]
 999New position: (2) [7, 6]
 999New position: (2) [7, 7]
 999New position: (2) [7, 8]
 999Current direction: (2) [-1, 0]
 999New position: (2) [6, 4]
 999New position: (2) [5, 4]
 999New position: (2) [4, 4]
 999New position: (2) [3, 4]
 999New position: (2) [2, 4]
 999New position: (2) [1, 4]
 999New position: (2) [0, 4]
 999Current direction: (2) [1, 0]
 999New position: (2) [8, 4]
 999Current direction: (2) [-1, -1]
 999New position: (2) [6, 3]
 999New position: (2) [5, 2]
 999New position: (2) [4, 1]
 999New position: (2) [3, 0]
 999New position: (2) [2, -1]
 999Current direction: (2) [-1, 1]
 999New position: (2) [6, 5]
 999New position: (2) [5, 6]
 999New position: (2) [4, 7]
 999New position: (2) [3, 8]
 999Current direction: (2) [1, -1]
 999New position: (2) [8, 3]
 999Current direction: (2) [1, 1]
 999New position: (2) [8, 5]
 999Current direction: (2) [-2, -1]
 999New position: (2) [5, 3]
 999Current direction: (2) [-2, 1]
 999New position: (2) [5, 5]
 999Current direction: (2) [2, -1]
 999New position: (2) [9, 3]
 999Current direction: (2) [2, 1]
 999New position: (2) [9, 5]
 999Current direction: (2) [-1, -2]
 999New position: (2) [6, 2]
 999Current direction: (2) [-1, 2]
 999New position: (2) [6, 6]
 999Current direction: (2) [1, -2]
 999New position: (2) [8, 2]
 999Current direction: (2) [1, 2]
 999New position: (2) [8, 6]
 999Calculated squares: (16) [Array(4), Array(3), Array(7), Array(0), Array(4), Array(3), Array(0), Array(0), Array(1), Array(1), Array(0), Array(0), Array(1), Array(1), Array(0), Array(0)]
 debugging 1: 7,3,7,2,7,1,7,0,7,5,7,6,7,7,6,4,5,4,4,4,3,4,2,4,1,4,0,4,,6,3,5,2,4,1,3,0,6,5,5,6,4,7,,,5,3,5,5,,,6,2,6,6,,
 Game State: {board: Array(8), history: Array(0), turn: 'white', username1: null, username2: '', …} Threatening Squares: (16) [Array(4), Array(3), Array(7), Array(0), Array(4), Array(3), Array(0), Array(0), Array(1), Array(1), Array(0), Array(0), Array(1), Array(1), Array(0), Array(0)] Opponent Player Number: 1 Check Position: (2) [7, 4] Piece: {id: 22, type: 'knight', position: Array(2), color: 'white'} Position: (2) [7, 6] Player Number: 2 Last Position: (2) [5, 5] Match Found In Direction: 2 Current Player Color: white
 7322threateningSquares (16) [Array(4), Array(3), Array(7), Array(0), Array(4), Array(3), Array(0), Array(0), Array(1), Array(1), Array(0), Array(0), Array(1), Array(1), Array(0), Array(0)]
 7322gameState {board: Array(8), history: Array(0), turn: 'white', username1: null, username2: '', …}
 5556pieceLastPosition (2) [5, 5]
 7322gameState.history.length 0
 7322gameState {board: Array(8), history: Array(0), turn: 'white', username1: null, username2: '', …}
 7322piece {id: 22, type: 'knight', position: Array(2), color: 'white'} undefined
 7322lastPosition (2) [5, 5]
 7322canBlockParams {board: Array(8), history: Array(0), turn: 'white', username1: null, username2: '', …} (16) [Array(4), Array(3), Array(7), Array(0), Array(4), Array(3), Array(0), Array(0), Array(1), Array(1), Array(0), Array(0), Array(1), Array(1), Array(0), Array(0)] (2) [7, 4] black
 7322threateningSquares (16) [Array(4), Array(3), Array(7), Array(0), Array(4), Array(3), Array(0), Array(0), Array(1), Array(1), Array(0), Array(0), Array(1), Array(1), Array(0), Array(0)]
 7322gameState {board: Array(8), history: Array(0), turn: 'white', username1: null, username2: '', …}
 7322currentPlayerPieces (16) [{…}, {…}, {…}, {…}, {…}, {…}, {…}, {…}, {…}, {…}, {…}, {…}, {…}, {…}, {…}, {…}]
 5556threateningSquares (16) [Array(4), Array(3), Array(7), Array(0), Array(4), Array(3), Array(0), Array(0), Array(1), Array(1), Array(0), Array(0), Array(1), Array(1), Array(0), Array(0)] white
 7322threateningSquaresCopy (16) [Array(4), Array(3), Array(7), Array(0), Array(4), Array(3), Array(0), Array(0), Array(1), Array(1), Array(0), Array(0), Array(1), Array(1), Array(0), Array(0)]
 5556Iterating over direction 0
 5556squarePiece (2) [7, 3] {type: 'queen', color: 'white', position: Array(2), hasMoved: false, index: 19} {board: Array(8), history: Array(0), turn: 'white', username1: null, username2: '', …}
 5556Iterating over square 7,3 with squarePiece color white {board: Array(8), history: Array(0), turn: 'white', username1: null, username2: '', …} {type: 'queen', color: 'white', position: Array(2), hasMoved: false, index: 19}
 5556color white black white
 5556Friendly's piece found at square 7,3 white
 5556Iterating over direction 1
 5556squarePiece (2) [7, 5] {type: 'bishop', color: 'white', position: Array(2), hasMoved: false, index: 21} {board: Array(8), history: Array(0), turn: 'white', username1: null, username2: '', …}
 5556Iterating over square 7,5 with squarePiece color white {board: Array(8), history: Array(0), turn: 'white', username1: null, username2: '', …} {type: 'bishop', color: 'white', position: Array(2), hasMoved: false, index: 21}
 5556color white black white
 5556Friendly's piece found at square 7,5 white
 5556Iterating over direction 2
 5556squarePiece (2) [6, 4] {type: 'pawn', color: 'white', position: Array(2), hasMoved: false, index: 28} {board: Array(8), history: Array(0), turn: 'white', username1: null, username2: '', …}
 5556Iterating over square 6,4 with squarePiece color white {board: Array(8), history: Array(0), turn: 'white', username1: null, username2: '', …} {type: 'pawn', color: 'white', position: Array(2), hasMoved: false, index: 28}
 5556color white black white
 5556Friendly's piece found at square 6,4 white
 5556Iterating over direction 3
 5556Row 3 is empty {board: Array(8), history: Array(0), turn: 'white', username1: null, username2: '', …}
 5556Iterating over direction 4
 5556squarePiece (2) [6, 3] {type: 'pawn', color: 'white', position: Array(2), hasMoved: false, index: 27} {board: Array(8), history: Array(0), turn: 'white', username1: null, username2: '', …}
 5556Iterating over square 6,3 with squarePiece color white {board: Array(8), history: Array(0), turn: 'white', username1: null, username2: '', …} {type: 'pawn', color: 'white', position: Array(2), hasMoved: false, index: 27}
 5556color white black white
 5556Friendly's piece found at square 6,3 white
 5556Iterating over direction 5
 5556squarePiece (2) [6, 5] {type: 'pawn', color: 'white', position: Array(2), hasMoved: false, index: 29} {board: Array(8), history: Array(0), turn: 'white', username1: null, username2: '', …}
 5556Iterating over square 6,5 with squarePiece color white {board: Array(8), history: Array(0), turn: 'white', username1: null, username2: '', …} {type: 'pawn', color: 'white', position: Array(2), hasMoved: false, index: 29}
 5556color white black white
 5556Friendly's piece found at square 6,5 white
 5556Iterating over direction 6
 5556Row 6 is empty {board: Array(8), history: Array(0), turn: 'white', username1: null, username2: '', …}
 5556Iterating over direction 7
 5556Row 7 is empty {board: Array(8), history: Array(0), turn: 'white', username1: null, username2: '', …}
 5556Iterating over direction 8
 5556squarePiece (2) [5, 3] {type: 'empty', color: 'none', hasMoved: false, position: Array(0), index: 16} {board: Array(8), history: Array(0), turn: 'white', username1: null, username2: '', …}
 5556Iterating over square 5,3 with squarePiece color none {board: Array(8), history: Array(0), turn: 'white', username1: null, username2: '', …} {type: 'empty', color: 'none', hasMoved: false, position: Array(0), index: 16}
 5556No piece or color at square 5,3
 5556Iterating over direction 9
 5556squarePiece (2) [5, 5] {type: 'knight', color: 'white', position: Array(2), hasMoved: true, isHighlighted: false, …} {board: Array(8), history: Array(0), turn: 'white', username1: null, username2: '', …}
 5556Iterating over square 5,5 with squarePiece color white {board: Array(8), history: Array(0), turn: 'white', username1: null, username2: '', …} {type: 'knight', color: 'white', position: Array(2), hasMoved: true, isHighlighted: false, …}
 5556color white black white
 5556Friendly's piece found at square 5,5 white
 5556Iterating over direction 10
 5556Row 10 is empty {board: Array(8), history: Array(0), turn: 'white', username1: null, username2: '', …}
 5556Iterating over direction 11
 5556Row 11 is empty {board: Array(8), history: Array(0), turn: 'white', username1: null, username2: '', …}
 5556Iterating over direction 12
 5556squarePiece (2) [6, 2] {type: 'pawn', color: 'white', position: Array(2), hasMoved: false, index: 26} {board: Array(8), history: Array(0), turn: 'white', username1: null, username2: '', …}
 5556Iterating over square 6,2 with squarePiece color white {board: Array(8), history: Array(0), turn: 'white', username1: null, username2: '', …} {type: 'pawn', color: 'white', position: Array(2), hasMoved: false, index: 26}
 5556color white black white
 5556Friendly's piece found at square 6,2 white
 5556Iterating over direction 13
 5556squarePiece (2) [6, 6] {type: 'pawn', color: 'white', position: Array(2), hasMoved: false, index: 30} {board: Array(8), history: Array(0), turn: 'white', username1: null, username2: '', …}
 5556Iterating over square 6,6 with squarePiece color white {board: Array(8), history: Array(0), turn: 'white', username1: null, username2: '', …} {type: 'pawn', color: 'white', position: Array(2), hasMoved: false, index: 30}
 5556color white black white
 5556Friendly's piece found at square 6,6 white
 5556Iterating over direction 14
 5556Row 14 is empty {board: Array(8), history: Array(0), turn: 'white', username1: null, username2: '', …}
 5556Iterating over direction 15
 5556Row 15 is empty {board: Array(8), history: Array(0), turn: 'white', username1: null, username2: '', …}
 843firstTriggeringOpponentPiece undefined
 843threateningSquares (16) [Array(4), Array(3), Array(7), Array(0), Array(4), Array(3), Array(0), Array(0), Array(1), Array(1), Array(0), Array(0), Array(1), Array(1), Array(0), Array(0)] {board: Array(8), history: Array(0), turn: 'white', username1: null, username2: '', …} undefined -1 true
 843firstTriggeringOpponentPieceIndex: -1
 843slicedCoordinates: []
 843firstTriggeringOpponentPieceIndex -1
 7322isKingInCheck false
 7322King is not in check or checkmate.
 843checkDirection -1 {board: Array(8), history: Array(0), turn: 'white', username1: null, username2: '', …}
 843checkResult {isKingInCheck: false, loser: 'white', slicedThreateningSquares: Array(0), checkDirection: -1, firstTriggeringOpponentPiece: undefined, …} []
 843moves [Array(0)]
 843tempGameState {board: Array(8), history: Array(0), turn: 'white', username1: null, username2: '', …} 843currentColor white 843gameState.threateningPiecesPositions[currentColor] {black: Array(16), white: Array(16)} piece position (2) [5, 7]
 999King position: (2) [7, 4] (2) [5, 7] (2) [7, 4]
 999Current direction: (2) [0, -1]
 999New position: (2) [7, 3]
 999New position: (2) [7, 2]
 999New position: (2) [7, 1]
 999New position: (2) [7, 0]
 999New position: (2) [7, -1]
 999Current direction: (2) [0, 1]
 999New position: (2) [7, 5]
 999New position: (2) [7, 6]
 999New position: (2) [7, 7]
 999New position: (2) [7, 8]
 999Current direction: (2) [-1, 0]
 999New position: (2) [6, 4]
 999New position: (2) [5, 4]
 999New position: (2) [4, 4]
 999New position: (2) [3, 4]
 999New position: (2) [2, 4]
 999New position: (2) [1, 4]
 999New position: (2) [0, 4]
 999Current direction: (2) [1, 0]
 999New position: (2) [8, 4]
 999Current direction: (2) [-1, -1]
 999New position: (2) [6, 3]
 999New position: (2) [5, 2]
 999New position: (2) [4, 1]
 999New position: (2) [3, 0]
 999New position: (2) [2, -1]
 999Current direction: (2) [-1, 1]
 999New position: (2) [6, 5]
 999New position: (2) [5, 6]
 999New position: (2) [4, 7]
 999New position: (2) [3, 8]
 999Current direction: (2) [1, -1]
 999New position: (2) [8, 3]
 999Current direction: (2) [1, 1]
 999New position: (2) [8, 5]
 999Current direction: (2) [-2, -1]
 999New position: (2) [5, 3]
 999Current direction: (2) [-2, 1]
 999New position: (2) [5, 5]
 999Current direction: (2) [2, -1]
 999New position: (2) [9, 3]
 999Current direction: (2) [2, 1]
 999New position: (2) [9, 5]
 999Current direction: (2) [-1, -2]
 999New position: (2) [6, 2]
 999Current direction: (2) [-1, 2]
 999New position: (2) [6, 6]
 999Current direction: (2) [1, -2]
 999New position: (2) [8, 2]
 999Current direction: (2) [1, 2]
 999New position: (2) [8, 6]
 999Calculated squares: (16) [Array(4), Array(3), Array(7), Array(0), Array(4), Array(3), Array(0), Array(0), Array(1), Array(1), Array(0), Array(0), Array(1), Array(1), Array(0), Array(0)]
 debugging 1: 7,3,7,2,7,1,7,0,7,5,7,6,7,7,6,4,5,4,4,4,3,4,2,4,1,4,0,4,,6,3,5,2,4,1,3,0,6,5,5,6,4,7,,,5,3,5,5,,,6,2,6,6,,
 Game State: {board: Array(8), history: Array(0), turn: 'white', username1: null, username2: '', …} Threatening Squares: (16) [Array(4), Array(3), Array(7), Array(0), Array(4), Array(3), Array(0), Array(0), Array(1), Array(1), Array(0), Array(0), Array(1), Array(1), Array(0), Array(0)] Opponent Player Number: 1 Check Position: (2) [7, 4] Piece: {id: 22, type: 'knight', position: Array(2), color: 'white'} Position: (2) [7, 6] Player Number: 2 Last Position: (2) [5, 7] Match Found In Direction: 2 Current Player Color: white
 7322threateningSquares (16) [Array(4), Array(3), Array(7), Array(0), Array(4), Array(3), Array(0), Array(0), Array(1), Array(1), Array(0), Array(0), Array(1), Array(1), Array(0), Array(0)]
 7322gameState {board: Array(8), history: Array(0), turn: 'white', username1: null, username2: '', …}
 5556pieceLastPosition (2) [5, 7]
 7322gameState.history.length 0
 7322gameState {board: Array(8), history: Array(0), turn: 'white', username1: null, username2: '', …}
 7322piece {id: 22, type: 'knight', position: Array(2), color: 'white'} undefined
 7322lastPosition (2) [5, 7]
 7322canBlockParams {board: Array(8), history: Array(0), turn: 'white', username1: null, username2: '', …} (16) [Array(4), Array(3), Array(7), Array(0), Array(4), Array(3), Array(0), Array(0), Array(1), Array(1), Array(0), Array(0), Array(1), Array(1), Array(0), Array(0)] (2) [7, 4] black
 7322threateningSquares (16) [Array(4), Array(3), Array(7), Array(0), Array(4), Array(3), Array(0), Array(0), Array(1), Array(1), Array(0), Array(0), Array(1), Array(1), Array(0), Array(0)]
 7322gameState {board: Array(8), history: Array(0), turn: 'white', username1: null, username2: '', …}
 7322currentPlayerPieces (16) [{…}, {…}, {…}, {…}, {…}, {…}, {…}, {…}, {…}, {…}, {…}, {…}, {…}, {…}, {…}, {…}]
 5556threateningSquares (16) [Array(4), Array(3), Array(7), Array(0), Array(4), Array(3), Array(0), Array(0), Array(1), Array(1), Array(0), Array(0), Array(1), Array(1), Array(0), Array(0)] white
 7322threateningSquaresCopy (16) [Array(4), Array(3), Array(7), Array(0), Array(4), Array(3), Array(0), Array(0), Array(1), Array(1), Array(0), Array(0), Array(1), Array(1), Array(0), Array(0)]
 5556Iterating over direction 0
 5556squarePiece (2) [7, 3] {type: 'queen', color: 'white', position: Array(2), hasMoved: false, index: 19} {board: Array(8), history: Array(0), turn: 'white', username1: null, username2: '', …}
 5556Iterating over square 7,3 with squarePiece color white {board: Array(8), history: Array(0), turn: 'white', username1: null, username2: '', …} {type: 'queen', color: 'white', position: Array(2), hasMoved: false, index: 19}
 5556color white black white
 5556Friendly's piece found at square 7,3 white
 5556Iterating over direction 1
 5556squarePiece (2) [7, 5] {type: 'bishop', color: 'white', position: Array(2), hasMoved: false, index: 21} {board: Array(8), history: Array(0), turn: 'white', username1: null, username2: '', …}
 5556Iterating over square 7,5 with squarePiece color white {board: Array(8), history: Array(0), turn: 'white', username1: null, username2: '', …} {type: 'bishop', color: 'white', position: Array(2), hasMoved: false, index: 21}
 5556color white black white
 5556Friendly's piece found at square 7,5 white
 5556Iterating over direction 2
 5556squarePiece (2) [6, 4] {type: 'pawn', color: 'white', position: Array(2), hasMoved: false, index: 28} {board: Array(8), history: Array(0), turn: 'white', username1: null, username2: '', …}
 5556Iterating over square 6,4 with squarePiece color white {board: Array(8), history: Array(0), turn: 'white', username1: null, username2: '', …} {type: 'pawn', color: 'white', position: Array(2), hasMoved: false, index: 28}
 5556color white black white
 5556Friendly's piece found at square 6,4 white
 5556Iterating over direction 3
 5556Row 3 is empty {board: Array(8), history: Array(0), turn: 'white', username1: null, username2: '', …}
 5556Iterating over direction 4
 5556squarePiece (2) [6, 3] {type: 'pawn', color: 'white', position: Array(2), hasMoved: false, index: 27} {board: Array(8), history: Array(0), turn: 'white', username1: null, username2: '', …}
 5556Iterating over square 6,3 with squarePiece color white {board: Array(8), history: Array(0), turn: 'white', username1: null, username2: '', …} {type: 'pawn', color: 'white', position: Array(2), hasMoved: false, index: 27}
 5556color white black white
 5556Friendly's piece found at square 6,3 white
 5556Iterating over direction 5
 5556squarePiece (2) [6, 5] {type: 'pawn', color: 'white', position: Array(2), hasMoved: false, index: 29} {board: Array(8), history: Array(0), turn: 'white', username1: null, username2: '', …}
 5556Iterating over square 6,5 with squarePiece color white {board: Array(8), history: Array(0), turn: 'white', username1: null, username2: '', …} {type: 'pawn', color: 'white', position: Array(2), hasMoved: false, index: 29}
 5556color white black white
 5556Friendly's piece found at square 6,5 white
 5556Iterating over direction 6
 5556Row 6 is empty {board: Array(8), history: Array(0), turn: 'white', username1: null, username2: '', …}
 5556Iterating over direction 7
 5556Row 7 is empty {board: Array(8), history: Array(0), turn: 'white', username1: null, username2: '', …}
 5556Iterating over direction 8
 5556squarePiece (2) [5, 3] {type: 'empty', color: 'none', hasMoved: false, position: Array(0), index: 16} {board: Array(8), history: Array(0), turn: 'white', username1: null, username2: '', …}
 5556Iterating over square 5,3 with squarePiece color none {board: Array(8), history: Array(0), turn: 'white', username1: null, username2: '', …} {type: 'empty', color: 'none', hasMoved: false, position: Array(0), index: 16}
 5556No piece or color at square 5,3
 5556Iterating over direction 9
 5556squarePiece (2) [5, 5] {type: 'empty', color: 'none', hasMoved: false, position: Array(0), index: 16} {board: Array(8), history: Array(0), turn: 'white', username1: null, username2: '', …}
 5556Iterating over square 5,5 with squarePiece color none {board: Array(8), history: Array(0), turn: 'white', username1: null, username2: '', …} {type: 'empty', color: 'none', hasMoved: false, position: Array(0), index: 16}
 5556No piece or color at square 5,5
 5556Iterating over direction 10
 5556Row 10 is empty {board: Array(8), history: Array(0), turn: 'white', username1: null, username2: '', …}
 5556Iterating over direction 11
 5556Row 11 is empty {board: Array(8), history: Array(0), turn: 'white', username1: null, username2: '', …}
 5556Iterating over direction 12
 5556squarePiece (2) [6, 2] {type: 'pawn', color: 'white', position: Array(2), hasMoved: false, index: 26} {board: Array(8), history: Array(0), turn: 'white', username1: null, username2: '', …}
 5556Iterating over square 6,2 with squarePiece color white {board: Array(8), history: Array(0), turn: 'white', username1: null, username2: '', …} {type: 'pawn', color: 'white', position: Array(2), hasMoved: false, index: 26}
 5556color white black white
 5556Friendly's piece found at square 6,2 white
 5556Iterating over direction 13
 5556squarePiece (2) [6, 6] {type: 'pawn', color: 'white', position: Array(2), hasMoved: false, index: 30} {board: Array(8), history: Array(0), turn: 'white', username1: null, username2: '', …}
 5556Iterating over square 6,6 with squarePiece color white {board: Array(8), history: Array(0), turn: 'white', username1: null, username2: '', …} {type: 'pawn', color: 'white', position: Array(2), hasMoved: false, index: 30}
 5556color white black white
 5556Friendly's piece found at square 6,6 white
 5556Iterating over direction 14
 5556Row 14 is empty {board: Array(8), history: Array(0), turn: 'white', username1: null, username2: '', …}
 5556Iterating over direction 15
 5556Row 15 is empty {board: Array(8), history: Array(0), turn: 'white', username1: null, username2: '', …}
 843firstTriggeringOpponentPiece undefined
 843threateningSquares (16) [Array(4), Array(3), Array(7), Array(0), Array(4), Array(3), Array(0), Array(0), Array(1), Array(1), Array(0), Array(0), Array(1), Array(1), Array(0), Array(0)] {board: Array(8), history: Array(0), turn: 'white', username1: null, username2: '', …} undefined -1 true
 843firstTriggeringOpponentPieceIndex: -1
 843slicedCoordinates: []
 843firstTriggeringOpponentPieceIndex -1
 7322isKingInCheck false
 7322King is not in check or checkmate.
 843checkDirection -1 {board: Array(8), history: Array(0), turn: 'white', username1: null, username2: '', …}
 843checkResult {isKingInCheck: false, loser: 'white', slicedThreateningSquares: Array(0), checkDirection: -1, firstTriggeringOpponentPiece: undefined, …} []
 843moves (2) [Array(0), Array(0)]
 843normalMoves (2) [Array(2), Array(2)] []
 843normalMoves (2) [Array(2), Array(2)] []
 843moves (2) [Array(0), Array(0)] (2) [Array(2), Array(2)]
 Checking move 0: []
 Comparing with normalMove 0: (2) [5, 5] (2) [Array(2), Array(2)]
 Comparing with normalMove 1: (2) [5, 7] (2) [Array(2), Array(2)]
 Move 0 not found in normalMoves, errorFound set to true
 Some moves may have inconsistent format, but proceeding anyway
overrideMethod @ installHook.js:1
validMoves @ validMoves.ts:569
(anonymous) @ aiEngine.ts:22
getRandomMove @ aiEngine.ts:19
getAIMove @ aiEngine.ts:6
makeAIMove @ App.tsx:199
await in makeAIMove
(anonymous) @ App.tsx:246
(anonymous) @ App.tsx:252
setTimeout
(anonymous) @ App.tsx:251
commitHookEffectListMount @ chunk-X3B7SAOS.js:16904
commitPassiveMountOnFiber @ chunk-X3B7SAOS.js:18152
commitPassiveMountEffects_complete @ chunk-X3B7SAOS.js:18125
commitPassiveMountEffects_begin @ chunk-X3B7SAOS.js:18115
commitPassiveMountEffects @ chunk-X3B7SAOS.js:18105
flushPassiveEffectsImpl @ chunk-X3B7SAOS.js:19486
flushPassiveEffects @ chunk-X3B7SAOS.js:19443
performSyncWorkOnRoot @ chunk-X3B7SAOS.js:18864
flushSyncCallbacks @ chunk-X3B7SAOS.js:9135
commitRootImpl @ chunk-X3B7SAOS.js:19428
commitRoot @ chunk-X3B7SAOS.js:19273
finishConcurrentRender @ chunk-X3B7SAOS.js:18801
performConcurrentWorkOnRoot @ chunk-X3B7SAOS.js:18714
workLoop @ chunk-X3B7SAOS.js:197
flushWork @ chunk-X3B7SAOS.js:176
performWorkUntilDeadline @ chunk-X3B7SAOS.js:384
 302validMoves piece {id: 23, type: 'rook', position: Array(2), color: 'white'} position (2) [7, 7] gameState {board: Array(8), history: Array(0), turn: 'white', username1: null, username2: '', …} playerNumber 2 lastPosition (2) [7, 7]
 7778tempGameState 7 7778pieceLastPosition 7 7778piece 4 7778tempKing 7 tempGameState {board: Array(8), history: Array(0), turn: 'white', username1: null, username2: '', …}
 843hypotheticalGameState {board: Array(8), history: Array(0), turn: 'white', username1: null, username2: '', …} 843piece.position (2) [7, 7] 843lastPosition (2) [7, 7]
 843checkDirection 0 843threateningPieceIndex 0 (16) [Array(4), Array(3), Array(7), Array(0), Array(4), Array(3), Array(0), Array(0), Array(1), Array(1), Array(0), Array(0), Array(1), Array(1), Array(0), Array(0)]
 843piece {type: 'queen', color: 'white', position: Array(2), hasMoved: false, index: 19} 843piece.color white 843opponentColor black 843currentColor white
 843checkDirection 1 843threateningPieceIndex 0 (16) [Array(4), Array(3), Array(7), Array(0), Array(4), Array(3), Array(0), Array(0), Array(1), Array(1), Array(0), Array(0), Array(1), Array(1), Array(0), Array(0)]
 843piece {type: 'bishop', color: 'white', position: Array(2), hasMoved: false, index: 21} 843piece.color white 843opponentColor black 843currentColor white
 843checkDirection 2 843threateningPieceIndex 0 (16) [Array(4), Array(3), Array(7), Array(0), Array(4), Array(3), Array(0), Array(0), Array(1), Array(1), Array(0), Array(0), Array(1), Array(1), Array(0), Array(0)]
 843piece {type: 'pawn', color: 'white', position: Array(2), hasMoved: false, index: 28} 843piece.color white 843opponentColor black 843currentColor white
 77722piece.position (2) [0, 4]
 843checkDirection 3 843threateningPieceIndex 0 (16) [Array(0), Array(7), Array(4), Array(3), Array(0), Array(0), Array(4), Array(3), Array(0), Array(0), Array(0), Array(0), Array(1), Array(1), Array(1), Array(1)]
 843piece {type: 'bishop', color: 'black', position: Array(2), hasMoved: false, index: 5} 843piece.color black 843opponentColor black 843currentColor white
 77722piece.position (2) [0, 4]
 77722piece.position (2) [0, 4]
 843checkDirection 6 843threateningPieceIndex 0 (16) [Array(0), Array(7), Array(4), Array(3), Array(0), Array(0), Array(4), Array(3), Array(0), Array(0), Array(0), Array(0), Array(1), Array(1), Array(1), Array(1)]
 843piece {type: 'pawn', color: 'black', position: Array(2), hasMoved: false, index: 11} 843piece.color black 843opponentColor black 843currentColor white
 843checkDirection 7 843threateningPieceIndex 0 (16) [Array(0), Array(7), Array(4), Array(3), Array(0), Array(0), Array(4), Array(3), Array(0), Array(0), Array(0), Array(0), Array(1), Array(1), Array(1), Array(1)]
 843piece {type: 'pawn', color: 'black', position: Array(2), hasMoved: false, index: 13} 843piece.color black 843opponentColor black 843currentColor white
 77722piece.position (2) [0, 4]
 77722piece.position (2) [0, 4]
 77722piece.position (2) [0, 4]
 77722piece.position (2) [0, 4]
 843checkDirection 12 843threateningPieceIndex 0 (16) [Array(0), Array(7), Array(4), Array(3), Array(0), Array(0), Array(4), Array(3), Array(0), Array(0), Array(0), Array(0), Array(1), Array(1), Array(1), Array(1)]
 843piece {type: 'pawn', color: 'black', position: Array(2), hasMoved: false, index: 10} 843piece.color black 843opponentColor black 843currentColor white
 843checkDirection 13 843threateningPieceIndex 0 (16) [Array(0), Array(7), Array(4), Array(3), Array(0), Array(0), Array(4), Array(3), Array(0), Array(0), Array(0), Array(0), Array(1), Array(1), Array(1), Array(1)]
 843piece {type: 'pawn', color: 'black', position: Array(2), hasMoved: false, index: 14} 843piece.color black 843opponentColor black 843currentColor white
 843checkDirection 14 843threateningPieceIndex 0 (16) [Array(0), Array(7), Array(4), Array(3), Array(0), Array(0), Array(4), Array(3), Array(0), Array(0), Array(0), Array(0), Array(1), Array(1), Array(1), Array(1)]
 843piece {type: 'empty', color: 'none', hasMoved: false, position: Array(0), index: 16} 843piece.color none 843opponentColor black 843currentColor white
 843checkDirection 15 843threateningPieceIndex 0 (16) [Array(0), Array(7), Array(4), Array(3), Array(0), Array(0), Array(4), Array(3), Array(0), Array(0), Array(0), Array(0), Array(1), Array(1), Array(1), Array(1)]
 843piece {type: 'empty', color: 'none', hasMoved: false, position: Array(0), index: 16} 843piece.color none 843opponentColor black 843currentColor white
 843matchFoundInDirection 2
 847piece.type rook checkPosition (2) [7, 7] lastPosition (2) [7, 7] gameState {board: Array(8), history: Array(0), turn: 'white', username1: null, username2: '', …} piece {id: 23, type: 'rook', position: Array(2), color: 'white'} position (2) [7, 7] playerNumber 2 lastPosition (2) [7, 7] matchFoundInDirection 2 currentColor white
 7322isCheckParams {board: Array(8), history: Array(0), turn: 'white', username1: null, username2: '', …} (16) [Array(4), Array(3), Array(0), Array(7), Array(0), Array(0), Array(4), Array(3), Array(0), Array(0), Array(1), Array(1), Array(0), Array(0), Array(1), Array(1)] 1 (2) [7, 7] {id: 23, type: 'rook', position: Array(2), color: 'white'} (2) [7, 7] 2 (2) [7, 7] 2 white
 7322threateningSquares (16) [Array(4), Array(3), Array(0), Array(7), Array(0), Array(0), Array(4), Array(3), Array(0), Array(0), Array(1), Array(1), Array(0), Array(0), Array(1), Array(1)]
 7322gameState {board: Array(8), history: Array(0), turn: 'white', username1: null, username2: '', …}
 5556pieceLastPosition (2) [7, 7] undefined
 999King position: (2) [7, 4] (2) [7, 7] (2) [7, 4]
 999Current direction: (2) [0, -1]
 999New position: (2) [7, 3]
 999New position: (2) [7, 2]
 999New position: (2) [7, 1]
 999New position: (2) [7, 0]
 999New position: (2) [7, -1]
 999Current direction: (2) [0, 1]
 999New position: (2) [7, 5]
 999New position: (2) [7, 6]
 999New position: (2) [7, 7]
 999New position: (2) [7, 8]
 999Current direction: (2) [-1, 0]
 999New position: (2) [6, 4]
 999New position: (2) [5, 4]
 999New position: (2) [4, 4]
 999New position: (2) [3, 4]
 999New position: (2) [2, 4]
 999New position: (2) [1, 4]
 999New position: (2) [0, 4]
 999Current direction: (2) [1, 0]
 999New position: (2) [8, 4]
 999Current direction: (2) [-1, -1]
 999New position: (2) [6, 3]
 999New position: (2) [5, 2]
 999New position: (2) [4, 1]
 999New position: (2) [3, 0]
 999New position: (2) [2, -1]
 999Current direction: (2) [-1, 1]
 999New position: (2) [6, 5]
 999New position: (2) [5, 6]
 999New position: (2) [4, 7]
 999New position: (2) [3, 8]
 999Current direction: (2) [1, -1]
 999New position: (2) [8, 3]
 999Current direction: (2) [1, 1]
 999New position: (2) [8, 5]
 999Current direction: (2) [-2, -1]
 999New position: (2) [5, 3]
 999Current direction: (2) [-2, 1]
 999New position: (2) [5, 5]
 999Current direction: (2) [2, -1]
 999New position: (2) [9, 3]
 999Current direction: (2) [2, 1]
 999New position: (2) [9, 5]
 999Current direction: (2) [-1, -2]
 999New position: (2) [6, 2]
 999Current direction: (2) [-1, 2]
 999New position: (2) [6, 6]
 999Current direction: (2) [1, -2]
 999New position: (2) [8, 2]
 999Current direction: (2) [1, 2]
 999New position: (2) [8, 6]
 999Calculated squares: (16) [Array(4), Array(3), Array(7), Array(0), Array(4), Array(3), Array(0), Array(0), Array(1), Array(1), Array(0), Array(0), Array(1), Array(1), Array(0), Array(0)]
 Updated threateningSquaresCopy for check evaluation: (16) [Array(4), Array(3), Array(7), Array(0), Array(4), Array(3), Array(0), Array(0), Array(1), Array(1), Array(0), Array(0), Array(1), Array(1), Array(0), Array(0)]
 7322gameState.history.length 0
 7322canBlockParams (16) [Array(4), Array(3), Array(0), Array(7), Array(0), Array(0), Array(4), Array(3), Array(0), Array(0), Array(1), Array(1), Array(0), Array(0), Array(1), Array(1)] (2) [7, 7] white
 7322currentPlayerPieces (16) [{…}, {…}, {…}, {…}, {…}, {…}, {…}, {…}, {…}, {…}, {…}, {…}, {…}, {…}, {…}, {…}]
 5556threateningSquares (16) [Array(4), Array(3), Array(0), Array(7), Array(0), Array(0), Array(4), Array(3), Array(0), Array(0), Array(1), Array(1), Array(0), Array(0), Array(1), Array(1)] black
 7322threateningSquaresCopy (16) [Array(4), Array(3), Array(0), Array(7), Array(0), Array(0), Array(4), Array(3), Array(0), Array(0), Array(1), Array(1), Array(0), Array(0), Array(1), Array(1)]
 5556Iterating over direction 0 (4) [Array(2), Array(2), Array(2), Array(2)]
 5556color white black black true
 5556Opponent's piece found at square 0,3 white
 5556Iterating over direction 1 (3) [Array(2), Array(2), Array(2)]
 5556color white black black true
 5556Opponent's piece found at square 0,5 white
 5556Iterating over direction 2 []
 5556Row 2 is empty {board: Array(8), history: Array(0), turn: 'white', username1: null, username2: '', …} []
 5556Iterating over direction 3 (7) [Array(2), Array(2), Array(2), Array(2), Array(2), Array(2), Array(2)]
 5556color white black black true
 5556Opponent's piece found at square 1,4 white
 5556Iterating over direction 4 []
 5556Row 4 is empty {board: Array(8), history: Array(0), turn: 'white', username1: null, username2: '', …} []
 5556Iterating over direction 5 []
 5556Row 5 is empty {board: Array(8), history: Array(0), turn: 'white', username1: null, username2: '', …} []
 5556Iterating over direction 6 (4) [Array(2), Array(2), Array(2), Array(2)]
 5556color white black black true
 5556Opponent's piece found at square 1,3 white
 5556Iterating over direction 7 (3) [Array(2), Array(2), Array(2)]
 5556color white black black true
 5556Opponent's piece found at square 1,5 white
 5556Iterating over direction 8 []
 5556Row 8 is empty {board: Array(8), history: Array(0), turn: 'white', username1: null, username2: '', …} []
 5556Iterating over direction 9 []
 5556Row 9 is empty {board: Array(8), history: Array(0), turn: 'white', username1: null, username2: '', …} []
 5556Iterating over direction 10 [Array(2)]
 5556No opponent's knight at square 2,3 empty
 5556Iterating over direction 11 [Array(2)]
 5556No opponent's knight at square 2,5 empty
 5556Iterating over direction 12 []
 5556Row 12 is empty {board: Array(8), history: Array(0), turn: 'white', username1: null, username2: '', …} []
 5556Iterating over direction 13 []
 5556Row 13 is empty {board: Array(8), history: Array(0), turn: 'white', username1: null, username2: '', …} []
 5556Iterating over direction 14 [Array(2)]
 5556No opponent's knight at square 1,2 pawn
 5556Iterating over direction 15 [Array(2)]
 5556No opponent's knight at square 1,6 pawn
 5556Last direction is blank or not an current player's knight at square 1,6
 843firstTriggeringCurrentPiece undefined
 843firstTriggeringCurrentPieceIndex: -1
 843slicedCoordinates: []
 843firstTriggeringCurrentPieceIndex -1
 7322canBlockParams (16) [Array(4), Array(3), Array(0), Array(7), Array(0), Array(0), Array(4), Array(3), Array(0), Array(0), Array(1), Array(1), Array(0), Array(0), Array(1), Array(1)] (2) [7, 7] white
 7322currentPlayerPieces (16) [{…}, {…}, {…}, {…}, {…}, {…}, {…}, {…}, {…}, {…}, {…}, {…}, {…}, {…}, {…}, {…}]
 5556threateningSquares (16) [Array(4), Array(3), Array(0), Array(7), Array(0), Array(0), Array(4), Array(3), Array(0), Array(0), Array(1), Array(1), Array(0), Array(0), Array(1), Array(1)] black
 7322threateningSquaresCopy (16) [Array(4), Array(3), Array(0), Array(7), Array(0), Array(0), Array(4), Array(3), Array(0), Array(0), Array(1), Array(1), Array(0), Array(0), Array(1), Array(1)]
 5556Iterating over direction 0 (4) [Array(2), Array(2), Array(2), Array(2)]
 5556color white black black true
 5556Opponent's piece found at square 0,3 white
 5556Iterating over direction 1 (3) [Array(2), Array(2), Array(2)]
 5556color white black black true
 5556Opponent's piece found at square 0,5 white
 5556Iterating over direction 2 []
 5556Row 2 is empty {board: Array(8), history: Array(0), turn: 'white', username1: null, username2: '', …} []
 5556Iterating over direction 3 (7) [Array(2), Array(2), Array(2), Array(2), Array(2), Array(2), Array(2)]
 5556color white black black true
 5556Opponent's piece found at square 1,4 white
 5556Iterating over direction 4 []
 5556Row 4 is empty {board: Array(8), history: Array(0), turn: 'white', username1: null, username2: '', …} []
 5556Iterating over direction 5 []
 5556Row 5 is empty {board: Array(8), history: Array(0), turn: 'white', username1: null, username2: '', …} []
 5556Iterating over direction 6 (4) [Array(2), Array(2), Array(2), Array(2)]
 5556color white black black true
 5556Opponent's piece found at square 1,3 white
 5556Iterating over direction 7 (3) [Array(2), Array(2), Array(2)]
 5556color white black black true
 5556Opponent's piece found at square 1,5 white
 5556Iterating over direction 8 []
 5556Row 8 is empty {board: Array(8), history: Array(0), turn: 'white', username1: null, username2: '', …} []
 5556Iterating over direction 9 []
 5556Row 9 is empty {board: Array(8), history: Array(0), turn: 'white', username1: null, username2: '', …} []
 5556Iterating over direction 10 [Array(2)]
 5556No opponent's knight at square 2,3 empty
 5556Iterating over direction 11 [Array(2)]
 5556No opponent's knight at square 2,5 empty
 5556Iterating over direction 12 []
 5556Row 12 is empty {board: Array(8), history: Array(0), turn: 'white', username1: null, username2: '', …} []
 5556Iterating over direction 13 []
 5556Row 13 is empty {board: Array(8), history: Array(0), turn: 'white', username1: null, username2: '', …} []
 5556Iterating over direction 14 [Array(2)]
 5556No opponent's knight at square 1,2 pawn
 5556Iterating over direction 15 [Array(2)]
 5556No opponent's knight at square 1,6 pawn
 5556Last direction is blank or not an current player's knight at square 1,6
 7322isKingInCheck false
 843isKingInCheck false 843slicedThreateningSquares undefined 843directionIndex -1
 222getMovesForPiece {id: 23, type: 'rook', position: Array(2), color: 'white'} (2) [7, 7] {board: Array(8), history: Array(0), turn: 'white', username1: null, username2: '', …}
 222getLinearMoves {id: 23, type: 'rook', position: Array(2), color: 'white'} (2) [7, 7] {board: Array(8), history: Array(0), turn: 'white', username1: null, username2: '', …}
 989directions (4) [Array(2), Array(2), Array(2), Array(2)]
 989newPosition (2) [6, 7] (2) [7, 7] -1 0 0
 989positions [Array(2)]
 989pieceAtNewPosition {type: 'pawn', color: 'white', position: Array(2), hasMoved: false, index: 31}
 989pieceAtNewPosition.type pawn
 989pieceAtNewPosition.color white [Array(2)]
 989positions []
 989Positions for direction: (2) [-1, 0] []
 989newPosition (2) [8, 7] (2) [7, 7] 1 0 0
 989Piece is off the board (2) [8, 7]
 989Positions for direction: (2) [1, 0] []
 989newPosition (2) [7, 6] (2) [7, 7] 0 -1 0
 989positions [Array(2)]
 989pieceAtNewPosition {type: 'knight', color: 'white', position: Array(2), hasMoved: false, index: 22}
 989pieceAtNewPosition.type knight
 989pieceAtNewPosition.color white [Array(2)]
 989positions []
 989Positions for direction: (2) [0, -1] []
 989newPosition (2) [7, 8] (2) [7, 7] 0 1 0
 989Piece is off the board (2) [7, 8]
 989Positions for direction: (2) [0, 1] []
 989flattenedMoves []
 222getMovesForPieceMoves []
 Returning moves: [] {board: Array(8), history: Array(0), turn: 'white', username1: null, username2: '', …}
 843normalMoves []
 843filteredMoves []
 843normalMoves [] []
 843normalMoves [] []
 843moves [] []
 302validMoves piece {id: 24, type: 'pawn', position: Array(2), color: 'white'} position (2) [6, 0] gameState {board: Array(8), history: Array(0), turn: 'white', username1: null, username2: '', …} playerNumber 2 lastPosition (2) [6, 0]
 7778tempGameState 7 7778pieceLastPosition 6 7778piece 4 7778tempKing 0 tempGameState {board: Array(8), history: Array(0), turn: 'white', username1: null, username2: '', …}
 843hypotheticalGameState {board: Array(8), history: Array(0), turn: 'white', username1: null, username2: '', …} 843piece.position (2) [6, 0] 843lastPosition (2) [6, 0]
 843checkDirection 0 843threateningPieceIndex 0 (16) [Array(4), Array(3), Array(7), Array(0), Array(4), Array(3), Array(0), Array(0), Array(1), Array(1), Array(0), Array(0), Array(1), Array(1), Array(0), Array(0)]
 843piece {type: 'queen', color: 'white', position: Array(2), hasMoved: false, index: 19} 843piece.color white 843opponentColor black 843currentColor white
 843checkDirection 1 843threateningPieceIndex 0 (16) [Array(4), Array(3), Array(7), Array(0), Array(4), Array(3), Array(0), Array(0), Array(1), Array(1), Array(0), Array(0), Array(1), Array(1), Array(0), Array(0)]
 843piece {type: 'bishop', color: 'white', position: Array(2), hasMoved: false, index: 21} 843piece.color white 843opponentColor black 843currentColor white
 843checkDirection 2 843threateningPieceIndex 0 (16) [Array(4), Array(3), Array(7), Array(0), Array(4), Array(3), Array(0), Array(0), Array(1), Array(1), Array(0), Array(0), Array(1), Array(1), Array(0), Array(0)]
 843piece {type: 'pawn', color: 'white', position: Array(2), hasMoved: false, index: 28} 843piece.color white 843opponentColor black 843currentColor white
 77722piece.position (2) [0, 4]
 843checkDirection 3 843threateningPieceIndex 0 (16) [Array(0), Array(7), Array(4), Array(3), Array(0), Array(0), Array(4), Array(3), Array(0), Array(0), Array(0), Array(0), Array(1), Array(1), Array(1), Array(1)]
 843piece {type: 'bishop', color: 'black', position: Array(2), hasMoved: false, index: 5} 843piece.color black 843opponentColor black 843currentColor white
 77722piece.position (2) [0, 4]
 77722piece.position (2) [0, 4]
 843checkDirection 6 843threateningPieceIndex 0 (16) [Array(0), Array(7), Array(4), Array(3), Array(0), Array(0), Array(4), Array(3), Array(0), Array(0), Array(0), Array(0), Array(1), Array(1), Array(1), Array(1)]
 843piece {type: 'pawn', color: 'black', position: Array(2), hasMoved: false, index: 11} 843piece.color black 843opponentColor black 843currentColor white
 843checkDirection 7 843threateningPieceIndex 0 (16) [Array(0), Array(7), Array(4), Array(3), Array(0), Array(0), Array(4), Array(3), Array(0), Array(0), Array(0), Array(0), Array(1), Array(1), Array(1), Array(1)]
 843piece {type: 'pawn', color: 'black', position: Array(2), hasMoved: false, index: 13} 843piece.color black 843opponentColor black 843currentColor white
 77722piece.position (2) [0, 4]
 77722piece.position (2) [0, 4]
 77722piece.position (2) [0, 4]
 77722piece.position (2) [0, 4]
 843checkDirection 12 843threateningPieceIndex 0 (16) [Array(0), Array(7), Array(4), Array(3), Array(0), Array(0), Array(4), Array(3), Array(0), Array(0), Array(0), Array(0), Array(1), Array(1), Array(1), Array(1)]
 843piece {type: 'pawn', color: 'black', position: Array(2), hasMoved: false, index: 10} 843piece.color black 843opponentColor black 843currentColor white
 843checkDirection 13 843threateningPieceIndex 0 (16) [Array(0), Array(7), Array(4), Array(3), Array(0), Array(0), Array(4), Array(3), Array(0), Array(0), Array(0), Array(0), Array(1), Array(1), Array(1), Array(1)]
 843piece {type: 'pawn', color: 'black', position: Array(2), hasMoved: false, index: 14} 843piece.color black 843opponentColor black 843currentColor white
 843checkDirection 14 843threateningPieceIndex 0 (16) [Array(0), Array(7), Array(4), Array(3), Array(0), Array(0), Array(4), Array(3), Array(0), Array(0), Array(0), Array(0), Array(1), Array(1), Array(1), Array(1)]
 843piece {type: 'empty', color: 'none', hasMoved: false, position: Array(0), index: 16} 843piece.color none 843opponentColor black 843currentColor white
 843checkDirection 15 843threateningPieceIndex 0 (16) [Array(0), Array(7), Array(4), Array(3), Array(0), Array(0), Array(4), Array(3), Array(0), Array(0), Array(0), Array(0), Array(1), Array(1), Array(1), Array(1)]
 843piece {type: 'empty', color: 'none', hasMoved: false, position: Array(0), index: 16} 843piece.color none 843opponentColor black 843currentColor white
 843matchFoundInDirection 2
 847piece.type pawn checkPosition (2) [6, 0] lastPosition (2) [6, 0] gameState {board: Array(8), history: Array(0), turn: 'white', username1: null, username2: '', …} piece {id: 24, type: 'pawn', position: Array(2), color: 'white'} position (2) [6, 0] playerNumber 2 lastPosition (2) [6, 0] matchFoundInDirection 2 currentColor white
 7322isCheckParams {board: Array(8), history: Array(0), turn: 'white', username1: null, username2: '', …} (16) [Array(4), Array(3), Array(0), Array(7), Array(0), Array(0), Array(4), Array(3), Array(0), Array(0), Array(1), Array(1), Array(0), Array(0), Array(1), Array(1)] 1 (2) [6, 0] {id: 24, type: 'pawn', position: Array(2), color: 'white'} (2) [6, 0] 2 (2) [6, 0] 2 white
 7322threateningSquares (16) [Array(4), Array(3), Array(0), Array(7), Array(0), Array(0), Array(4), Array(3), Array(0), Array(0), Array(1), Array(1), Array(0), Array(0), Array(1), Array(1)]
 7322gameState {board: Array(8), history: Array(0), turn: 'white', username1: null, username2: '', …}
 5556pieceLastPosition (2) [6, 0] undefined
 999King position: (2) [7, 4] (2) [6, 0] (2) [7, 4]
 999Current direction: (2) [0, -1]
 999New position: (2) [7, 3]
 999New position: (2) [7, 2]
 999New position: (2) [7, 1]
 999New position: (2) [7, 0]
 999New position: (2) [7, -1]
 999Current direction: (2) [0, 1]
 999New position: (2) [7, 5]
 999New position: (2) [7, 6]
 999New position: (2) [7, 7]
 999New position: (2) [7, 8]
 999Current direction: (2) [-1, 0]
 999New position: (2) [6, 4]
 999New position: (2) [5, 4]
 999New position: (2) [4, 4]
 999New position: (2) [3, 4]
 999New position: (2) [2, 4]
 999New position: (2) [1, 4]
 999New position: (2) [0, 4]
 999Current direction: (2) [1, 0]
 999New position: (2) [8, 4]
 999Current direction: (2) [-1, -1]
 999New position: (2) [6, 3]
 999New position: (2) [5, 2]
 999New position: (2) [4, 1]
 999New position: (2) [3, 0]
 999New position: (2) [2, -1]
 999Current direction: (2) [-1, 1]
 999New position: (2) [6, 5]
 999New position: (2) [5, 6]
 999New position: (2) [4, 7]
 999New position: (2) [3, 8]
 999Current direction: (2) [1, -1]
 999New position: (2) [8, 3]
 999Current direction: (2) [1, 1]
 999New position: (2) [8, 5]
 999Current direction: (2) [-2, -1]
 999New position: (2) [5, 3]
 999Current direction: (2) [-2, 1]
 999New position: (2) [5, 5]
 999Current direction: (2) [2, -1]
 999New position: (2) [9, 3]
 999Current direction: (2) [2, 1]
 999New position: (2) [9, 5]
 999Current direction: (2) [-1, -2]
 999New position: (2) [6, 2]
 999Current direction: (2) [-1, 2]
 999New position: (2) [6, 6]
 999Current direction: (2) [1, -2]
 999New position: (2) [8, 2]
 999Current direction: (2) [1, 2]
 999New position: (2) [8, 6]
 999Calculated squares: (16) [Array(4), Array(3), Array(7), Array(0), Array(4), Array(3), Array(0), Array(0), Array(1), Array(1), Array(0), Array(0), Array(1), Array(1), Array(0), Array(0)]
 Updated threateningSquaresCopy for check evaluation: (16) [Array(4), Array(3), Array(7), Array(0), Array(4), Array(3), Array(0), Array(0), Array(1), Array(1), Array(0), Array(0), Array(1), Array(1), Array(0), Array(0)]
 7322gameState.history.length 0
 7322canBlockParams (16) [Array(4), Array(3), Array(0), Array(7), Array(0), Array(0), Array(4), Array(3), Array(0), Array(0), Array(1), Array(1), Array(0), Array(0), Array(1), Array(1)] (2) [6, 0] white
 7322currentPlayerPieces (16) [{…}, {…}, {…}, {…}, {…}, {…}, {…}, {…}, {…}, {…}, {…}, {…}, {…}, {…}, {…}, {…}]
 5556threateningSquares (16) [Array(4), Array(3), Array(0), Array(7), Array(0), Array(0), Array(4), Array(3), Array(0), Array(0), Array(1), Array(1), Array(0), Array(0), Array(1), Array(1)] black
 7322threateningSquaresCopy (16) [Array(4), Array(3), Array(0), Array(7), Array(0), Array(0), Array(4), Array(3), Array(0), Array(0), Array(1), Array(1), Array(0), Array(0), Array(1), Array(1)]
 5556Iterating over direction 0 (4) [Array(2), Array(2), Array(2), Array(2)]
 5556color white black black true
 5556Opponent's piece found at square 0,3 white
 5556Iterating over direction 1 (3) [Array(2), Array(2), Array(2)]
 5556color white black black true
 5556Opponent's piece found at square 0,5 white
 5556Iterating over direction 2 []
 5556Row 2 is empty {board: Array(8), history: Array(0), turn: 'white', username1: null, username2: '', …} []
 5556Iterating over direction 3 (7) [Array(2), Array(2), Array(2), Array(2), Array(2), Array(2), Array(2)]
 5556color white black black true
 5556Opponent's piece found at square 1,4 white
 5556Iterating over direction 4 []
 5556Row 4 is empty {board: Array(8), history: Array(0), turn: 'white', username1: null, username2: '', …} []
 5556Iterating over direction 5 []
 5556Row 5 is empty {board: Array(8), history: Array(0), turn: 'white', username1: null, username2: '', …} []
 5556Iterating over direction 6 (4) [Array(2), Array(2), Array(2), Array(2)]
 5556color white black black true
 5556Opponent's piece found at square 1,3 white
 5556Iterating over direction 7 (3) [Array(2), Array(2), Array(2)]
 5556color white black black true
 5556Opponent's piece found at square 1,5 white
 5556Iterating over direction 8 []
 5556Row 8 is empty {board: Array(8), history: Array(0), turn: 'white', username1: null, username2: '', …} []
 5556Iterating over direction 9 []
 5556Row 9 is empty {board: Array(8), history: Array(0), turn: 'white', username1: null, username2: '', …} []
 5556Iterating over direction 10 [Array(2)]
 5556No opponent's knight at square 2,3 empty
 5556Iterating over direction 11 [Array(2)]
 5556No opponent's knight at square 2,5 empty
 5556Iterating over direction 12 []
 5556Row 12 is empty {board: Array(8), history: Array(0), turn: 'white', username1: null, username2: '', …} []
 5556Iterating over direction 13 []
 5556Row 13 is empty {board: Array(8), history: Array(0), turn: 'white', username1: null, username2: '', …} []
 5556Iterating over direction 14 [Array(2)]
 5556No opponent's knight at square 1,2 pawn
 5556Iterating over direction 15 [Array(2)]
 5556No opponent's knight at square 1,6 pawn
 5556Last direction is blank or not an current player's knight at square 1,6
 843firstTriggeringCurrentPiece undefined
 843firstTriggeringCurrentPieceIndex: -1
 843slicedCoordinates: []
 843firstTriggeringCurrentPieceIndex -1
 7322canBlockParams (16) [Array(4), Array(3), Array(0), Array(7), Array(0), Array(0), Array(4), Array(3), Array(0), Array(0), Array(1), Array(1), Array(0), Array(0), Array(1), Array(1)] (2) [6, 0] white
 7322currentPlayerPieces (16) [{…}, {…}, {…}, {…}, {…}, {…}, {…}, {…}, {…}, {…}, {…}, {…}, {…}, {…}, {…}, {…}]
 5556threateningSquares (16) [Array(4), Array(3), Array(0), Array(7), Array(0), Array(0), Array(4), Array(3), Array(0), Array(0), Array(1), Array(1), Array(0), Array(0), Array(1), Array(1)] black
 7322threateningSquaresCopy (16) [Array(4), Array(3), Array(0), Array(7), Array(0), Array(0), Array(4), Array(3), Array(0), Array(0), Array(1), Array(1), Array(0), Array(0), Array(1), Array(1)]
 5556Iterating over direction 0 (4) [Array(2), Array(2), Array(2), Array(2)]
 5556color white black black true
 5556Opponent's piece found at square 0,3 white
 5556Iterating over direction 1 (3) [Array(2), Array(2), Array(2)]
 5556color white black black true
 5556Opponent's piece found at square 0,5 white
 5556Iterating over direction 2 []
 5556Row 2 is empty {board: Array(8), history: Array(0), turn: 'white', username1: null, username2: '', …} []
 5556Iterating over direction 3 (7) [Array(2), Array(2), Array(2), Array(2), Array(2), Array(2), Array(2)]
 5556color white black black true
 5556Opponent's piece found at square 1,4 white
 5556Iterating over direction 4 []
 5556Row 4 is empty {board: Array(8), history: Array(0), turn: 'white', username1: null, username2: '', …} []
 5556Iterating over direction 5 []
 5556Row 5 is empty {board: Array(8), history: Array(0), turn: 'white', username1: null, username2: '', …} []
 5556Iterating over direction 6 (4) [Array(2), Array(2), Array(2), Array(2)]
 5556color white black black true
 5556Opponent's piece found at square 1,3 white
 5556Iterating over direction 7 (3) [Array(2), Array(2), Array(2)]
 5556color white black black true
 5556Opponent's piece found at square 1,5 white
 5556Iterating over direction 8 []
 5556Row 8 is empty {board: Array(8), history: Array(0), turn: 'white', username1: null, username2: '', …} []
 5556Iterating over direction 9 []
 5556Row 9 is empty {board: Array(8), history: Array(0), turn: 'white', username1: null, username2: '', …} []
 5556Iterating over direction 10 [Array(2)]
 5556No opponent's knight at square 2,3 empty
 5556Iterating over direction 11 [Array(2)]
 5556No opponent's knight at square 2,5 empty
 5556Iterating over direction 12 []
 5556Row 12 is empty {board: Array(8), history: Array(0), turn: 'white', username1: null, username2: '', …} []
 5556Iterating over direction 13 []
 5556Row 13 is empty {board: Array(8), history: Array(0), turn: 'white', username1: null, username2: '', …} []
 5556Iterating over direction 14 [Array(2)]
 5556No opponent's knight at square 1,2 pawn
 5556Iterating over direction 15 [Array(2)]
 5556No opponent's knight at square 1,6 pawn
 5556Last direction is blank or not an current player's knight at square 1,6
 7322isKingInCheck false
 843isKingInCheck false 843slicedThreateningSquares undefined 843directionIndex -1
 222getMovesForPiece {id: 24, type: 'pawn', position: Array(2), color: 'white'} (2) [6, 0] {board: Array(8), history: Array(0), turn: 'white', username1: null, username2: '', …}
 222PawnMovesCheck {id: 24, type: 'pawn', position: Array(2), color: 'white'} (2) [6, 0] {board: Array(8), history: Array(0), turn: 'white', username1: null, username2: '', …}
 222PawnMovesForwards (2) [5, 0] 5 0
 222PawnMovesSent [Array(2)]
 222getMovesForPieceMoves [Array(2)]
 Returning moves: [Array(2)] {board: Array(8), history: Array(0), turn: 'white', username1: null, username2: '', …}
 843normalMoves [Array(2)]
 843filteredMoves []
 843tempGameState {board: Array(8), history: Array(0), turn: 'white', username1: null, username2: '', …} 843currentColor white 843gameState.threateningPiecesPositions[currentColor] {black: Array(16), white: Array(16)} piece position (2) [5, 0]
 999King position: (2) [7, 4] (2) [5, 0] (2) [7, 4]
 999Current direction: (2) [0, -1]
 999New position: (2) [7, 3]
 999New position: (2) [7, 2]
 999New position: (2) [7, 1]
 999New position: (2) [7, 0]
 999New position: (2) [7, -1]
 999Current direction: (2) [0, 1]
 999New position: (2) [7, 5]
 999New position: (2) [7, 6]
 999New position: (2) [7, 7]
 999New position: (2) [7, 8]
 999Current direction: (2) [-1, 0]
 999New position: (2) [6, 4]
 999New position: (2) [5, 4]
 999New position: (2) [4, 4]
 999New position: (2) [3, 4]
 999New position: (2) [2, 4]
 999New position: (2) [1, 4]
 999New position: (2) [0, 4]
 999Current direction: (2) [1, 0]
 999New position: (2) [8, 4]
 999Current direction: (2) [-1, -1]
 999New position: (2) [6, 3]
 999New position: (2) [5, 2]
 999New position: (2) [4, 1]
 999New position: (2) [3, 0]
 999New position: (2) [2, -1]
 999Current direction: (2) [-1, 1]
 999New position: (2) [6, 5]
 999New position: (2) [5, 6]
 999New position: (2) [4, 7]
 999New position: (2) [3, 8]
 999Current direction: (2) [1, -1]
 999New position: (2) [8, 3]
 999Current direction: (2) [1, 1]
 999New position: (2) [8, 5]
 999Current direction: (2) [-2, -1]
 999New position: (2) [5, 3]
 999Current direction: (2) [-2, 1]
 999New position: (2) [5, 5]
 999Current direction: (2) [2, -1]
 999New position: (2) [9, 3]
 999Current direction: (2) [2, 1]
 999New position: (2) [9, 5]
 999Current direction: (2) [-1, -2]
 999New position: (2) [6, 2]
 999Current direction: (2) [-1, 2]
 999New position: (2) [6, 6]
 999Current direction: (2) [1, -2]
 999New position: (2) [8, 2]
 999Current direction: (2) [1, 2]
 999New position: (2) [8, 6]
 999Calculated squares: (16) [Array(4), Array(3), Array(7), Array(0), Array(4), Array(3), Array(0), Array(0), Array(1), Array(1), Array(0), Array(0), Array(1), Array(1), Array(0), Array(0)]
 debugging 1: 7,3,7,2,7,1,7,0,7,5,7,6,7,7,6,4,5,4,4,4,3,4,2,4,1,4,0,4,,6,3,5,2,4,1,3,0,6,5,5,6,4,7,,,5,3,5,5,,,6,2,6,6,,
 Game State: {board: Array(8), history: Array(0), turn: 'white', username1: null, username2: '', …} Threatening Squares: (16) [Array(4), Array(3), Array(7), Array(0), Array(4), Array(3), Array(0), Array(0), Array(1), Array(1), Array(0), Array(0), Array(1), Array(1), Array(0), Array(0)] Opponent Player Number: 1 Check Position: (2) [7, 4] Piece: {id: 24, type: 'pawn', position: Array(2), color: 'white'} Position: (2) [6, 0] Player Number: 2 Last Position: (2) [5, 0] Match Found In Direction: 2 Current Player Color: white
 7322threateningSquares (16) [Array(4), Array(3), Array(7), Array(0), Array(4), Array(3), Array(0), Array(0), Array(1), Array(1), Array(0), Array(0), Array(1), Array(1), Array(0), Array(0)]
 7322gameState {board: Array(8), history: Array(0), turn: 'white', username1: null, username2: '', …}
 5556pieceLastPosition (2) [5, 0]
 7322gameState.history.length 0
 7322gameState {board: Array(8), history: Array(0), turn: 'white', username1: null, username2: '', …}
 7322piece {id: 24, type: 'pawn', position: Array(2), color: 'white'} undefined
 7322lastPosition (2) [5, 0]
 7322canBlockParams {board: Array(8), history: Array(0), turn: 'white', username1: null, username2: '', …} (16) [Array(4), Array(3), Array(7), Array(0), Array(4), Array(3), Array(0), Array(0), Array(1), Array(1), Array(0), Array(0), Array(1), Array(1), Array(0), Array(0)] (2) [7, 4] black
 7322threateningSquares (16) [Array(4), Array(3), Array(7), Array(0), Array(4), Array(3), Array(0), Array(0), Array(1), Array(1), Array(0), Array(0), Array(1), Array(1), Array(0), Array(0)]
 7322gameState {board: Array(8), history: Array(0), turn: 'white', username1: null, username2: '', …}
 7322currentPlayerPieces (16) [{…}, {…}, {…}, {…}, {…}, {…}, {…}, {…}, {…}, {…}, {…}, {…}, {…}, {…}, {…}, {…}]
 5556threateningSquares (16) [Array(4), Array(3), Array(7), Array(0), Array(4), Array(3), Array(0), Array(0), Array(1), Array(1), Array(0), Array(0), Array(1), Array(1), Array(0), Array(0)] white
 7322threateningSquaresCopy (16) [Array(4), Array(3), Array(7), Array(0), Array(4), Array(3), Array(0), Array(0), Array(1), Array(1), Array(0), Array(0), Array(1), Array(1), Array(0), Array(0)]
 5556Iterating over direction 0
 5556squarePiece (2) [7, 3] {type: 'queen', color: 'white', position: Array(2), hasMoved: false, index: 19} {board: Array(8), history: Array(0), turn: 'white', username1: null, username2: '', …}
 5556Iterating over square 7,3 with squarePiece color white {board: Array(8), history: Array(0), turn: 'white', username1: null, username2: '', …} {type: 'queen', color: 'white', position: Array(2), hasMoved: false, index: 19}
 5556color white black white
 5556Friendly's piece found at square 7,3 white
 5556Iterating over direction 1
 5556squarePiece (2) [7, 5] {type: 'bishop', color: 'white', position: Array(2), hasMoved: false, index: 21} {board: Array(8), history: Array(0), turn: 'white', username1: null, username2: '', …}
 5556Iterating over square 7,5 with squarePiece color white {board: Array(8), history: Array(0), turn: 'white', username1: null, username2: '', …} {type: 'bishop', color: 'white', position: Array(2), hasMoved: false, index: 21}
 5556color white black white
 5556Friendly's piece found at square 7,5 white
 5556Iterating over direction 2
 5556squarePiece (2) [6, 4] {type: 'pawn', color: 'white', position: Array(2), hasMoved: false, index: 28} {board: Array(8), history: Array(0), turn: 'white', username1: null, username2: '', …}
 5556Iterating over square 6,4 with squarePiece color white {board: Array(8), history: Array(0), turn: 'white', username1: null, username2: '', …} {type: 'pawn', color: 'white', position: Array(2), hasMoved: false, index: 28}
 5556color white black white
 5556Friendly's piece found at square 6,4 white
 5556Iterating over direction 3
 5556Row 3 is empty {board: Array(8), history: Array(0), turn: 'white', username1: null, username2: '', …}
 5556Iterating over direction 4
 5556squarePiece (2) [6, 3] {type: 'pawn', color: 'white', position: Array(2), hasMoved: false, index: 27} {board: Array(8), history: Array(0), turn: 'white', username1: null, username2: '', …}
 5556Iterating over square 6,3 with squarePiece color white {board: Array(8), history: Array(0), turn: 'white', username1: null, username2: '', …} {type: 'pawn', color: 'white', position: Array(2), hasMoved: false, index: 27}
 5556color white black white
 5556Friendly's piece found at square 6,3 white
 5556Iterating over direction 5
 5556squarePiece (2) [6, 5] {type: 'pawn', color: 'white', position: Array(2), hasMoved: false, index: 29} {board: Array(8), history: Array(0), turn: 'white', username1: null, username2: '', …}
 5556Iterating over square 6,5 with squarePiece color white {board: Array(8), history: Array(0), turn: 'white', username1: null, username2: '', …} {type: 'pawn', color: 'white', position: Array(2), hasMoved: false, index: 29}
 5556color white black white
 5556Friendly's piece found at square 6,5 white
 5556Iterating over direction 6
 5556Row 6 is empty {board: Array(8), history: Array(0), turn: 'white', username1: null, username2: '', …}
 5556Iterating over direction 7
 5556Row 7 is empty {board: Array(8), history: Array(0), turn: 'white', username1: null, username2: '', …}
 5556Iterating over direction 8
 5556squarePiece (2) [5, 3] {type: 'empty', color: 'none', hasMoved: false, position: Array(0), index: 16} {board: Array(8), history: Array(0), turn: 'white', username1: null, username2: '', …}
 5556Iterating over square 5,3 with squarePiece color none {board: Array(8), history: Array(0), turn: 'white', username1: null, username2: '', …} {type: 'empty', color: 'none', hasMoved: false, position: Array(0), index: 16}
 5556No piece or color at square 5,3
 5556Iterating over direction 9
 5556squarePiece (2) [5, 5] {type: 'empty', color: 'none', hasMoved: false, position: Array(0), index: 16} {board: Array(8), history: Array(0), turn: 'white', username1: null, username2: '', …}
 5556Iterating over square 5,5 with squarePiece color none {board: Array(8), history: Array(0), turn: 'white', username1: null, username2: '', …} {type: 'empty', color: 'none', hasMoved: false, position: Array(0), index: 16}
 5556No piece or color at square 5,5
 5556Iterating over direction 10
 5556Row 10 is empty {board: Array(8), history: Array(0), turn: 'white', username1: null, username2: '', …}
 5556Iterating over direction 11
 5556Row 11 is empty {board: Array(8), history: Array(0), turn: 'white', username1: null, username2: '', …}
 5556Iterating over direction 12
 5556squarePiece (2) [6, 2] {type: 'pawn', color: 'white', position: Array(2), hasMoved: false, index: 26} {board: Array(8), history: Array(0), turn: 'white', username1: null, username2: '', …}
 5556Iterating over square 6,2 with squarePiece color white {board: Array(8), history: Array(0), turn: 'white', username1: null, username2: '', …} {type: 'pawn', color: 'white', position: Array(2), hasMoved: false, index: 26}
 5556color white black white
 5556Friendly's piece found at square 6,2 white
 5556Iterating over direction 13
 5556squarePiece (2) [6, 6] {type: 'pawn', color: 'white', position: Array(2), hasMoved: false, index: 30} {board: Array(8), history: Array(0), turn: 'white', username1: null, username2: '', …}
 5556Iterating over square 6,6 with squarePiece color white {board: Array(8), history: Array(0), turn: 'white', username1: null, username2: '', …} {type: 'pawn', color: 'white', position: Array(2), hasMoved: false, index: 30}
 5556color white black white
 5556Friendly's piece found at square 6,6 white
 5556Iterating over direction 14
 5556Row 14 is empty {board: Array(8), history: Array(0), turn: 'white', username1: null, username2: '', …}
 5556Iterating over direction 15
 5556Row 15 is empty {board: Array(8), history: Array(0), turn: 'white', username1: null, username2: '', …}
 843firstTriggeringOpponentPiece undefined
 843threateningSquares (16) [Array(4), Array(3), Array(7), Array(0), Array(4), Array(3), Array(0), Array(0), Array(1), Array(1), Array(0), Array(0), Array(1), Array(1), Array(0), Array(0)] {board: Array(8), history: Array(0), turn: 'white', username1: null, username2: '', …} undefined -1 true
 843firstTriggeringOpponentPieceIndex: -1
 843slicedCoordinates: []
 843firstTriggeringOpponentPieceIndex -1
 7322isKingInCheck false
 7322King is not in check or checkmate.
 843checkDirection -1 {board: Array(8), history: Array(0), turn: 'white', username1: null, username2: '', …}
 843checkResult {isKingInCheck: false, loser: 'white', slicedThreateningSquares: Array(0), checkDirection: -1, firstTriggeringOpponentPiece: undefined, …} []
 843moves [Array(0)]
 843normalMoves [Array(2)] []
 843normalMoves [Array(2)] []
 Running enPassant function with piece: {id: 24, type: 'pawn', position: Array(2), color: 'white'} and lastPosition: (2) [6, 0]
 enPassantCondition: false enPassantDirection: -1 toX: 6 toY: 0 opponentColor: black
 Was this the opponent's last move? false
 843pawnMove (2) [6, 0]
 843position (2) [6, 0] {board: Array(8), history: Array(0), turn: 'white', username1: null, username2: '', …}
 843currentIndex 24 {type: 'pawn', color: 'white', position: Array(2), hasMoved: false, index: 24} (2) [6, 0]
 tempGameState {board: Array(8), history: Array(0), turn: 'white', username1: null, username2: '', …} 843tempGameState.turn white {board: Array(8), history: Array(0), turn: 'white', username1: null, username2: '', …} (2) [6, 0] (2) [6, 0] {type: 'pawn', color: 'white', position: Array(2), hasMoved: false, index: 24}
 843moves [Array(0)] [Array(2)]
 Checking move 0: []
 Comparing with normalMove 0: (2) [5, 0] [Array(2)]
 Move 0 not found in normalMoves, errorFound set to true
 Some moves may have inconsistent format, but proceeding anyway
overrideMethod @ installHook.js:1
validMoves @ validMoves.ts:569
(anonymous) @ aiEngine.ts:22
getRandomMove @ aiEngine.ts:19
getAIMove @ aiEngine.ts:6
makeAIMove @ App.tsx:199
await in makeAIMove
(anonymous) @ App.tsx:246
(anonymous) @ App.tsx:252
setTimeout
(anonymous) @ App.tsx:251
commitHookEffectListMount @ chunk-X3B7SAOS.js:16904
commitPassiveMountOnFiber @ chunk-X3B7SAOS.js:18152
commitPassiveMountEffects_complete @ chunk-X3B7SAOS.js:18125
commitPassiveMountEffects_begin @ chunk-X3B7SAOS.js:18115
commitPassiveMountEffects @ chunk-X3B7SAOS.js:18105
flushPassiveEffectsImpl @ chunk-X3B7SAOS.js:19486
flushPassiveEffects @ chunk-X3B7SAOS.js:19443
performSyncWorkOnRoot @ chunk-X3B7SAOS.js:18864
flushSyncCallbacks @ chunk-X3B7SAOS.js:9135
commitRootImpl @ chunk-X3B7SAOS.js:19428
commitRoot @ chunk-X3B7SAOS.js:19273
finishConcurrentRender @ chunk-X3B7SAOS.js:18801
performConcurrentWorkOnRoot @ chunk-X3B7SAOS.js:18714
workLoop @ chunk-X3B7SAOS.js:197
flushWork @ chunk-X3B7SAOS.js:176
performWorkUntilDeadline @ chunk-X3B7SAOS.js:384
 302validMoves piece {id: 25, type: 'pawn', position: Array(2), color: 'white'} position (2) [6, 1] gameState {board: Array(8), history: Array(0), turn: 'white', username1: null, username2: '', …} playerNumber 2 lastPosition (2) [6, 1]
 7778tempGameState 7 7778pieceLastPosition 6 7778piece 4 7778tempKing 1 tempGameState {board: Array(8), history: Array(0), turn: 'white', username1: null, username2: '', …}
 843hypotheticalGameState {board: Array(8), history: Array(0), turn: 'white', username1: null, username2: '', …} 843piece.position (2) [6, 1] 843lastPosition (2) [6, 1]
 843checkDirection 0 843threateningPieceIndex 0 (16) [Array(4), Array(3), Array(7), Array(0), Array(4), Array(3), Array(0), Array(0), Array(1), Array(1), Array(0), Array(0), Array(1), Array(1), Array(0), Array(0)]
 843piece {type: 'queen', color: 'white', position: Array(2), hasMoved: false, index: 19} 843piece.color white 843opponentColor black 843currentColor white
 843checkDirection 1 843threateningPieceIndex 0 (16) [Array(4), Array(3), Array(7), Array(0), Array(4), Array(3), Array(0), Array(0), Array(1), Array(1), Array(0), Array(0), Array(1), Array(1), Array(0), Array(0)]
 843piece {type: 'bishop', color: 'white', position: Array(2), hasMoved: false, index: 21} 843piece.color white 843opponentColor black 843currentColor white
 843checkDirection 2 843threateningPieceIndex 0 (16) [Array(4), Array(3), Array(7), Array(0), Array(4), Array(3), Array(0), Array(0), Array(1), Array(1), Array(0), Array(0), Array(1), Array(1), Array(0), Array(0)]
 843piece {type: 'pawn', color: 'white', position: Array(2), hasMoved: false, index: 28} 843piece.color white 843opponentColor black 843currentColor white
 77722piece.position (2) [0, 4]
 843checkDirection 3 843threateningPieceIndex 0 (16) [Array(0), Array(7), Array(4), Array(3), Array(0), Array(0), Array(4), Array(3), Array(0), Array(0), Array(0), Array(0), Array(1), Array(1), Array(1), Array(1)]
 843piece {type: 'bishop', color: 'black', position: Array(2), hasMoved: false, index: 5} 843piece.color black 843opponentColor black 843currentColor white
 77722piece.position (2) [0, 4]
 77722piece.position (2) [0, 4]
 843checkDirection 6 843threateningPieceIndex 0 (16) [Array(0), Array(7), Array(4), Array(3), Array(0), Array(0), Array(4), Array(3), Array(0), Array(0), Array(0), Array(0), Array(1), Array(1), Array(1), Array(1)]
 843piece {type: 'pawn', color: 'black', position: Array(2), hasMoved: false, index: 11} 843piece.color black 843opponentColor black 843currentColor white
 843checkDirection 7 843threateningPieceIndex 0 (16) [Array(0), Array(7), Array(4), Array(3), Array(0), Array(0), Array(4), Array(3), Array(0), Array(0), Array(0), Array(0), Array(1), Array(1), Array(1), Array(1)]
 843piece {type: 'pawn', color: 'black', position: Array(2), hasMoved: false, index: 13} 843piece.color black 843opponentColor black 843currentColor white
 77722piece.position (2) [0, 4]
 77722piece.position (2) [0, 4]
 77722piece.position (2) [0, 4]
 77722piece.position (2) [0, 4]
 843checkDirection 12 843threateningPieceIndex 0 (16) [Array(0), Array(7), Array(4), Array(3), Array(0), Array(0), Array(4), Array(3), Array(0), Array(0), Array(0), Array(0), Array(1), Array(1), Array(1), Array(1)]
 843piece {type: 'pawn', color: 'black', position: Array(2), hasMoved: false, index: 10} 843piece.color black 843opponentColor black 843currentColor white
 843checkDirection 13 843threateningPieceIndex 0 (16) [Array(0), Array(7), Array(4), Array(3), Array(0), Array(0), Array(4), Array(3), Array(0), Array(0), Array(0), Array(0), Array(1), Array(1), Array(1), Array(1)]
 843piece {type: 'pawn', color: 'black', position: Array(2), hasMoved: false, index: 14} 843piece.color black 843opponentColor black 843currentColor white
 843checkDirection 14 843threateningPieceIndex 0 (16) [Array(0), Array(7), Array(4), Array(3), Array(0), Array(0), Array(4), Array(3), Array(0), Array(0), Array(0), Array(0), Array(1), Array(1), Array(1), Array(1)]
 843piece {type: 'empty', color: 'none', hasMoved: false, position: Array(0), index: 16} 843piece.color none 843opponentColor black 843currentColor white
 843checkDirection 15 843threateningPieceIndex 0 (16) [Array(0), Array(7), Array(4), Array(3), Array(0), Array(0), Array(4), Array(3), Array(0), Array(0), Array(0), Array(0), Array(1), Array(1), Array(1), Array(1)]
 843piece {type: 'empty', color: 'none', hasMoved: false, position: Array(0), index: 16} 843piece.color none 843opponentColor black 843currentColor white
 843matchFoundInDirection 2
 847piece.type pawn checkPosition (2) [6, 1] lastPosition (2) [6, 1] gameState {board: Array(8), history: Array(0), turn: 'white', username1: null, username2: '', …} piece {id: 25, type: 'pawn', position: Array(2), color: 'white'} position (2) [6, 1] playerNumber 2 lastPosition (2) [6, 1] matchFoundInDirection 2 currentColor white
 7322isCheckParams {board: Array(8), history: Array(0), turn: 'white', username1: null, username2: '', …} (16) [Array(4), Array(3), Array(0), Array(7), Array(0), Array(0), Array(4), Array(3), Array(0), Array(0), Array(1), Array(1), Array(0), Array(0), Array(1), Array(1)] 1 (2) [6, 1] {id: 25, type: 'pawn', position: Array(2), color: 'white'} (2) [6, 1] 2 (2) [6, 1] 2 white
 7322threateningSquares (16) [Array(4), Array(3), Array(0), Array(7), Array(0), Array(0), Array(4), Array(3), Array(0), Array(0), Array(1), Array(1), Array(0), Array(0), Array(1), Array(1)]
 7322gameState {board: Array(8), history: Array(0), turn: 'white', username1: null, username2: '', …}
 5556pieceLastPosition (2) [6, 1] undefined
 999King position: (2) [7, 4] (2) [6, 1] (2) [7, 4]
 999Current direction: (2) [0, -1]
 999New position: (2) [7, 3]
 999New position: (2) [7, 2]
 999New position: (2) [7, 1]
 999New position: (2) [7, 0]
 999New position: (2) [7, -1]
 999Current direction: (2) [0, 1]
 999New position: (2) [7, 5]
 999New position: (2) [7, 6]
 999New position: (2) [7, 7]
 999New position: (2) [7, 8]
 999Current direction: (2) [-1, 0]
 999New position: (2) [6, 4]
 999New position: (2) [5, 4]
 999New position: (2) [4, 4]
 999New position: (2) [3, 4]
 999New position: (2) [2, 4]
 999New position: (2) [1, 4]
 999New position: (2) [0, 4]
 999Current direction: (2) [1, 0]
 999New position: (2) [8, 4]
 999Current direction: (2) [-1, -1]
 999New position: (2) [6, 3]
 999New position: (2) [5, 2]
 999New position: (2) [4, 1]
 999New position: (2) [3, 0]
 999New position: (2) [2, -1]
 999Current direction: (2) [-1, 1]
 999New position: (2) [6, 5]
 999New position: (2) [5, 6]
 999New position: (2) [4, 7]
 999New position: (2) [3, 8]
 999Current direction: (2) [1, -1]
 999New position: (2) [8, 3]
 999Current direction: (2) [1, 1]
 999New position: (2) [8, 5]
 999Current direction: (2) [-2, -1]
 999New position: (2) [5, 3]
 999Current direction: (2) [-2, 1]
 999New position: (2) [5, 5]
 999Current direction: (2) [2, -1]
 999New position: (2) [9, 3]
 999Current direction: (2) [2, 1]
 999New position: (2) [9, 5]
 999Current direction: (2) [-1, -2]
 999New position: (2) [6, 2]
 999Current direction: (2) [-1, 2]
 999New position: (2) [6, 6]
 999Current direction: (2) [1, -2]
 999New position: (2) [8, 2]
 999Current direction: (2) [1, 2]
 999New position: (2) [8, 6]
 999Calculated squares: (16) [Array(4), Array(3), Array(7), Array(0), Array(4), Array(3), Array(0), Array(0), Array(1), Array(1), Array(0), Array(0), Array(1), Array(1), Array(0), Array(0)]
 Updated threateningSquaresCopy for check evaluation: (16) [Array(4), Array(3), Array(7), Array(0), Array(4), Array(3), Array(0), Array(0), Array(1), Array(1), Array(0), Array(0), Array(1), Array(1), Array(0), Array(0)]
 7322gameState.history.length 0
 7322canBlockParams (16) [Array(4), Array(3), Array(0), Array(7), Array(0), Array(0), Array(4), Array(3), Array(0), Array(0), Array(1), Array(1), Array(0), Array(0), Array(1), Array(1)] (2) [6, 1] white
 7322currentPlayerPieces (16) [{…}, {…}, {…}, {…}, {…}, {…}, {…}, {…}, {…}, {…}, {…}, {…}, {…}, {…}, {…}, {…}]
 5556threateningSquares (16) [Array(4), Array(3), Array(0), Array(7), Array(0), Array(0), Array(4), Array(3), Array(0), Array(0), Array(1), Array(1), Array(0), Array(0), Array(1), Array(1)] black
 7322threateningSquaresCopy (16) [Array(4), Array(3), Array(0), Array(7), Array(0), Array(0), Array(4), Array(3), Array(0), Array(0), Array(1), Array(1), Array(0), Array(0), Array(1), Array(1)]
 5556Iterating over direction 0 (4) [Array(2), Array(2), Array(2), Array(2)]
 5556color white black black true
 5556Opponent's piece found at square 0,3 white
 5556Iterating over direction 1 (3) [Array(2), Array(2), Array(2)]
 5556color white black black true
 5556Opponent's piece found at square 0,5 white
 5556Iterating over direction 2 []
 5556Row 2 is empty {board: Array(8), history: Array(0), turn: 'white', username1: null, username2: '', …} []
 5556Iterating over direction 3 (7) [Array(2), Array(2), Array(2), Array(2), Array(2), Array(2), Array(2)]
 5556color white black black true
 5556Opponent's piece found at square 1,4 white
 5556Iterating over direction 4 []
 5556Row 4 is empty {board: Array(8), history: Array(0), turn: 'white', username1: null, username2: '', …} []
 5556Iterating over direction 5 []
 5556Row 5 is empty {board: Array(8), history: Array(0), turn: 'white', username1: null, username2: '', …} []
 5556Iterating over direction 6 (4) [Array(2), Array(2), Array(2), Array(2)]
 5556color white black black true
 5556Opponent's piece found at square 1,3 white
 5556Iterating over direction 7 (3) [Array(2), Array(2), Array(2)]
 5556color white black black true
 5556Opponent's piece found at square 1,5 white
 5556Iterating over direction 8 []
 5556Row 8 is empty {board: Array(8), history: Array(0), turn: 'white', username1: null, username2: '', …} []
 5556Iterating over direction 9 []
 5556Row 9 is empty {board: Array(8), history: Array(0), turn: 'white', username1: null, username2: '', …} []
 5556Iterating over direction 10 [Array(2)]
 5556No opponent's knight at square 2,3 empty
 5556Iterating over direction 11 [Array(2)]
 5556No opponent's knight at square 2,5 empty
 5556Iterating over direction 12 []
 5556Row 12 is empty {board: Array(8), history: Array(0), turn: 'white', username1: null, username2: '', …} []
 5556Iterating over direction 13 []
 5556Row 13 is empty {board: Array(8), history: Array(0), turn: 'white', username1: null, username2: '', …} []
 5556Iterating over direction 14 [Array(2)]
 5556No opponent's knight at square 1,2 pawn
 5556Iterating over direction 15 [Array(2)]
 5556No opponent's knight at square 1,6 pawn
 5556Last direction is blank or not an current player's knight at square 1,6
 843firstTriggeringCurrentPiece undefined
 843firstTriggeringCurrentPieceIndex: -1
 843slicedCoordinates: []
 843firstTriggeringCurrentPieceIndex -1
 7322canBlockParams (16) [Array(4), Array(3), Array(0), Array(7), Array(0), Array(0), Array(4), Array(3), Array(0), Array(0), Array(1), Array(1), Array(0), Array(0), Array(1), Array(1)] (2) [6, 1] white
 7322currentPlayerPieces (16) [{…}, {…}, {…}, {…}, {…}, {…}, {…}, {…}, {…}, {…}, {…}, {…}, {…}, {…}, {…}, {…}]
 5556threateningSquares (16) [Array(4), Array(3), Array(0), Array(7), Array(0), Array(0), Array(4), Array(3), Array(0), Array(0), Array(1), Array(1), Array(0), Array(0), Array(1), Array(1)] black
 7322threateningSquaresCopy (16) [Array(4), Array(3), Array(0), Array(7), Array(0), Array(0), Array(4), Array(3), Array(0), Array(0), Array(1), Array(1), Array(0), Array(0), Array(1), Array(1)]
 5556Iterating over direction 0 (4) [Array(2), Array(2), Array(2), Array(2)]
 5556color white black black true
 5556Opponent's piece found at square 0,3 white
 5556Iterating over direction 1 (3) [Array(2), Array(2), Array(2)]
 5556color white black black true
 5556Opponent's piece found at square 0,5 white
 5556Iterating over direction 2 []
 5556Row 2 is empty {board: Array(8), history: Array(0), turn: 'white', username1: null, username2: '', …} []
 5556Iterating over direction 3 (7) [Array(2), Array(2), Array(2), Array(2), Array(2), Array(2), Array(2)]
 5556color white black black true
 5556Opponent's piece found at square 1,4 white
 5556Iterating over direction 4 []
 5556Row 4 is empty {board: Array(8), history: Array(0), turn: 'white', username1: null, username2: '', …} []
 5556Iterating over direction 5 []
 5556Row 5 is empty {board: Array(8), history: Array(0), turn: 'white', username1: null, username2: '', …} []
 5556Iterating over direction 6 (4) [Array(2), Array(2), Array(2), Array(2)]
 5556color white black black true
 5556Opponent's piece found at square 1,3 white
 5556Iterating over direction 7 (3) [Array(2), Array(2), Array(2)]
 5556color white black black true
 5556Opponent's piece found at square 1,5 white
 5556Iterating over direction 8 []
 5556Row 8 is empty {board: Array(8), history: Array(0), turn: 'white', username1: null, username2: '', …} []
 5556Iterating over direction 9 []
 5556Row 9 is empty {board: Array(8), history: Array(0), turn: 'white', username1: null, username2: '', …} []
 5556Iterating over direction 10 [Array(2)]
 5556No opponent's knight at square 2,3 empty
 5556Iterating over direction 11 [Array(2)]
 5556No opponent's knight at square 2,5 empty
 5556Iterating over direction 12 []
 5556Row 12 is empty {board: Array(8), history: Array(0), turn: 'white', username1: null, username2: '', …} []
 5556Iterating over direction 13 []
 5556Row 13 is empty {board: Array(8), history: Array(0), turn: 'white', username1: null, username2: '', …} []
 5556Iterating over direction 14 [Array(2)]
 5556No opponent's knight at square 1,2 pawn
 5556Iterating over direction 15 [Array(2)]
 5556No opponent's knight at square 1,6 pawn
 5556Last direction is blank or not an current player's knight at square 1,6
 7322isKingInCheck false
 843isKingInCheck false 843slicedThreateningSquares undefined 843directionIndex -1
 222getMovesForPiece {id: 25, type: 'pawn', position: Array(2), color: 'white'} (2) [6, 1] {board: Array(8), history: Array(0), turn: 'white', username1: null, username2: '', …}
 222PawnMovesCheck {id: 25, type: 'pawn', position: Array(2), color: 'white'} (2) [6, 1] {board: Array(8), history: Array(0), turn: 'white', username1: null, username2: '', …}
 222PawnMovesForwards (2) [5, 1] 5 1
 222PawnMovesSent [Array(2)]
 222getMovesForPieceMoves [Array(2)]
 Returning moves: [Array(2)] {board: Array(8), history: Array(0), turn: 'white', username1: null, username2: '', …}
 843normalMoves [Array(2)]
 843filteredMoves []
 843tempGameState {board: Array(8), history: Array(0), turn: 'white', username1: null, username2: '', …} 843currentColor white 843gameState.threateningPiecesPositions[currentColor] {black: Array(16), white: Array(16)} piece position (2) [5, 1]
 999King position: (2) [7, 4] (2) [5, 1] (2) [7, 4]
 999Current direction: (2) [0, -1]
 999New position: (2) [7, 3]
 999New position: (2) [7, 2]
 999New position: (2) [7, 1]
 999New position: (2) [7, 0]
 999New position: (2) [7, -1]
 999Current direction: (2) [0, 1]
 999New position: (2) [7, 5]
 999New position: (2) [7, 6]
 999New position: (2) [7, 7]
 999New position: (2) [7, 8]
 999Current direction: (2) [-1, 0]
 999New position: (2) [6, 4]
 999New position: (2) [5, 4]
 999New position: (2) [4, 4]
 999New position: (2) [3, 4]
 999New position: (2) [2, 4]
 999New position: (2) [1, 4]
 999New position: (2) [0, 4]
 999Current direction: (2) [1, 0]
 999New position: (2) [8, 4]
 999Current direction: (2) [-1, -1]
 999New position: (2) [6, 3]
 999New position: (2) [5, 2]
 999New position: (2) [4, 1]
 999New position: (2) [3, 0]
 999New position: (2) [2, -1]
 999Current direction: (2) [-1, 1]
 999New position: (2) [6, 5]
 999New position: (2) [5, 6]
 999New position: (2) [4, 7]
 999New position: (2) [3, 8]
 999Current direction: (2) [1, -1]
 999New position: (2) [8, 3]
 999Current direction: (2) [1, 1]
 999New position: (2) [8, 5]
 999Current direction: (2) [-2, -1]
 999New position: (2) [5, 3]
 999Current direction: (2) [-2, 1]
 999New position: (2) [5, 5]
 999Current direction: (2) [2, -1]
 999New position: (2) [9, 3]
 999Current direction: (2) [2, 1]
 999New position: (2) [9, 5]
 999Current direction: (2) [-1, -2]
 999New position: (2) [6, 2]
 999Current direction: (2) [-1, 2]
 999New position: (2) [6, 6]
 999Current direction: (2) [1, -2]
 999New position: (2) [8, 2]
 999Current direction: (2) [1, 2]
 999New position: (2) [8, 6]
 999Calculated squares: (16) [Array(4), Array(3), Array(7), Array(0), Array(4), Array(3), Array(0), Array(0), Array(1), Array(1), Array(0), Array(0), Array(1), Array(1), Array(0), Array(0)]
 debugging 1: 7,3,7,2,7,1,7,0,7,5,7,6,7,7,6,4,5,4,4,4,3,4,2,4,1,4,0,4,,6,3,5,2,4,1,3,0,6,5,5,6,4,7,,,5,3,5,5,,,6,2,6,6,,
 Game State: {board: Array(8), history: Array(0), turn: 'white', username1: null, username2: '', …} Threatening Squares: (16) [Array(4), Array(3), Array(7), Array(0), Array(4), Array(3), Array(0), Array(0), Array(1), Array(1), Array(0), Array(0), Array(1), Array(1), Array(0), Array(0)] Opponent Player Number: 1 Check Position: (2) [7, 4] Piece: {id: 25, type: 'pawn', position: Array(2), color: 'white'} Position: (2) [6, 1] Player Number: 2 Last Position: (2) [5, 1] Match Found In Direction: 2 Current Player Color: white
 7322threateningSquares (16) [Array(4), Array(3), Array(7), Array(0), Array(4), Array(3), Array(0), Array(0), Array(1), Array(1), Array(0), Array(0), Array(1), Array(1), Array(0), Array(0)]
 7322gameState {board: Array(8), history: Array(0), turn: 'white', username1: null, username2: '', …}
 5556pieceLastPosition (2) [5, 1]
 7322gameState.history.length 0
 7322gameState {board: Array(8), history: Array(0), turn: 'white', username1: null, username2: '', …}
 7322piece {id: 25, type: 'pawn', position: Array(2), color: 'white'} undefined
 7322lastPosition (2) [5, 1]
 7322canBlockParams {board: Array(8), history: Array(0), turn: 'white', username1: null, username2: '', …} (16) [Array(4), Array(3), Array(7), Array(0), Array(4), Array(3), Array(0), Array(0), Array(1), Array(1), Array(0), Array(0), Array(1), Array(1), Array(0), Array(0)] (2) [7, 4] black
 7322threateningSquares (16) [Array(4), Array(3), Array(7), Array(0), Array(4), Array(3), Array(0), Array(0), Array(1), Array(1), Array(0), Array(0), Array(1), Array(1), Array(0), Array(0)]
 7322gameState {board: Array(8), history: Array(0), turn: 'white', username1: null, username2: '', …}
 7322currentPlayerPieces (16) [{…}, {…}, {…}, {…}, {…}, {…}, {…}, {…}, {…}, {…}, {…}, {…}, {…}, {…}, {…}, {…}]
 5556threateningSquares (16) [Array(4), Array(3), Array(7), Array(0), Array(4), Array(3), Array(0), Array(0), Array(1), Array(1), Array(0), Array(0), Array(1), Array(1), Array(0), Array(0)] white
 7322threateningSquaresCopy (16) [Array(4), Array(3), Array(7), Array(0), Array(4), Array(3), Array(0), Array(0), Array(1), Array(1), Array(0), Array(0), Array(1), Array(1), Array(0), Array(0)]
 5556Iterating over direction 0
 5556squarePiece (2) [7, 3] {type: 'queen', color: 'white', position: Array(2), hasMoved: false, index: 19} {board: Array(8), history: Array(0), turn: 'white', username1: null, username2: '', …}
 5556Iterating over square 7,3 with squarePiece color white {board: Array(8), history: Array(0), turn: 'white', username1: null, username2: '', …} {type: 'queen', color: 'white', position: Array(2), hasMoved: false, index: 19}
 5556color white black white
 5556Friendly's piece found at square 7,3 white
 5556Iterating over direction 1
 5556squarePiece (2) [7, 5] {type: 'bishop', color: 'white', position: Array(2), hasMoved: false, index: 21} {board: Array(8), history: Array(0), turn: 'white', username1: null, username2: '', …}
 5556Iterating over square 7,5 with squarePiece color white {board: Array(8), history: Array(0), turn: 'white', username1: null, username2: '', …} {type: 'bishop', color: 'white', position: Array(2), hasMoved: false, index: 21}
 5556color white black white
 5556Friendly's piece found at square 7,5 white
 5556Iterating over direction 2
 5556squarePiece (2) [6, 4] {type: 'pawn', color: 'white', position: Array(2), hasMoved: false, index: 28} {board: Array(8), history: Array(0), turn: 'white', username1: null, username2: '', …}
 5556Iterating over square 6,4 with squarePiece color white {board: Array(8), history: Array(0), turn: 'white', username1: null, username2: '', …} {type: 'pawn', color: 'white', position: Array(2), hasMoved: false, index: 28}
 5556color white black white
 5556Friendly's piece found at square 6,4 white
 5556Iterating over direction 3
 5556Row 3 is empty {board: Array(8), history: Array(0), turn: 'white', username1: null, username2: '', …}
 5556Iterating over direction 4
 5556squarePiece (2) [6, 3] {type: 'pawn', color: 'white', position: Array(2), hasMoved: false, index: 27} {board: Array(8), history: Array(0), turn: 'white', username1: null, username2: '', …}
 5556Iterating over square 6,3 with squarePiece color white {board: Array(8), history: Array(0), turn: 'white', username1: null, username2: '', …} {type: 'pawn', color: 'white', position: Array(2), hasMoved: false, index: 27}
 5556color white black white
 5556Friendly's piece found at square 6,3 white
 5556Iterating over direction 5
 5556squarePiece (2) [6, 5] {type: 'pawn', color: 'white', position: Array(2), hasMoved: false, index: 29} {board: Array(8), history: Array(0), turn: 'white', username1: null, username2: '', …}
 5556Iterating over square 6,5 with squarePiece color white {board: Array(8), history: Array(0), turn: 'white', username1: null, username2: '', …} {type: 'pawn', color: 'white', position: Array(2), hasMoved: false, index: 29}
 5556color white black white
 5556Friendly's piece found at square 6,5 white
 5556Iterating over direction 6
 5556Row 6 is empty {board: Array(8), history: Array(0), turn: 'white', username1: null, username2: '', …}
 5556Iterating over direction 7
 5556Row 7 is empty {board: Array(8), history: Array(0), turn: 'white', username1: null, username2: '', …}
 5556Iterating over direction 8
 5556squarePiece (2) [5, 3] {type: 'empty', color: 'none', hasMoved: false, position: Array(0), index: 16} {board: Array(8), history: Array(0), turn: 'white', username1: null, username2: '', …}
 5556Iterating over square 5,3 with squarePiece color none {board: Array(8), history: Array(0), turn: 'white', username1: null, username2: '', …} {type: 'empty', color: 'none', hasMoved: false, position: Array(0), index: 16}
 5556No piece or color at square 5,3
 5556Iterating over direction 9
 5556squarePiece (2) [5, 5] {type: 'empty', color: 'none', hasMoved: false, position: Array(0), index: 16} {board: Array(8), history: Array(0), turn: 'white', username1: null, username2: '', …}
 5556Iterating over square 5,5 with squarePiece color none {board: Array(8), history: Array(0), turn: 'white', username1: null, username2: '', …} {type: 'empty', color: 'none', hasMoved: false, position: Array(0), index: 16}
 5556No piece or color at square 5,5
 5556Iterating over direction 10
 5556Row 10 is empty {board: Array(8), history: Array(0), turn: 'white', username1: null, username2: '', …}
 5556Iterating over direction 11
 5556Row 11 is empty {board: Array(8), history: Array(0), turn: 'white', username1: null, username2: '', …}
 5556Iterating over direction 12
 5556squarePiece (2) [6, 2] {type: 'pawn', color: 'white', position: Array(2), hasMoved: false, index: 26} {board: Array(8), history: Array(0), turn: 'white', username1: null, username2: '', …}
 5556Iterating over square 6,2 with squarePiece color white {board: Array(8), history: Array(0), turn: 'white', username1: null, username2: '', …} {type: 'pawn', color: 'white', position: Array(2), hasMoved: false, index: 26}
 5556color white black white
 5556Friendly's piece found at square 6,2 white
 5556Iterating over direction 13
 5556squarePiece (2) [6, 6] {type: 'pawn', color: 'white', position: Array(2), hasMoved: false, index: 30} {board: Array(8), history: Array(0), turn: 'white', username1: null, username2: '', …}
 5556Iterating over square 6,6 with squarePiece color white {board: Array(8), history: Array(0), turn: 'white', username1: null, username2: '', …} {type: 'pawn', color: 'white', position: Array(2), hasMoved: false, index: 30}
 5556color white black white
 5556Friendly's piece found at square 6,6 white
 5556Iterating over direction 14
 5556Row 14 is empty {board: Array(8), history: Array(0), turn: 'white', username1: null, username2: '', …}
 5556Iterating over direction 15
 5556Row 15 is empty {board: Array(8), history: Array(0), turn: 'white', username1: null, username2: '', …}
 843firstTriggeringOpponentPiece undefined
 843threateningSquares (16) [Array(4), Array(3), Array(7), Array(0), Array(4), Array(3), Array(0), Array(0), Array(1), Array(1), Array(0), Array(0), Array(1), Array(1), Array(0), Array(0)] {board: Array(8), history: Array(0), turn: 'white', username1: null, username2: '', …} undefined -1 true
 843firstTriggeringOpponentPieceIndex: -1
 843slicedCoordinates: []
 843firstTriggeringOpponentPieceIndex -1
 7322isKingInCheck false
 7322King is not in check or checkmate.
 843checkDirection -1 {board: Array(8), history: Array(0), turn: 'white', username1: null, username2: '', …}
 843checkResult {isKingInCheck: false, loser: 'white', slicedThreateningSquares: Array(0), checkDirection: -1, firstTriggeringOpponentPiece: undefined, …} []
 843moves [Array(0)]
 843normalMoves [Array(2)] []
 843normalMoves [Array(2)] []
 Running enPassant function with piece: {id: 25, type: 'pawn', position: Array(2), color: 'white'} and lastPosition: (2) [6, 1]
 enPassantCondition: false enPassantDirection: -1 toX: 6 toY: 1 opponentColor: black
 Was this the opponent's last move? false
 843pawnMove (2) [6, 1]
 843position (2) [6, 1] {board: Array(8), history: Array(0), turn: 'white', username1: null, username2: '', …}
 843currentIndex 25 {type: 'pawn', color: 'white', position: Array(2), hasMoved: false, index: 25} (2) [6, 1]
 tempGameState {board: Array(8), history: Array(0), turn: 'white', username1: null, username2: '', …} 843tempGameState.turn white {board: Array(8), history: Array(0), turn: 'white', username1: null, username2: '', …} (2) [6, 1] (2) [6, 1] {type: 'pawn', color: 'white', position: Array(2), hasMoved: false, index: 25}
 843moves [Array(0)] [Array(2)]
 Checking move 0: []
 Comparing with normalMove 0: (2) [5, 1] [Array(2)]
 Move 0 not found in normalMoves, errorFound set to true
 Some moves may have inconsistent format, but proceeding anyway
overrideMethod @ installHook.js:1
validMoves @ validMoves.ts:569
(anonymous) @ aiEngine.ts:22
getRandomMove @ aiEngine.ts:19
getAIMove @ aiEngine.ts:6
makeAIMove @ App.tsx:199
await in makeAIMove
(anonymous) @ App.tsx:246
(anonymous) @ App.tsx:252
setTimeout
(anonymous) @ App.tsx:251
commitHookEffectListMount @ chunk-X3B7SAOS.js:16904
commitPassiveMountOnFiber @ chunk-X3B7SAOS.js:18152
commitPassiveMountEffects_complete @ chunk-X3B7SAOS.js:18125
commitPassiveMountEffects_begin @ chunk-X3B7SAOS.js:18115
commitPassiveMountEffects @ chunk-X3B7SAOS.js:18105
flushPassiveEffectsImpl @ chunk-X3B7SAOS.js:19486
flushPassiveEffects @ chunk-X3B7SAOS.js:19443
performSyncWorkOnRoot @ chunk-X3B7SAOS.js:18864
flushSyncCallbacks @ chunk-X3B7SAOS.js:9135
commitRootImpl @ chunk-X3B7SAOS.js:19428
commitRoot @ chunk-X3B7SAOS.js:19273
finishConcurrentRender @ chunk-X3B7SAOS.js:18801
performConcurrentWorkOnRoot @ chunk-X3B7SAOS.js:18714
workLoop @ chunk-X3B7SAOS.js:197
flushWork @ chunk-X3B7SAOS.js:176
performWorkUntilDeadline @ chunk-X3B7SAOS.js:384
 302validMoves piece {id: 26, type: 'pawn', position: Array(2), color: 'white'} position (2) [6, 2] gameState {board: Array(8), history: Array(0), turn: 'white', username1: null, username2: '', …} playerNumber 2 lastPosition (2) [6, 2]
 7778tempGameState 7 7778pieceLastPosition 6 7778piece 4 7778tempKing 2 tempGameState {board: Array(8), history: Array(0), turn: 'white', username1: null, username2: '', …}
 843hypotheticalGameState {board: Array(8), history: Array(0), turn: 'white', username1: null, username2: '', …} 843piece.position (2) [6, 2] 843lastPosition (2) [6, 2]
 843checkDirection 0 843threateningPieceIndex 0 (16) [Array(4), Array(3), Array(7), Array(0), Array(4), Array(3), Array(0), Array(0), Array(1), Array(1), Array(0), Array(0), Array(1), Array(1), Array(0), Array(0)]
 843piece {type: 'queen', color: 'white', position: Array(2), hasMoved: false, index: 19} 843piece.color white 843opponentColor black 843currentColor white
 843checkDirection 1 843threateningPieceIndex 0 (16) [Array(4), Array(3), Array(7), Array(0), Array(4), Array(3), Array(0), Array(0), Array(1), Array(1), Array(0), Array(0), Array(1), Array(1), Array(0), Array(0)]
 843piece {type: 'bishop', color: 'white', position: Array(2), hasMoved: false, index: 21} 843piece.color white 843opponentColor black 843currentColor white
 843checkDirection 2 843threateningPieceIndex 0 (16) [Array(4), Array(3), Array(7), Array(0), Array(4), Array(3), Array(0), Array(0), Array(1), Array(1), Array(0), Array(0), Array(1), Array(1), Array(0), Array(0)]
 843piece {type: 'pawn', color: 'white', position: Array(2), hasMoved: false, index: 28} 843piece.color white 843opponentColor black 843currentColor white
 77722piece.position (2) [0, 4]
 843checkDirection 3 843threateningPieceIndex 0 (16) [Array(0), Array(7), Array(4), Array(3), Array(0), Array(0), Array(4), Array(3), Array(0), Array(0), Array(0), Array(0), Array(1), Array(1), Array(1), Array(1)]
 843piece {type: 'bishop', color: 'black', position: Array(2), hasMoved: false, index: 5} 843piece.color black 843opponentColor black 843currentColor white
 77722piece.position (2) [0, 4]
 77722piece.position (2) [0, 4]
 843checkDirection 6 843threateningPieceIndex 0 (16) [Array(0), Array(7), Array(4), Array(3), Array(0), Array(0), Array(4), Array(3), Array(0), Array(0), Array(0), Array(0), Array(1), Array(1), Array(1), Array(1)]
 843piece {type: 'pawn', color: 'black', position: Array(2), hasMoved: false, index: 11} 843piece.color black 843opponentColor black 843currentColor white
 843checkDirection 7 843threateningPieceIndex 0 (16) [Array(0), Array(7), Array(4), Array(3), Array(0), Array(0), Array(4), Array(3), Array(0), Array(0), Array(0), Array(0), Array(1), Array(1), Array(1), Array(1)]
 843piece {type: 'pawn', color: 'black', position: Array(2), hasMoved: false, index: 13} 843piece.color black 843opponentColor black 843currentColor white
 77722piece.position (2) [0, 4]
 77722piece.position (2) [0, 4]
 77722piece.position (2) [0, 4]
 77722piece.position (2) [0, 4]
 843checkDirection 12 843threateningPieceIndex 0 (16) [Array(0), Array(7), Array(4), Array(3), Array(0), Array(0), Array(4), Array(3), Array(0), Array(0), Array(0), Array(0), Array(1), Array(1), Array(1), Array(1)]
 843piece {type: 'pawn', color: 'black', position: Array(2), hasMoved: false, index: 10} 843piece.color black 843opponentColor black 843currentColor white
 843checkDirection 13 843threateningPieceIndex 0 (16) [Array(0), Array(7), Array(4), Array(3), Array(0), Array(0), Array(4), Array(3), Array(0), Array(0), Array(0), Array(0), Array(1), Array(1), Array(1), Array(1)]
 843piece {type: 'pawn', color: 'black', position: Array(2), hasMoved: false, index: 14} 843piece.color black 843opponentColor black 843currentColor white
 843checkDirection 14 843threateningPieceIndex 0 (16) [Array(0), Array(7), Array(4), Array(3), Array(0), Array(0), Array(4), Array(3), Array(0), Array(0), Array(0), Array(0), Array(1), Array(1), Array(1), Array(1)]
 843piece {type: 'empty', color: 'none', hasMoved: false, position: Array(0), index: 16} 843piece.color none 843opponentColor black 843currentColor white
 843checkDirection 15 843threateningPieceIndex 0 (16) [Array(0), Array(7), Array(4), Array(3), Array(0), Array(0), Array(4), Array(3), Array(0), Array(0), Array(0), Array(0), Array(1), Array(1), Array(1), Array(1)]
 843piece {type: 'empty', color: 'none', hasMoved: false, position: Array(0), index: 16} 843piece.color none 843opponentColor black 843currentColor white
 843matchFoundInDirection 2
 847piece.type pawn checkPosition (2) [6, 2] lastPosition (2) [6, 2] gameState {board: Array(8), history: Array(0), turn: 'white', username1: null, username2: '', …} piece {id: 26, type: 'pawn', position: Array(2), color: 'white'} position (2) [6, 2] playerNumber 2 lastPosition (2) [6, 2] matchFoundInDirection 2 currentColor white
 7322isCheckParams {board: Array(8), history: Array(0), turn: 'white', username1: null, username2: '', …} (16) [Array(4), Array(3), Array(0), Array(7), Array(0), Array(0), Array(4), Array(3), Array(0), Array(0), Array(1), Array(1), Array(0), Array(0), Array(1), Array(1)] 1 (2) [6, 2] {id: 26, type: 'pawn', position: Array(2), color: 'white'} (2) [6, 2] 2 (2) [6, 2] 2 white
 7322threateningSquares (16) [Array(4), Array(3), Array(0), Array(7), Array(0), Array(0), Array(4), Array(3), Array(0), Array(0), Array(1), Array(1), Array(0), Array(0), Array(1), Array(1)]
 7322gameState {board: Array(8), history: Array(0), turn: 'white', username1: null, username2: '', …}
 5556pieceLastPosition (2) [6, 2] undefined
 999King position: (2) [7, 4] (2) [6, 2] (2) [7, 4]
 999Current direction: (2) [0, -1]
 999New position: (2) [7, 3]
 999New position: (2) [7, 2]
 999New position: (2) [7, 1]
 999New position: (2) [7, 0]
 999New position: (2) [7, -1]
 999Current direction: (2) [0, 1]
 999New position: (2) [7, 5]
 999New position: (2) [7, 6]
 999New position: (2) [7, 7]
 999New position: (2) [7, 8]
 999Current direction: (2) [-1, 0]
 999New position: (2) [6, 4]
 999New position: (2) [5, 4]
 999New position: (2) [4, 4]
 999New position: (2) [3, 4]
 999New position: (2) [2, 4]
 999New position: (2) [1, 4]
 999New position: (2) [0, 4]
 999Current direction: (2) [1, 0]
 999New position: (2) [8, 4]
 999Current direction: (2) [-1, -1]
 999New position: (2) [6, 3]
 999New position: (2) [5, 2]
 999New position: (2) [4, 1]
 999New position: (2) [3, 0]
 999New position: (2) [2, -1]
 999Current direction: (2) [-1, 1]
 999New position: (2) [6, 5]
 999New position: (2) [5, 6]
 999New position: (2) [4, 7]
 999New position: (2) [3, 8]
 999Current direction: (2) [1, -1]
 999New position: (2) [8, 3]
 999Current direction: (2) [1, 1]
 999New position: (2) [8, 5]
 999Current direction: (2) [-2, -1]
 999New position: (2) [5, 3]
 999Current direction: (2) [-2, 1]
 999New position: (2) [5, 5]
 999Current direction: (2) [2, -1]
 999New position: (2) [9, 3]
 999Current direction: (2) [2, 1]
 999New position: (2) [9, 5]
 999Current direction: (2) [-1, -2]
 999New position: (2) [6, 2]
 999Current direction: (2) [-1, 2]
 999New position: (2) [6, 6]
 999Current direction: (2) [1, -2]
 999New position: (2) [8, 2]
 999Current direction: (2) [1, 2]
 999New position: (2) [8, 6]
 999Calculated squares: (16) [Array(4), Array(3), Array(7), Array(0), Array(4), Array(3), Array(0), Array(0), Array(1), Array(1), Array(0), Array(0), Array(1), Array(1), Array(0), Array(0)]
 Updated threateningSquaresCopy for check evaluation: (16) [Array(4), Array(3), Array(7), Array(0), Array(4), Array(3), Array(0), Array(0), Array(1), Array(1), Array(0), Array(0), Array(1), Array(1), Array(0), Array(0)]
 7322gameState.history.length 0
 7322canBlockParams (16) [Array(4), Array(3), Array(0), Array(7), Array(0), Array(0), Array(4), Array(3), Array(0), Array(0), Array(1), Array(1), Array(0), Array(0), Array(1), Array(1)] (2) [6, 2] white
 7322currentPlayerPieces (16) [{…}, {…}, {…}, {…}, {…}, {…}, {…}, {…}, {…}, {…}, {…}, {…}, {…}, {…}, {…}, {…}]
 5556threateningSquares (16) [Array(4), Array(3), Array(0), Array(7), Array(0), Array(0), Array(4), Array(3), Array(0), Array(0), Array(1), Array(1), Array(0), Array(0), Array(1), Array(1)] black
 7322threateningSquaresCopy (16) [Array(4), Array(3), Array(0), Array(7), Array(0), Array(0), Array(4), Array(3), Array(0), Array(0), Array(1), Array(1), Array(0), Array(0), Array(1), Array(1)]
 5556Iterating over direction 0 (4) [Array(2), Array(2), Array(2), Array(2)]
 5556color white black black true
 5556Opponent's piece found at square 0,3 white
 5556Iterating over direction 1 (3) [Array(2), Array(2), Array(2)]
 5556color white black black true
 5556Opponent's piece found at square 0,5 white
 5556Iterating over direction 2 []
 5556Row 2 is empty {board: Array(8), history: Array(0), turn: 'white', username1: null, username2: '', …} []
 5556Iterating over direction 3 (7) [Array(2), Array(2), Array(2), Array(2), Array(2), Array(2), Array(2)]
 5556color white black black true
 5556Opponent's piece found at square 1,4 white
 5556Iterating over direction 4 []
 5556Row 4 is empty {board: Array(8), history: Array(0), turn: 'white', username1: null, username2: '', …} []
 5556Iterating over direction 5 []
 5556Row 5 is empty {board: Array(8), history: Array(0), turn: 'white', username1: null, username2: '', …} []
 5556Iterating over direction 6 (4) [Array(2), Array(2), Array(2), Array(2)]
 5556color white black black true
 5556Opponent's piece found at square 1,3 white
 5556Iterating over direction 7 (3) [Array(2), Array(2), Array(2)]
 5556color white black black true
 5556Opponent's piece found at square 1,5 white
 5556Iterating over direction 8 []
 5556Row 8 is empty {board: Array(8), history: Array(0), turn: 'white', username1: null, username2: '', …} []
 5556Iterating over direction 9 []
 5556Row 9 is empty {board: Array(8), history: Array(0), turn: 'white', username1: null, username2: '', …} []
 5556Iterating over direction 10 [Array(2)]
 5556No opponent's knight at square 2,3 empty
 5556Iterating over direction 11 [Array(2)]
 5556No opponent's knight at square 2,5 empty
 5556Iterating over direction 12 []
 5556Row 12 is empty {board: Array(8), history: Array(0), turn: 'white', username1: null, username2: '', …} []
 5556Iterating over direction 13 []
 5556Row 13 is empty {board: Array(8), history: Array(0), turn: 'white', username1: null, username2: '', …} []
 5556Iterating over direction 14 [Array(2)]
 5556No opponent's knight at square 1,2 pawn
 5556Iterating over direction 15 [Array(2)]
 5556No opponent's knight at square 1,6 pawn
 5556Last direction is blank or not an current player's knight at square 1,6
 843firstTriggeringCurrentPiece undefined
 843firstTriggeringCurrentPieceIndex: -1
 843slicedCoordinates: []
 843firstTriggeringCurrentPieceIndex -1
 7322canBlockParams (16) [Array(4), Array(3), Array(0), Array(7), Array(0), Array(0), Array(4), Array(3), Array(0), Array(0), Array(1), Array(1), Array(0), Array(0), Array(1), Array(1)] (2) [6, 2] white
 7322currentPlayerPieces (16) [{…}, {…}, {…}, {…}, {…}, {…}, {…}, {…}, {…}, {…}, {…}, {…}, {…}, {…}, {…}, {…}]
 5556threateningSquares (16) [Array(4), Array(3), Array(0), Array(7), Array(0), Array(0), Array(4), Array(3), Array(0), Array(0), Array(1), Array(1), Array(0), Array(0), Array(1), Array(1)] black
 7322threateningSquaresCopy (16) [Array(4), Array(3), Array(0), Array(7), Array(0), Array(0), Array(4), Array(3), Array(0), Array(0), Array(1), Array(1), Array(0), Array(0), Array(1), Array(1)]
 5556Iterating over direction 0 (4) [Array(2), Array(2), Array(2), Array(2)]
 5556color white black black true
 5556Opponent's piece found at square 0,3 white
 5556Iterating over direction 1 (3) [Array(2), Array(2), Array(2)]
 5556color white black black true
 5556Opponent's piece found at square 0,5 white
 5556Iterating over direction 2 []
 5556Row 2 is empty {board: Array(8), history: Array(0), turn: 'white', username1: null, username2: '', …} []
 5556Iterating over direction 3 (7) [Array(2), Array(2), Array(2), Array(2), Array(2), Array(2), Array(2)]
 5556color white black black true
 5556Opponent's piece found at square 1,4 white
 5556Iterating over direction 4 []
 5556Row 4 is empty {board: Array(8), history: Array(0), turn: 'white', username1: null, username2: '', …} []
 5556Iterating over direction 5 []
 5556Row 5 is empty {board: Array(8), history: Array(0), turn: 'white', username1: null, username2: '', …} []
 5556Iterating over direction 6 (4) [Array(2), Array(2), Array(2), Array(2)]
 5556color white black black true
 5556Opponent's piece found at square 1,3 white
 5556Iterating over direction 7 (3) [Array(2), Array(2), Array(2)]
 5556color white black black true
 5556Opponent's piece found at square 1,5 white
 5556Iterating over direction 8 []
 5556Row 8 is empty {board: Array(8), history: Array(0), turn: 'white', username1: null, username2: '', …} []
 5556Iterating over direction 9 []
 5556Row 9 is empty {board: Array(8), history: Array(0), turn: 'white', username1: null, username2: '', …} []
 5556Iterating over direction 10 [Array(2)]
 5556No opponent's knight at square 2,3 empty
 5556Iterating over direction 11 [Array(2)]
 5556No opponent's knight at square 2,5 empty
 5556Iterating over direction 12 []
 5556Row 12 is empty {board: Array(8), history: Array(0), turn: 'white', username1: null, username2: '', …} []
 5556Iterating over direction 13 []
 5556Row 13 is empty {board: Array(8), history: Array(0), turn: 'white', username1: null, username2: '', …} []
 5556Iterating over direction 14 [Array(2)]
 5556No opponent's knight at square 1,2 pawn
 5556Iterating over direction 15 [Array(2)]
 5556No opponent's knight at square 1,6 pawn
 5556Last direction is blank or not an current player's knight at square 1,6
 7322isKingInCheck false
 843isKingInCheck false 843slicedThreateningSquares undefined 843directionIndex -1
 222getMovesForPiece {id: 26, type: 'pawn', position: Array(2), color: 'white'} (2) [6, 2] {board: Array(8), history: Array(0), turn: 'white', username1: null, username2: '', …}
 222PawnMovesCheck {id: 26, type: 'pawn', position: Array(2), color: 'white'} (2) [6, 2] {board: Array(8), history: Array(0), turn: 'white', username1: null, username2: '', …}
 222PawnMovesForwards (2) [5, 2] 5 2
 222PawnMovesSent [Array(2)]
 222getMovesForPieceMoves [Array(2)]
 Returning moves: [Array(2)] {board: Array(8), history: Array(0), turn: 'white', username1: null, username2: '', …}
 843normalMoves [Array(2)]
 843filteredMoves []
 843tempGameState {board: Array(8), history: Array(0), turn: 'white', username1: null, username2: '', …} 843currentColor white 843gameState.threateningPiecesPositions[currentColor] {black: Array(16), white: Array(16)} piece position (2) [5, 2]
 999King position: (2) [7, 4] (2) [5, 2] (2) [7, 4]
 999Current direction: (2) [0, -1]
 999New position: (2) [7, 3]
 999New position: (2) [7, 2]
 999New position: (2) [7, 1]
 999New position: (2) [7, 0]
 999New position: (2) [7, -1]
 999Current direction: (2) [0, 1]
 999New position: (2) [7, 5]
 999New position: (2) [7, 6]
 999New position: (2) [7, 7]
 999New position: (2) [7, 8]
 999Current direction: (2) [-1, 0]
 999New position: (2) [6, 4]
 999New position: (2) [5, 4]
 999New position: (2) [4, 4]
 999New position: (2) [3, 4]
 999New position: (2) [2, 4]
 999New position: (2) [1, 4]
 999New position: (2) [0, 4]
 999Current direction: (2) [1, 0]
 999New position: (2) [8, 4]
 999Current direction: (2) [-1, -1]
 999New position: (2) [6, 3]
 999New position: (2) [5, 2]
 999New position: (2) [4, 1]
 999New position: (2) [3, 0]
 999New position: (2) [2, -1]
 999Current direction: (2) [-1, 1]
 999New position: (2) [6, 5]
 999New position: (2) [5, 6]
 999New position: (2) [4, 7]
 999New position: (2) [3, 8]
 999Current direction: (2) [1, -1]
 999New position: (2) [8, 3]
 999Current direction: (2) [1, 1]
 999New position: (2) [8, 5]
 999Current direction: (2) [-2, -1]
 999New position: (2) [5, 3]
 999Current direction: (2) [-2, 1]
 999New position: (2) [5, 5]
 999Current direction: (2) [2, -1]
 999New position: (2) [9, 3]
 999Current direction: (2) [2, 1]
 999New position: (2) [9, 5]
 999Current direction: (2) [-1, -2]
 999New position: (2) [6, 2]
 999Current direction: (2) [-1, 2]
 999New position: (2) [6, 6]
 999Current direction: (2) [1, -2]
 999New position: (2) [8, 2]
 999Current direction: (2) [1, 2]
 999New position: (2) [8, 6]
 999Calculated squares: (16) [Array(4), Array(3), Array(7), Array(0), Array(4), Array(3), Array(0), Array(0), Array(1), Array(1), Array(0), Array(0), Array(1), Array(1), Array(0), Array(0)]
 debugging 1: 7,3,7,2,7,1,7,0,7,5,7,6,7,7,6,4,5,4,4,4,3,4,2,4,1,4,0,4,,6,3,5,2,4,1,3,0,6,5,5,6,4,7,,,5,3,5,5,,,6,2,6,6,,
 Game State: {board: Array(8), history: Array(0), turn: 'white', username1: null, username2: '', …} Threatening Squares: (16) [Array(4), Array(3), Array(7), Array(0), Array(4), Array(3), Array(0), Array(0), Array(1), Array(1), Array(0), Array(0), Array(1), Array(1), Array(0), Array(0)] Opponent Player Number: 1 Check Position: (2) [7, 4] Piece: {id: 26, type: 'pawn', position: Array(2), color: 'white'} Position: (2) [6, 2] Player Number: 2 Last Position: (2) [5, 2] Match Found In Direction: 2 Current Player Color: white
 7322threateningSquares (16) [Array(4), Array(3), Array(7), Array(0), Array(4), Array(3), Array(0), Array(0), Array(1), Array(1), Array(0), Array(0), Array(1), Array(1), Array(0), Array(0)]
 7322gameState {board: Array(8), history: Array(0), turn: 'white', username1: null, username2: '', …}
 5556pieceLastPosition (2) [5, 2]
 7322gameState.history.length 0
 7322gameState {board: Array(8), history: Array(0), turn: 'white', username1: null, username2: '', …}
 7322piece {id: 26, type: 'pawn', position: Array(2), color: 'white'} undefined
 7322lastPosition (2) [5, 2]
 7322canBlockParams {board: Array(8), history: Array(0), turn: 'white', username1: null, username2: '', …} (16) [Array(4), Array(3), Array(7), Array(0), Array(4), Array(3), Array(0), Array(0), Array(1), Array(1), Array(0), Array(0), Array(1), Array(1), Array(0), Array(0)] (2) [7, 4] black
 7322threateningSquares (16) [Array(4), Array(3), Array(7), Array(0), Array(4), Array(3), Array(0), Array(0), Array(1), Array(1), Array(0), Array(0), Array(1), Array(1), Array(0), Array(0)]
 7322gameState {board: Array(8), history: Array(0), turn: 'white', username1: null, username2: '', …}
 7322currentPlayerPieces (16) [{…}, {…}, {…}, {…}, {…}, {…}, {…}, {…}, {…}, {…}, {…}, {…}, {…}, {…}, {…}, {…}]
 5556threateningSquares (16) [Array(4), Array(3), Array(7), Array(0), Array(4), Array(3), Array(0), Array(0), Array(1), Array(1), Array(0), Array(0), Array(1), Array(1), Array(0), Array(0)] white
 7322threateningSquaresCopy (16) [Array(4), Array(3), Array(7), Array(0), Array(4), Array(3), Array(0), Array(0), Array(1), Array(1), Array(0), Array(0), Array(1), Array(1), Array(0), Array(0)]
 5556Iterating over direction 0
 5556squarePiece (2) [7, 3] {type: 'queen', color: 'white', position: Array(2), hasMoved: false, index: 19} {board: Array(8), history: Array(0), turn: 'white', username1: null, username2: '', …}
 5556Iterating over square 7,3 with squarePiece color white {board: Array(8), history: Array(0), turn: 'white', username1: null, username2: '', …} {type: 'queen', color: 'white', position: Array(2), hasMoved: false, index: 19}
 5556color white black white
 5556Friendly's piece found at square 7,3 white
 5556Iterating over direction 1
 5556squarePiece (2) [7, 5] {type: 'bishop', color: 'white', position: Array(2), hasMoved: false, index: 21} {board: Array(8), history: Array(0), turn: 'white', username1: null, username2: '', …}
 5556Iterating over square 7,5 with squarePiece color white {board: Array(8), history: Array(0), turn: 'white', username1: null, username2: '', …} {type: 'bishop', color: 'white', position: Array(2), hasMoved: false, index: 21}
 5556color white black white
 5556Friendly's piece found at square 7,5 white
 5556Iterating over direction 2
 5556squarePiece (2) [6, 4] {type: 'pawn', color: 'white', position: Array(2), hasMoved: false, index: 28} {board: Array(8), history: Array(0), turn: 'white', username1: null, username2: '', …}
 5556Iterating over square 6,4 with squarePiece color white {board: Array(8), history: Array(0), turn: 'white', username1: null, username2: '', …} {type: 'pawn', color: 'white', position: Array(2), hasMoved: false, index: 28}
 5556color white black white
 5556Friendly's piece found at square 6,4 white
 5556Iterating over direction 3
 5556Row 3 is empty {board: Array(8), history: Array(0), turn: 'white', username1: null, username2: '', …}
 5556Iterating over direction 4
 5556squarePiece (2) [6, 3] {type: 'pawn', color: 'white', position: Array(2), hasMoved: false, index: 27} {board: Array(8), history: Array(0), turn: 'white', username1: null, username2: '', …}
 5556Iterating over square 6,3 with squarePiece color white {board: Array(8), history: Array(0), turn: 'white', username1: null, username2: '', …} {type: 'pawn', color: 'white', position: Array(2), hasMoved: false, index: 27}
 5556color white black white
 5556Friendly's piece found at square 6,3 white
 5556Iterating over direction 5
 5556squarePiece (2) [6, 5] {type: 'pawn', color: 'white', position: Array(2), hasMoved: false, index: 29} {board: Array(8), history: Array(0), turn: 'white', username1: null, username2: '', …}
 5556Iterating over square 6,5 with squarePiece color white {board: Array(8), history: Array(0), turn: 'white', username1: null, username2: '', …} {type: 'pawn', color: 'white', position: Array(2), hasMoved: false, index: 29}
 5556color white black white
 5556Friendly's piece found at square 6,5 white
 5556Iterating over direction 6
 5556Row 6 is empty {board: Array(8), history: Array(0), turn: 'white', username1: null, username2: '', …}
 5556Iterating over direction 7
 5556Row 7 is empty {board: Array(8), history: Array(0), turn: 'white', username1: null, username2: '', …}
 5556Iterating over direction 8
 5556squarePiece (2) [5, 3] {type: 'empty', color: 'none', hasMoved: false, position: Array(0), index: 16} {board: Array(8), history: Array(0), turn: 'white', username1: null, username2: '', …}
 5556Iterating over square 5,3 with squarePiece color none {board: Array(8), history: Array(0), turn: 'white', username1: null, username2: '', …} {type: 'empty', color: 'none', hasMoved: false, position: Array(0), index: 16}
 5556No piece or color at square 5,3
 5556Iterating over direction 9
 5556squarePiece (2) [5, 5] {type: 'empty', color: 'none', hasMoved: false, position: Array(0), index: 16} {board: Array(8), history: Array(0), turn: 'white', username1: null, username2: '', …}
 5556Iterating over square 5,5 with squarePiece color none {board: Array(8), history: Array(0), turn: 'white', username1: null, username2: '', …} {type: 'empty', color: 'none', hasMoved: false, position: Array(0), index: 16}
 5556No piece or color at square 5,5
 5556Iterating over direction 10
 5556Row 10 is empty {board: Array(8), history: Array(0), turn: 'white', username1: null, username2: '', …}
 5556Iterating over direction 11
 5556Row 11 is empty {board: Array(8), history: Array(0), turn: 'white', username1: null, username2: '', …}
 5556Iterating over direction 12
 5556squarePiece (2) [6, 2] {type: 'empty', color: 'none', hasMoved: false, position: Array(2)} {board: Array(8), history: Array(0), turn: 'white', username1: null, username2: '', …}
 5556Iterating over square 6,2 with squarePiece color none {board: Array(8), history: Array(0), turn: 'white', username1: null, username2: '', …} {type: 'empty', color: 'none', hasMoved: false, position: Array(2)}
 5556No piece or color at square 6,2
 5556Iterating over direction 13
 5556squarePiece (2) [6, 6] {type: 'pawn', color: 'white', position: Array(2), hasMoved: false, index: 30} {board: Array(8), history: Array(0), turn: 'white', username1: null, username2: '', …}
 5556Iterating over square 6,6 with squarePiece color white {board: Array(8), history: Array(0), turn: 'white', username1: null, username2: '', …} {type: 'pawn', color: 'white', position: Array(2), hasMoved: false, index: 30}
 5556color white black white
 5556Friendly's piece found at square 6,6 white
 5556Iterating over direction 14
 5556Row 14 is empty {board: Array(8), history: Array(0), turn: 'white', username1: null, username2: '', …}
 5556Iterating over direction 15
 5556Row 15 is empty {board: Array(8), history: Array(0), turn: 'white', username1: null, username2: '', …}
 843firstTriggeringOpponentPiece undefined
 843threateningSquares (16) [Array(4), Array(3), Array(7), Array(0), Array(4), Array(3), Array(0), Array(0), Array(1), Array(1), Array(0), Array(0), Array(1), Array(1), Array(0), Array(0)] {board: Array(8), history: Array(0), turn: 'white', username1: null, username2: '', …} undefined -1 true
 843firstTriggeringOpponentPieceIndex: -1
 843slicedCoordinates: []
 843firstTriggeringOpponentPieceIndex -1
 7322isKingInCheck false
 7322King is not in check or checkmate.
 843checkDirection -1 {board: Array(8), history: Array(0), turn: 'white', username1: null, username2: '', …}
 843checkResult {isKingInCheck: false, loser: 'white', slicedThreateningSquares: Array(0), checkDirection: -1, firstTriggeringOpponentPiece: undefined, …} []
 843moves [Array(0)]
 843normalMoves [Array(2)] []
 843normalMoves [Array(2)] []
 Running enPassant function with piece: {id: 26, type: 'pawn', position: Array(2), color: 'white'} and lastPosition: (2) [6, 2]
 enPassantCondition: false enPassantDirection: -1 toX: 6 toY: 2 opponentColor: black
 Was this the opponent's last move? false
 843pawnMove (2) [6, 2]
 843position (2) [6, 2] {board: Array(8), history: Array(0), turn: 'white', username1: null, username2: '', …}
validMoves.ts:381 843currentIndex 26 {type: 'pawn', color: 'white', position: Array(2), hasMoved: false, index: 26} (2) [6, 2]
validMoves.ts:383 tempGameState {board: Array(8), history: Array(0), turn: 'white', username1: null, username2: '', …} 843tempGameState.turn white {board: Array(8), history: Array(0), turn: 'white', username1: null, username2: '', …} (2) [6, 2] (2) [6, 2] {type: 'pawn', color: 'white', position: Array(2), hasMoved: false, index: 26}
validMoves.ts:879 843moves [Array(0)] [Array(2)]
validMoves.ts:887 Checking move 0: []
validMoves.ts:892 Comparing with normalMove 0: (2) [5, 2] [Array(2)]
validMoves.ts:915 Move 0 not found in normalMoves, errorFound set to true
validMoves.ts:921 Some moves may have inconsistent format, but proceeding anyway
overrideMethod @ hook.js:608
validMoves @ validMoves.ts:921
(anonymous) @ aiEngine.ts:40
getRandomMove @ aiEngine.ts:35
getAIMove @ aiEngine.ts:18
makeAIMove @ App.tsx:296
await in makeAIMove
(anonymous) @ App.tsx:378
(anonymous) @ App.tsx:388
setTimeout
(anonymous) @ App.tsx:387
commitHookEffectListMount @ chunk-X3B7SAOS.js?v=3151037c:16904
commitPassiveMountOnFiber @ chunk-X3B7SAOS.js?v=3151037c:18152
commitPassiveMountEffects_complete @ chunk-X3B7SAOS.js?v=3151037c:18125
commitPassiveMountEffects_begin @ chunk-X3B7SAOS.js?v=3151037c:18115
commitPassiveMountEffects @ chunk-X3B7SAOS.js?v=3151037c:18105
flushPassiveEffectsImpl @ chunk-X3B7SAOS.js?v=3151037c:19486
flushPassiveEffects @ chunk-X3B7SAOS.js?v=3151037c:19443
performSyncWorkOnRoot @ chunk-X3B7SAOS.js?v=3151037c:18864
flushSyncCallbacks @ chunk-X3B7SAOS.js?v=3151037c:9135
commitRootImpl @ chunk-X3B7SAOS.js?v=3151037c:19428
commitRoot @ chunk-X3B7SAOS.js?v=3151037c:19273
finishConcurrentRender @ chunk-X3B7SAOS.js?v=3151037c:18801
performConcurrentWorkOnRoot @ chunk-X3B7SAOS.js?v=3151037c:18714
workLoop @ chunk-X3B7SAOS.js?v=3151037c:197
flushWork @ chunk-X3B7SAOS.js?v=3151037c:176
performWorkUntilDeadline @ chunk-X3B7SAOS.js?v=3151037c:384
validMoves.ts:12 302validMoves piece {id: 27, type: 'pawn', position: Array(2), color: 'white'} position (2) [6, 3] gameState {board: Array(8), history: Array(0), turn: 'white', username1: null, username2: '', …} playerNumber 2 lastPosition (2) [6, 3]
validMoves.ts:35 7778tempGameState 7 7778pieceLastPosition 6 7778piece 4 7778tempKing 3 tempGameState {board: Array(8), history: Array(0), turn: 'white', username1: null, username2: '', …}
validMoves.ts:47 843hypotheticalGameState {board: Array(8), history: Array(0), turn: 'white', username1: null, username2: '', …} 843piece.position (2) [6, 3] 843lastPosition (2) [6, 3]
validMoves.ts:62 843checkDirection 0 843threateningPieceIndex 0 (16) [Array(4), Array(3), Array(7), Array(0), Array(4), Array(3), Array(0), Array(0), Array(1), Array(1), Array(0), Array(0), Array(1), Array(1), Array(0), Array(0)]
validMoves.ts:67 843piece {type: 'queen', color: 'white', position: Array(2), hasMoved: false, index: 19} 843piece.color white 843opponentColor black 843currentColor white
validMoves.ts:62 843checkDirection 1 843threateningPieceIndex 0 (16) [Array(4), Array(3), Array(7), Array(0), Array(4), Array(3), Array(0), Array(0), Array(1), Array(1), Array(0), Array(0), Array(1), Array(1), Array(0), Array(0)]
validMoves.ts:67 843piece {type: 'bishop', color: 'white', position: Array(2), hasMoved: false, index: 21} 843piece.color white 843opponentColor black 843currentColor white
validMoves.ts:62 843checkDirection 2 843threateningPieceIndex 0 (16) [Array(4), Array(3), Array(7), Array(0), Array(4), Array(3), Array(0), Array(0), Array(1), Array(1), Array(0), Array(0), Array(1), Array(1), Array(0), Array(0)]
validMoves.ts:67 843piece {type: 'pawn', color: 'white', position: Array(2), hasMoved: false, index: 28} 843piece.color white 843opponentColor black 843currentColor white
validMoves.ts:54 77722piece.position (2) [0, 4]
validMoves.ts:62 843checkDirection 3 843threateningPieceIndex 0 (16) [Array(0), Array(7), Array(4), Array(3), Array(0), Array(0), Array(4), Array(3), Array(0), Array(0), Array(0), Array(0), Array(1), Array(1), Array(1), Array(1)]
validMoves.ts:67 843piece {type: 'bishop', color: 'black', position: Array(2), hasMoved: false, index: 5} 843piece.color black 843opponentColor black 843currentColor white
validMoves.ts:54 77722piece.position (2) [0, 4]
validMoves.ts:54 77722piece.position (2) [0, 4]
validMoves.ts:62 843checkDirection 6 843threateningPieceIndex 0 (16) [Array(0), Array(7), Array(4), Array(3), Array(0), Array(0), Array(4), Array(3), Array(0), Array(0), Array(0), Array(0), Array(1), Array(1), Array(1), Array(1)]
validMoves.ts:67 843piece {type: 'pawn', color: 'black', position: Array(2), hasMoved: false, index: 11} 843piece.color black 843opponentColor black 843currentColor white
validMoves.ts:62 843checkDirection 7 843threateningPieceIndex 0 (16) [Array(0), Array(7), Array(4), Array(3), Array(0), Array(0), Array(4), Array(3), Array(0), Array(0), Array(0), Array(0), Array(1), Array(1), Array(1), Array(1)]
validMoves.ts:67 843piece {type: 'pawn', color: 'black', position: Array(2), hasMoved: false, index: 13} 843piece.color black 843opponentColor black 843currentColor white
validMoves.ts:54 77722piece.position (2) [0, 4]
validMoves.ts:54 77722piece.position (2) [0, 4]
validMoves.ts:54 77722piece.position (2) [0, 4]
validMoves.ts:54 77722piece.position (2) [0, 4]
validMoves.ts:62 843checkDirection 12 843threateningPieceIndex 0 (16) [Array(0), Array(7), Array(4), Array(3), Array(0), Array(0), Array(4), Array(3), Array(0), Array(0), Array(0), Array(0), Array(1), Array(1), Array(1), Array(1)]
validMoves.ts:67 843piece {type: 'pawn', color: 'black', position: Array(2), hasMoved: false, index: 10} 843piece.color black 843opponentColor black 843currentColor white
validMoves.ts:62 843checkDirection 13 843threateningPieceIndex 0 (16) [Array(0), Array(7), Array(4), Array(3), Array(0), Array(0), Array(4), Array(3), Array(0), Array(0), Array(0), Array(0), Array(1), Array(1), Array(1), Array(1)]
validMoves.ts:67 843piece {type: 'pawn', color: 'black', position: Array(2), hasMoved: false, index: 14} 843piece.color black 843opponentColor black 843currentColor white
validMoves.ts:62 843checkDirection 14 843threateningPieceIndex 0 (16) [Array(0), Array(7), Array(4), Array(3), Array(0), Array(0), Array(4), Array(3), Array(0), Array(0), Array(0), Array(0), Array(1), Array(1), Array(1), Array(1)]
validMoves.ts:67 843piece {type: 'empty', color: 'none', hasMoved: false, position: Array(0), index: 16} 843piece.color none 843opponentColor black 843currentColor white
validMoves.ts:62 843checkDirection 15 843threateningPieceIndex 0 (16) [Array(0), Array(7), Array(4), Array(3), Array(0), Array(0), Array(4), Array(3), Array(0), Array(0), Array(0), Array(0), Array(1), Array(1), Array(1), Array(1)]
validMoves.ts:67 843piece {type: 'empty', color: 'none', hasMoved: false, position: Array(0), index: 16} 843piece.color none 843opponentColor black 843currentColor white
validMoves.ts:178 843matchFoundInDirection 2
validMoves.ts:439 847piece.type pawn checkPosition (2) [6, 3] lastPosition (2) [6, 3] gameState {board: Array(8), history: Array(0), turn: 'white', username1: null, username2: '', …} piece {id: 27, type: 'pawn', position: Array(2), color: 'white'} position (2) [6, 3] playerNumber 2 lastPosition (2) [6, 3] matchFoundInDirection 2 currentColor white
isCheckOpponent.ts:69 7322isCheckParams {board: Array(8), history: Array(0), turn: 'white', username1: null, username2: '', …} (16) [Array(4), Array(3), Array(0), Array(7), Array(0), Array(0), Array(4), Array(3), Array(0), Array(0), Array(1), Array(1), Array(0), Array(0), Array(1), Array(1)] 1 (2) [6, 3] {id: 27, type: 'pawn', position: Array(2), color: 'white'} (2) [6, 3] 2 (2) [6, 3] 2 white
isCheckOpponent.ts:70 7322threateningSquares (16) [Array(4), Array(3), Array(0), Array(7), Array(0), Array(0), Array(4), Array(3), Array(0), Array(0), Array(1), Array(1), Array(0), Array(0), Array(1), Array(1)]
isCheckOpponent.ts:71 7322gameState {board: Array(8), history: Array(0), turn: 'white', username1: null, username2: '', …}
isCheckOpponent.ts:82 5556pieceLastPosition (2) [6, 3] undefined
calculateThreateningSquares.ts:15 999King position: (2) [7, 4] (2) [6, 3] (2) [7, 4]
calculateThreateningSquares.ts:31 999Current direction: (2) [0, -1]
calculateThreateningSquares.ts:49 999New position: (2) [7, 3]
calculateThreateningSquares.ts:49 999New position: (2) [7, 2]
calculateThreateningSquares.ts:49 999New position: (2) [7, 1]
calculateThreateningSquares.ts:49 999New position: (2) [7, 0]
calculateThreateningSquares.ts:49 999New position: (2) [7, -1]
calculateThreateningSquares.ts:31 999Current direction: (2) [0, 1]
calculateThreateningSquares.ts:49 999New position: (2) [7, 5]
calculateThreateningSquares.ts:49 999New position: (2) [7, 6]
calculateThreateningSquares.ts:49 999New position: (2) [7, 7]
calculateThreateningSquares.ts:49 999New position: (2) [7, 8]
calculateThreateningSquares.ts:31 999Current direction: (2) [-1, 0]
calculateThreateningSquares.ts:49 999New position: (2) [6, 4]
calculateThreateningSquares.ts:49 999New position: (2) [5, 4]
calculateThreateningSquares.ts:49 999New position: (2) [4, 4]
calculateThreateningSquares.ts:49 999New position: (2) [3, 4]
calculateThreateningSquares.ts:49 999New position: (2) [2, 4]
calculateThreateningSquares.ts:49 999New position: (2) [1, 4]
calculateThreateningSquares.ts:49 999New position: (2) [0, 4]
calculateThreateningSquares.ts:31 999Current direction: (2) [1, 0]
calculateThreateningSquares.ts:49 999New position: (2) [8, 4]
calculateThreateningSquares.ts:31 999Current direction: (2) [-1, -1]
calculateThreateningSquares.ts:49 999New position: (2) [6, 3]
calculateThreateningSquares.ts:49 999New position: (2) [5, 2]
calculateThreateningSquares.ts:49 999New position: (2) [4, 1]
calculateThreateningSquares.ts:49 999New position: (2) [3, 0]
calculateThreateningSquares.ts:49 999New position: (2) [2, -1]
calculateThreateningSquares.ts:31 999Current direction: (2) [-1, 1]
calculateThreateningSquares.ts:49 999New position: (2) [6, 5]
calculateThreateningSquares.ts:49 999New position: (2) [5, 6]
calculateThreateningSquares.ts:49 999New position: (2) [4, 7]
calculateThreateningSquares.ts:49 999New position: (2) [3, 8]
calculateThreateningSquares.ts:31 999Current direction: (2) [1, -1]
calculateThreateningSquares.ts:49 999New position: (2) [8, 3]
calculateThreateningSquares.ts:31 999Current direction: (2) [1, 1]
calculateThreateningSquares.ts:49 999New position: (2) [8, 5]
calculateThreateningSquares.ts:31 999Current direction: (2) [-2, -1]
calculateThreateningSquares.ts:37 999New position: (2) [5, 3]
calculateThreateningSquares.ts:31 999Current direction: (2) [-2, 1]
calculateThreateningSquares.ts:37 999New position: (2) [5, 5]
calculateThreateningSquares.ts:31 999Current direction: (2) [2, -1]
calculateThreateningSquares.ts:37 999New position: (2) [9, 3]
calculateThreateningSquares.ts:31 999Current direction: (2) [2, 1]
calculateThreateningSquares.ts:37 999New position: (2) [9, 5]
calculateThreateningSquares.ts:31 999Current direction: (2) [-1, -2]
calculateThreateningSquares.ts:37 999New position: (2) [6, 2]
calculateThreateningSquares.ts:31 999Current direction: (2) [-1, 2]
calculateThreateningSquares.ts:37 999New position: (2) [6, 6]
calculateThreateningSquares.ts:31 999Current direction: (2) [1, -2]
calculateThreateningSquares.ts:37 999New position: (2) [8, 2]
calculateThreateningSquares.ts:31 999Current direction: (2) [1, 2]
calculateThreateningSquares.ts:37 999New position: (2) [8, 6]
calculateThreateningSquares.ts:59 999Calculated squares: (16) [Array(4), Array(3), Array(7), Array(0), Array(4), Array(3), Array(0), Array(0), Array(1), Array(1), Array(0), Array(0), Array(1), Array(1), Array(0), Array(0)]
isCheckOpponent.ts:143 Updated threateningSquaresCopy for check evaluation: (16) [Array(4), Array(3), Array(7), Array(0), Array(4), Array(3), Array(0), Array(0), Array(1), Array(1), Array(0), Array(0), Array(1), Array(1), Array(0), Array(0)]
isCheckOpponent.ts:371 7322gameState.history.length 0
isCheckOpponent.ts:214 7322canBlockParams (16) [Array(4), Array(3), Array(0), Array(7), Array(0), Array(0), Array(4), Array(3), Array(0), Array(0), Array(1), Array(1), Array(0), Array(0), Array(1), Array(1)] (2) [6, 3] white
isCheckOpponent.ts:226 7322currentPlayerPieces (16) [{…}, {…}, {…}, {…}, {…}, {…}, {…}, {…}, {…}, {…}, {…}, {…}, {…}, {…}, {…}, {…}]
isCheckOpponent.ts:227 5556threateningSquares (16) [Array(4), Array(3), Array(0), Array(7), Array(0), Array(0), Array(4), Array(3), Array(0), Array(0), Array(1), Array(1), Array(0), Array(0), Array(1), Array(1)] black
isCheckOpponent.ts:230 7322threateningSquaresCopy (16) [Array(4), Array(3), Array(0), Array(7), Array(0), Array(0), Array(4), Array(3), Array(0), Array(0), Array(1), Array(1), Array(0), Array(0), Array(1), Array(1)]
isCheckOpponent.ts:240 5556Iterating over direction 0 (4) [Array(2), Array(2), Array(2), Array(2)]
isCheckOpponent.ts:268 5556color white black black true
isCheckOpponent.ts:270 5556Opponent's piece found at square 0,3 white
isCheckOpponent.ts:240 5556Iterating over direction 1 (3) [Array(2), Array(2), Array(2)]
isCheckOpponent.ts:268 5556color white black black true
isCheckOpponent.ts:270 5556Opponent's piece found at square 0,5 white
isCheckOpponent.ts:240 5556Iterating over direction 2 []
isCheckOpponent.ts:243 5556Row 2 is empty {board: Array(8), history: Array(0), turn: 'white', username1: null, username2: '', …} []
isCheckOpponent.ts:240 5556Iterating over direction 3 (7) [Array(2), Array(2), Array(2), Array(2), Array(2), Array(2), Array(2)]
isCheckOpponent.ts:268 5556color white black black true
isCheckOpponent.ts:270 5556Opponent's piece found at square 1,4 white
isCheckOpponent.ts:240 5556Iterating over direction 4 []
isCheckOpponent.ts:243 5556Row 4 is empty {board: Array(8), history: Array(0), turn: 'white', username1: null, username2: '', …} []
isCheckOpponent.ts:240 5556Iterating over direction 5 []
isCheckOpponent.ts:243 5556Row 5 is empty {board: Array(8), history: Array(0), turn: 'white', username1: null, username2: '', …} []
isCheckOpponent.ts:240 5556Iterating over direction 6 (4) [Array(2), Array(2), Array(2), Array(2)]
isCheckOpponent.ts:268 5556color white black black true
isCheckOpponent.ts:270 5556Opponent's piece found at square 1,3 white
isCheckOpponent.ts:240 5556Iterating over direction 7 (3) [Array(2), Array(2), Array(2)]
isCheckOpponent.ts:268 5556color white black black true
isCheckOpponent.ts:270 5556Opponent's piece found at square 1,5 white
isCheckOpponent.ts:240 5556Iterating over direction 8 []
isCheckOpponent.ts:243 5556Row 8 is empty {board: Array(8), history: Array(0), turn: 'white', username1: null, username2: '', …} []
isCheckOpponent.ts:240 5556Iterating over direction 9 []
isCheckOpponent.ts:243 5556Row 9 is empty {board: Array(8), history: Array(0), turn: 'white', username1: null, username2: '', …} []
isCheckOpponent.ts:240 5556Iterating over direction 10 [Array(2)]
isCheckOpponent.ts:259 5556No opponent's knight at square 2,3 empty
isCheckOpponent.ts:240 5556Iterating over direction 11 [Array(2)]
isCheckOpponent.ts:259 5556No opponent's knight at square 2,5 empty
isCheckOpponent.ts:240 5556Iterating over direction 12 []
isCheckOpponent.ts:243 5556Row 12 is empty {board: Array(8), history: Array(0), turn: 'white', username1: null, username2: '', …} []
isCheckOpponent.ts:240 5556Iterating over direction 13 []
isCheckOpponent.ts:243 5556Row 13 is empty {board: Array(8), history: Array(0), turn: 'white', username1: null, username2: '', …} []
isCheckOpponent.ts:240 5556Iterating over direction 14 [Array(2)]
isCheckOpponent.ts:259 5556No opponent's knight at square 1,2 pawn
isCheckOpponent.ts:240 5556Iterating over direction 15 [Array(2)]
isCheckOpponent.ts:259 5556No opponent's knight at square 1,6 pawn
isCheckOpponent.ts:354 5556Last direction is blank or not an current player's knight at square 1,6
isCheckOpponent.ts:379 843firstTriggeringCurrentPiece undefined
isCheckOpponent.ts:416 843firstTriggeringCurrentPieceIndex: -1
isCheckOpponent.ts:417 843slicedCoordinates: []
isCheckOpponent.ts:439 843firstTriggeringCurrentPieceIndex -1
isCheckOpponent.ts:214 7322canBlockParams (16) [Array(4), Array(3), Array(0), Array(7), Array(0), Array(0), Array(4), Array(3), Array(0), Array(0), Array(1), Array(1), Array(0), Array(0), Array(1), Array(1)] (2) [6, 3] white
isCheckOpponent.ts:226 7322currentPlayerPieces (16) [{…}, {…}, {…}, {…}, {…}, {…}, {…}, {…}, {…}, {…}, {…}, {…}, {…}, {…}, {…}, {…}]
isCheckOpponent.ts:227 5556threateningSquares (16) [Array(4), Array(3), Array(0), Array(7), Array(0), Array(0), Array(4), Array(3), Array(0), Array(0), Array(1), Array(1), Array(0), Array(0), Array(1), Array(1)] black
isCheckOpponent.ts:230 7322threateningSquaresCopy (16) [Array(4), Array(3), Array(0), Array(7), Array(0), Array(0), Array(4), Array(3), Array(0), Array(0), Array(1), Array(1), Array(0), Array(0), Array(1), Array(1)]
isCheckOpponent.ts:240 5556Iterating over direction 0 (4) [Array(2), Array(2), Array(2), Array(2)]
isCheckOpponent.ts:268 5556color white black black true
isCheckOpponent.ts:270 5556Opponent's piece found at square 0,3 white
isCheckOpponent.ts:240 5556Iterating over direction 1 (3) [Array(2), Array(2), Array(2)]
isCheckOpponent.ts:268 5556color white black black true
isCheckOpponent.ts:270 5556Opponent's piece found at square 0,5 white
isCheckOpponent.ts:240 5556Iterating over direction 2 []
isCheckOpponent.ts:243 5556Row 2 is empty {board: Array(8), history: Array(0), turn: 'white', username1: null, username2: '', …} []
isCheckOpponent.ts:240 5556Iterating over direction 3 (7) [Array(2), Array(2), Array(2), Array(2), Array(2), Array(2), Array(2)]
isCheckOpponent.ts:268 5556color white black black true
isCheckOpponent.ts:270 5556Opponent's piece found at square 1,4 white
isCheckOpponent.ts:240 5556Iterating over direction 4 []
isCheckOpponent.ts:243 5556Row 4 is empty {board: Array(8), history: Array(0), turn: 'white', username1: null, username2: '', …} []
isCheckOpponent.ts:240 5556Iterating over direction 5 []
isCheckOpponent.ts:243 5556Row 5 is empty {board: Array(8), history: Array(0), turn: 'white', username1: null, username2: '', …} []
isCheckOpponent.ts:240 5556Iterating over direction 6 (4) [Array(2), Array(2), Array(2), Array(2)]
isCheckOpponent.ts:268 5556color white black black true
isCheckOpponent.ts:270 5556Opponent's piece found at square 1,3 white
isCheckOpponent.ts:240 5556Iterating over direction 7 (3) [Array(2), Array(2), Array(2)]
isCheckOpponent.ts:268 5556color white black black true
isCheckOpponent.ts:270 5556Opponent's piece found at square 1,5 white
isCheckOpponent.ts:240 5556Iterating over direction 8 []
isCheckOpponent.ts:243 5556Row 8 is empty {board: Array(8), history: Array(0), turn: 'white', username1: null, username2: '', …} []
isCheckOpponent.ts:240 5556Iterating over direction 9 []
isCheckOpponent.ts:243 5556Row 9 is empty {board: Array(8), history: Array(0), turn: 'white', username1: null, username2: '', …} []
isCheckOpponent.ts:240 5556Iterating over direction 10 [Array(2)]
isCheckOpponent.ts:259 5556No opponent's knight at square 2,3 empty
isCheckOpponent.ts:240 5556Iterating over direction 11 [Array(2)]
isCheckOpponent.ts:259 5556No opponent's knight at square 2,5 empty
isCheckOpponent.ts:240 5556Iterating over direction 12 []
isCheckOpponent.ts:243 5556Row 12 is empty {board: Array(8), history: Array(0), turn: 'white', username1: null, username2: '', …} []
isCheckOpponent.ts:240 5556Iterating over direction 13 []
isCheckOpponent.ts:243 5556Row 13 is empty {board: Array(8), history: Array(0), turn: 'white', username1: null, username2: '', …} []
isCheckOpponent.ts:240 5556Iterating over direction 14 [Array(2)]
isCheckOpponent.ts:259 5556No opponent's knight at square 1,2 pawn
isCheckOpponent.ts:240 5556Iterating over direction 15 [Array(2)]
isCheckOpponent.ts:259 5556No opponent's knight at square 1,6 pawn
isCheckOpponent.ts:354 5556Last direction is blank or not an current player's knight at square 1,6
isCheckOpponent.ts:463 7322isKingInCheck false
validMoves.ts:444 843isKingInCheck false 843slicedThreateningSquares undefined 843directionIndex -1
pieceMoves.ts:37 222getMovesForPiece {id: 27, type: 'pawn', position: Array(2), color: 'white'} (2) [6, 3] {board: Array(8), history: Array(0), turn: 'white', username1: null, username2: '', …}
pieceMoves.ts:58 222PawnMovesCheck {id: 27, type: 'pawn', position: Array(2), color: 'white'} (2) [6, 3] {board: Array(8), history: Array(0), turn: 'white', username1: null, username2: '', …}
pieceMoves.ts:65 222PawnMovesForwards (2) [5, 3] 5 3
pieceMoves.ts:126 222PawnMovesSent [Array(2)]
pieceMoves.ts:43 222getMovesForPieceMoves [Array(2)]
pieceMoves.ts:51 Returning moves: [Array(2)] {board: Array(8), history: Array(0), turn: 'white', username1: null, username2: '', …}
validMoves.ts:553 843normalMoves [Array(2)]
validMoves.ts:565 843filteredMoves []
validMoves.ts:89 843tempGameState {board: Array(8), history: Array(0), turn: 'white', username1: null, username2: '', …} 843currentColor white 843gameState.threateningPiecesPositions[currentColor] {black: Array(16), white: Array(16)} piece position (2) [5, 3]
 999King position: (2) [7, 4] (2) [5, 3] (2) [7, 4]
 999Current direction: (2) [0, -1]
 999New position: (2) [7, 3]
 999New position: (2) [7, 2]
 999New position: (2) [7, 1]
 999New position: (2) [7, 0]
 999New position: (2) [7, -1]
 999Current direction: (2) [0, 1]
 999New position: (2) [7, 5]
 999New position: (2) [7, 6]
 999New position: (2) [7, 7]
 999New position: (2) [7, 8]
 999Current direction: (2) [-1, 0]
 999New position: (2) [6, 4]
 999New position: (2) [5, 4]
 999New position: (2) [4, 4]
 999New position: (2) [3, 4]
 999New position: (2) [2, 4]
 999New position: (2) [1, 4]
 999New position: (2) [0, 4]
 999Current direction: (2) [1, 0]
 999New position: (2) [8, 4]
 999Current direction: (2) [-1, -1]
 999New position: (2) [6, 3]
 999New position: (2) [5, 2]
 999New position: (2) [4, 1]
 999New position: (2) [3, 0]
 999New position: (2) [2, -1]
 999Current direction: (2) [-1, 1]
 999New position: (2) [6, 5]
 999New position: (2) [5, 6]
 999New position: (2) [4, 7]
 999New position: (2) [3, 8]
 999Current direction: (2) [1, -1]
 999New position: (2) [8, 3]
 999Current direction: (2) [1, 1]
 999New position: (2) [8, 5]
 999Current direction: (2) [-2, -1]
 999New position: (2) [5, 3]
 999Current direction: (2) [-2, 1]
 999New position: (2) [5, 5]
 999Current direction: (2) [2, -1]
 999New position: (2) [9, 3]
 999Current direction: (2) [2, 1]
 999New position: (2) [9, 5]
 999Current direction: (2) [-1, -2]
 999New position: (2) [6, 2]
 999Current direction: (2) [-1, 2]
 999New position: (2) [6, 6]
 999Current direction: (2) [1, -2]
 999New position: (2) [8, 2]
 999Current direction: (2) [1, 2]
 999New position: (2) [8, 6]
 999Calculated squares: (16) [Array(4), Array(3), Array(7), Array(0), Array(4), Array(3), Array(0), Array(0), Array(1), Array(1), Array(0), Array(0), Array(1), Array(1), Array(0), Array(0)]
 debugging 1: 7,3,7,2,7,1,7,0,7,5,7,6,7,7,6,4,5,4,4,4,3,4,2,4,1,4,0,4,,6,3,5,2,4,1,3,0,6,5,5,6,4,7,,,5,3,5,5,,,6,2,6,6,,
 Game State: {board: Array(8), history: Array(0), turn: 'white', username1: null, username2: '', …} Threatening Squares: (16) [Array(4), Array(3), Array(7), Array(0), Array(4), Array(3), Array(0), Array(0), Array(1), Array(1), Array(0), Array(0), Array(1), Array(1), Array(0), Array(0)] Opponent Player Number: 1 Check Position: (2) [7, 4] Piece: {id: 27, type: 'pawn', position: Array(2), color: 'white'} Position: (2) [6, 3] Player Number: 2 Last Position: (2) [5, 3] Match Found In Direction: 2 Current Player Color: white
 7322threateningSquares (16) [Array(4), Array(3), Array(7), Array(0), Array(4), Array(3), Array(0), Array(0), Array(1), Array(1), Array(0), Array(0), Array(1), Array(1), Array(0), Array(0)]
 7322gameState {board: Array(8), history: Array(0), turn: 'white', username1: null, username2: '', …}
 5556pieceLastPosition (2) [5, 3]
 7322gameState.history.length 0
 7322gameState {board: Array(8), history: Array(0), turn: 'white', username1: null, username2: '', …}
 7322piece {id: 27, type: 'pawn', position: Array(2), color: 'white'} undefined
 7322lastPosition (2) [5, 3]
 7322canBlockParams {board: Array(8), history: Array(0), turn: 'white', username1: null, username2: '', …} (16) [Array(4), Array(3), Array(7), Array(0), Array(4), Array(3), Array(0), Array(0), Array(1), Array(1), Array(0), Array(0), Array(1), Array(1), Array(0), Array(0)] (2) [7, 4] black
 7322threateningSquares (16) [Array(4), Array(3), Array(7), Array(0), Array(4), Array(3), Array(0), Array(0), Array(1), Array(1), Array(0), Array(0), Array(1), Array(1), Array(0), Array(0)]
 7322gameState {board: Array(8), history: Array(0), turn: 'white', username1: null, username2: '', …}
 7322currentPlayerPieces (16) [{…}, {…}, {…}, {…}, {…}, {…}, {…}, {…}, {…}, {…}, {…}, {…}, {…}, {…}, {…}, {…}]
 5556threateningSquares (16) [Array(4), Array(3), Array(7), Array(0), Array(4), Array(3), Array(0), Array(0), Array(1), Array(1), Array(0), Array(0), Array(1), Array(1), Array(0), Array(0)] white
 7322threateningSquaresCopy (16) [Array(4), Array(3), Array(7), Array(0), Array(4), Array(3), Array(0), Array(0), Array(1), Array(1), Array(0), Array(0), Array(1), Array(1), Array(0), Array(0)]
 5556Iterating over direction 0
 5556squarePiece (2) [7, 3] {type: 'queen', color: 'white', position: Array(2), hasMoved: false, index: 19} {board: Array(8), history: Array(0), turn: 'white', username1: null, username2: '', …}
 5556Iterating over square 7,3 with squarePiece color white {board: Array(8), history: Array(0), turn: 'white', username1: null, username2: '', …} {type: 'queen', color: 'white', position: Array(2), hasMoved: false, index: 19}
 5556color white black white
 5556Friendly's piece found at square 7,3 white
 5556Iterating over direction 1
 5556squarePiece (2) [7, 5] {type: 'bishop', color: 'white', position: Array(2), hasMoved: false, index: 21} {board: Array(8), history: Array(0), turn: 'white', username1: null, username2: '', …}
 5556Iterating over square 7,5 with squarePiece color white {board: Array(8), history: Array(0), turn: 'white', username1: null, username2: '', …} {type: 'bishop', color: 'white', position: Array(2), hasMoved: false, index: 21}
 5556color white black white
 5556Friendly's piece found at square 7,5 white
 5556Iterating over direction 2
 5556squarePiece (2) [6, 4] {type: 'pawn', color: 'white', position: Array(2), hasMoved: false, index: 28} {board: Array(8), history: Array(0), turn: 'white', username1: null, username2: '', …}
 5556Iterating over square 6,4 with squarePiece color white {board: Array(8), history: Array(0), turn: 'white', username1: null, username2: '', …} {type: 'pawn', color: 'white', position: Array(2), hasMoved: false, index: 28}
 5556color white black white
 5556Friendly's piece found at square 6,4 white
 5556Iterating over direction 3
 5556Row 3 is empty {board: Array(8), history: Array(0), turn: 'white', username1: null, username2: '', …}
 5556Iterating over direction 4
 5556squarePiece (2) [6, 3] {type: 'empty', color: 'none', hasMoved: false, position: Array(2)} {board: Array(8), history: Array(0), turn: 'white', username1: null, username2: '', …}
 5556Iterating over square 6,3 with squarePiece color none {board: Array(8), history: Array(0), turn: 'white', username1: null, username2: '', …} {type: 'empty', color: 'none', hasMoved: false, position: Array(2)}
 5556No piece or color at square 6,3
 5556squarePiece (2) [5, 2] {type: 'empty', color: 'none', hasMoved: false, position: Array(0), index: 16} {board: Array(8), history: Array(0), turn: 'white', username1: null, username2: '', …}
 5556Iterating over square 5,2 with squarePiece color none {board: Array(8), history: Array(0), turn: 'white', username1: null, username2: '', …} {type: 'empty', color: 'none', hasMoved: false, position: Array(0), index: 16}
 5556No piece or color at square 5,2
 5556squarePiece (2) [4, 1] {type: 'empty', color: 'none', hasMoved: false, position: Array(0), index: 16} {board: Array(8), history: Array(0), turn: 'white', username1: null, username2: '', …}
 5556Iterating over square 4,1 with squarePiece color none {board: Array(8), history: Array(0), turn: 'white', username1: null, username2: '', …} {type: 'empty', color: 'none', hasMoved: false, position: Array(0), index: 16}
 5556No piece or color at square 4,1
 5556squarePiece (2) [3, 0] {type: 'empty', color: 'none', hasMoved: false, position: Array(0), index: 16} {board: Array(8), history: Array(0), turn: 'white', username1: null, username2: '', …}
 5556Iterating over square 3,0 with squarePiece color none {board: Array(8), history: Array(0), turn: 'white', username1: null, username2: '', …} {type: 'empty', color: 'none', hasMoved: false, position: Array(0), index: 16}
 5556No piece or color at square 3,0
 5556Iterating over direction 5
 5556squarePiece (2) [6, 5] {type: 'pawn', color: 'white', position: Array(2), hasMoved: false, index: 29} {board: Array(8), history: Array(0), turn: 'white', username1: null, username2: '', …}
 5556Iterating over square 6,5 with squarePiece color white {board: Array(8), history: Array(0), turn: 'white', username1: null, username2: '', …} {type: 'pawn', color: 'white', position: Array(2), hasMoved: false, index: 29}
 5556color white black white
 5556Friendly's piece found at square 6,5 white
 5556Iterating over direction 6
 5556Row 6 is empty {board: Array(8), history: Array(0), turn: 'white', username1: null, username2: '', …}
 5556Iterating over direction 7
 5556Row 7 is empty {board: Array(8), history: Array(0), turn: 'white', username1: null, username2: '', …}
 5556Iterating over direction 8
 5556squarePiece (2) [5, 3] {type: 'pawn', color: 'white', position: Array(2), hasMoved: true, isHighlighted: false, …} {board: Array(8), history: Array(0), turn: 'white', username1: null, username2: '', …}
 5556Iterating over square 5,3 with squarePiece color white {board: Array(8), history: Array(0), turn: 'white', username1: null, username2: '', …} {type: 'pawn', color: 'white', position: Array(2), hasMoved: true, isHighlighted: false, …}
 5556color white black white
 5556Friendly's piece found at square 5,3 white
 5556Iterating over direction 9
 5556squarePiece (2) [5, 5] {type: 'empty', color: 'none', hasMoved: false, position: Array(0), index: 16} {board: Array(8), history: Array(0), turn: 'white', username1: null, username2: '', …}
 5556Iterating over square 5,5 with squarePiece color none {board: Array(8), history: Array(0), turn: 'white', username1: null, username2: '', …} {type: 'empty', color: 'none', hasMoved: false, position: Array(0), index: 16}
 5556No piece or color at square 5,5
 5556Iterating over direction 10
 5556Row 10 is empty {board: Array(8), history: Array(0), turn: 'white', username1: null, username2: '', …}
 5556Iterating over direction 11
 5556Row 11 is empty {board: Array(8), history: Array(0), turn: 'white', username1: null, username2: '', …}
 5556Iterating over direction 12
 5556squarePiece (2) [6, 2] {type: 'pawn', color: 'white', position: Array(2), hasMoved: false, index: 26} {board: Array(8), history: Array(0), turn: 'white', username1: null, username2: '', …}
 5556Iterating over square 6,2 with squarePiece color white {board: Array(8), history: Array(0), turn: 'white', username1: null, username2: '', …} {type: 'pawn', color: 'white', position: Array(2), hasMoved: false, index: 26}
 5556color white black white
 5556Friendly's piece found at square 6,2 white
 5556Iterating over direction 13
 5556squarePiece (2) [6, 6] {type: 'pawn', color: 'white', position: Array(2), hasMoved: false, index: 30} {board: Array(8), history: Array(0), turn: 'white', username1: null, username2: '', …}
 5556Iterating over square 6,6 with squarePiece color white {board: Array(8), history: Array(0), turn: 'white', username1: null, username2: '', …} {type: 'pawn', color: 'white', position: Array(2), hasMoved: false, index: 30}
 5556color white black white
 5556Friendly's piece found at square 6,6 white
 5556Iterating over direction 14
 5556Row 14 is empty {board: Array(8), history: Array(0), turn: 'white', username1: null, username2: '', …}
 5556Iterating over direction 15
 5556Row 15 is empty {board: Array(8), history: Array(0), turn: 'white', username1: null, username2: '', …}
 843firstTriggeringOpponentPiece undefined
 843threateningSquares (16) [Array(4), Array(3), Array(7), Array(0), Array(4), Array(3), Array(0), Array(0), Array(1), Array(1), Array(0), Array(0), Array(1), Array(1), Array(0), Array(0)] {board: Array(8), history: Array(0), turn: 'white', username1: null, username2: '', …} undefined -1 true
 843firstTriggeringOpponentPieceIndex: -1
 843slicedCoordinates: []
 843firstTriggeringOpponentPieceIndex -1
 7322isKingInCheck false
 7322King is not in check or checkmate.
 843checkDirection -1 {board: Array(8), history: Array(0), turn: 'white', username1: null, username2: '', …}
 843checkResult {isKingInCheck: false, loser: 'white', slicedThreateningSquares: Array(0), checkDirection: -1, firstTriggeringOpponentPiece: undefined, …} []
 843moves [Array(0)]
 843normalMoves [Array(2)] []
 843normalMoves [Array(2)] []
 Running enPassant function with piece: {id: 27, type: 'pawn', position: Array(2), color: 'white'} and lastPosition: (2) [6, 3]
 enPassantCondition: false enPassantDirection: -1 toX: 6 toY: 3 opponentColor: black
 Was this the opponent's last move? false
 843pawnMove (2) [6, 3]
 843position (2) [6, 3] {board: Array(8), history: Array(0), turn: 'white', username1: null, username2: '', …}
 843currentIndex 27 {type: 'pawn', color: 'white', position: Array(2), hasMoved: false, index: 27} (2) [6, 3]
 tempGameState {board: Array(8), history: Array(0), turn: 'white', username1: null, username2: '', …} 843tempGameState.turn white {board: Array(8), history: Array(0), turn: 'white', username1: null, username2: '', …} (2) [6, 3] (2) [6, 3] {type: 'pawn', color: 'white', position: Array(2), hasMoved: false, index: 27}
 843moves [Array(0)] [Array(2)]
 Checking move 0: []
 Comparing with normalMove 0: (2) [5, 3] [Array(2)]
 Move 0 not found in normalMoves, errorFound set to true
 Some moves may have inconsistent format, but proceeding anyway
overrideMethod @ installHook.js:1
validMoves @ validMoves.ts:569
(anonymous) @ aiEngine.ts:22
getRandomMove @ aiEngine.ts:19
getAIMove @ aiEngine.ts:6
makeAIMove @ App.tsx:199
await in makeAIMove
(anonymous) @ App.tsx:246
(anonymous) @ App.tsx:252
setTimeout
(anonymous) @ App.tsx:251
commitHookEffectListMount @ chunk-X3B7SAOS.js:16904
commitPassiveMountOnFiber @ chunk-X3B7SAOS.js:18152
commitPassiveMountEffects_complete @ chunk-X3B7SAOS.js:18125
commitPassiveMountEffects_begin @ chunk-X3B7SAOS.js:18115
commitPassiveMountEffects @ chunk-X3B7SAOS.js:18105
flushPassiveEffectsImpl @ chunk-X3B7SAOS.js:19486
flushPassiveEffects @ chunk-X3B7SAOS.js:19443
performSyncWorkOnRoot @ chunk-X3B7SAOS.js:18864
flushSyncCallbacks @ chunk-X3B7SAOS.js:9135
commitRootImpl @ chunk-X3B7SAOS.js:19428
commitRoot @ chunk-X3B7SAOS.js:19273
finishConcurrentRender @ chunk-X3B7SAOS.js:18801
performConcurrentWorkOnRoot @ chunk-X3B7SAOS.js:18714
workLoop @ chunk-X3B7SAOS.js:197
flushWork @ chunk-X3B7SAOS.js:176
performWorkUntilDeadline @ chunk-X3B7SAOS.js:384
 302validMoves piece {id: 28, type: 'pawn', position: Array(2), color: 'white'} position (2) [6, 4] gameState {board: Array(8), history: Array(0), turn: 'white', username1: null, username2: '', …} playerNumber 2 lastPosition (2) [6, 4]
 7778tempGameState 7 7778pieceLastPosition 6 7778piece 4 7778tempKing 4 tempGameState {board: Array(8), history: Array(0), turn: 'white', username1: null, username2: '', …}
 843hypotheticalGameState {board: Array(8), history: Array(0), turn: 'white', username1: null, username2: '', …} 843piece.position (2) [6, 4] 843lastPosition (2) [6, 4]
 843checkDirection 0 843threateningPieceIndex 0 (16) [Array(4), Array(3), Array(7), Array(0), Array(4), Array(3), Array(0), Array(0), Array(1), Array(1), Array(0), Array(0), Array(1), Array(1), Array(0), Array(0)]
 843piece {type: 'queen', color: 'white', position: Array(2), hasMoved: false, index: 19} 843piece.color white 843opponentColor black 843currentColor white
 843checkDirection 1 843threateningPieceIndex 0 (16) [Array(4), Array(3), Array(7), Array(0), Array(4), Array(3), Array(0), Array(0), Array(1), Array(1), Array(0), Array(0), Array(1), Array(1), Array(0), Array(0)]
 843piece {type: 'bishop', color: 'white', position: Array(2), hasMoved: false, index: 21} 843piece.color white 843opponentColor black 843currentColor white
 843checkDirection 2 843threateningPieceIndex 0 (16) [Array(4), Array(3), Array(7), Array(0), Array(4), Array(3), Array(0), Array(0), Array(1), Array(1), Array(0), Array(0), Array(1), Array(1), Array(0), Array(0)]
 843piece {id: 28, type: 'pawn', position: Array(2), color: 'white'} 843piece.color white 843opponentColor black 843currentColor white
 77722piece.position (2) [0, 4]
 843checkDirection 3 843threateningPieceIndex 0 (16) [Array(0), Array(7), Array(4), Array(3), Array(0), Array(0), Array(4), Array(3), Array(0), Array(0), Array(0), Array(0), Array(1), Array(1), Array(1), Array(1)]
 843piece {type: 'bishop', color: 'black', position: Array(2), hasMoved: false, index: 5} 843piece.color black 843opponentColor black 843currentColor white
 77722piece.position (2) [0, 4]
 77722piece.position (2) [0, 4]
 843checkDirection 6 843threateningPieceIndex 0 (16) [Array(0), Array(7), Array(4), Array(3), Array(0), Array(0), Array(4), Array(3), Array(0), Array(0), Array(0), Array(0), Array(1), Array(1), Array(1), Array(1)]
 843piece {type: 'pawn', color: 'black', position: Array(2), hasMoved: false, index: 11} 843piece.color black 843opponentColor black 843currentColor white
 843checkDirection 7 843threateningPieceIndex 0 (16) [Array(0), Array(7), Array(4), Array(3), Array(0), Array(0), Array(4), Array(3), Array(0), Array(0), Array(0), Array(0), Array(1), Array(1), Array(1), Array(1)]
 843piece {type: 'pawn', color: 'black', position: Array(2), hasMoved: false, index: 13} 843piece.color black 843opponentColor black 843currentColor white
 77722piece.position (2) [0, 4]
 77722piece.position (2) [0, 4]
 77722piece.position (2) [0, 4]
 77722piece.position (2) [0, 4]
 843checkDirection 12 843threateningPieceIndex 0 (16) [Array(0), Array(7), Array(4), Array(3), Array(0), Array(0), Array(4), Array(3), Array(0), Array(0), Array(0), Array(0), Array(1), Array(1), Array(1), Array(1)]
 843piece {type: 'pawn', color: 'black', position: Array(2), hasMoved: false, index: 10} 843piece.color black 843opponentColor black 843currentColor white
 843checkDirection 13 843threateningPieceIndex 0 (16) [Array(0), Array(7), Array(4), Array(3), Array(0), Array(0), Array(4), Array(3), Array(0), Array(0), Array(0), Array(0), Array(1), Array(1), Array(1), Array(1)]
 843piece {type: 'pawn', color: 'black', position: Array(2), hasMoved: false, index: 14} 843piece.color black 843opponentColor black 843currentColor white
 843checkDirection 14 843threateningPieceIndex 0 (16) [Array(0), Array(7), Array(4), Array(3), Array(0), Array(0), Array(4), Array(3), Array(0), Array(0), Array(0), Array(0), Array(1), Array(1), Array(1), Array(1)]
 843piece {type: 'empty', color: 'none', hasMoved: false, position: Array(0), index: 16} 843piece.color none 843opponentColor black 843currentColor white
 843checkDirection 15 843threateningPieceIndex 0 (16) [Array(0), Array(7), Array(4), Array(3), Array(0), Array(0), Array(4), Array(3), Array(0), Array(0), Array(0), Array(0), Array(1), Array(1), Array(1), Array(1)]
 843piece {type: 'empty', color: 'none', hasMoved: false, position: Array(0), index: 16} 843piece.color none 843opponentColor black 843currentColor white
 843matchFoundInDirection 2
 847piece.type pawn checkPosition (2) [6, 4] lastPosition (2) [6, 4] gameState {board: Array(8), history: Array(0), turn: 'white', username1: null, username2: '', …} piece {id: 28, type: 'pawn', position: Array(2), color: 'white'} position (2) [6, 4] playerNumber 2 lastPosition (2) [6, 4] matchFoundInDirection 2 currentColor white
 7322isCheckParams {board: Array(8), history: Array(0), turn: 'white', username1: null, username2: '', …} (16) [Array(4), Array(3), Array(0), Array(7), Array(0), Array(0), Array(4), Array(3), Array(0), Array(0), Array(1), Array(1), Array(0), Array(0), Array(1), Array(1)] 1 (2) [6, 4] {id: 28, type: 'pawn', position: Array(2), color: 'white'} (2) [6, 4] 2 (2) [6, 4] 2 white
 7322threateningSquares (16) [Array(4), Array(3), Array(0), Array(7), Array(0), Array(0), Array(4), Array(3), Array(0), Array(0), Array(1), Array(1), Array(0), Array(0), Array(1), Array(1)]
 7322gameState {board: Array(8), history: Array(0), turn: 'white', username1: null, username2: '', …}
 5556pieceLastPosition (2) [6, 4] undefined
 999King position: (2) [7, 4] (2) [6, 4] (2) [7, 4]
 999Current direction: (2) [0, -1]
 999New position: (2) [7, 3]
 999New position: (2) [7, 2]
 999New position: (2) [7, 1]
 999New position: (2) [7, 0]
 999New position: (2) [7, -1]
 999Current direction: (2) [0, 1]
 999New position: (2) [7, 5]
 999New position: (2) [7, 6]
 999New position: (2) [7, 7]
 999New position: (2) [7, 8]
 999Current direction: (2) [-1, 0]
 999New position: (2) [6, 4]
 999New position: (2) [5, 4]
 999New position: (2) [4, 4]
 999New position: (2) [3, 4]
 999New position: (2) [2, 4]
 999New position: (2) [1, 4]
 999New position: (2) [0, 4]
 999Current direction: (2) [1, 0]
 999New position: (2) [8, 4]
 999Current direction: (2) [-1, -1]
 999New position: (2) [6, 3]
 999New position: (2) [5, 2]
 999New position: (2) [4, 1]
 999New position: (2) [3, 0]
 999New position: (2) [2, -1]
 999Current direction: (2) [-1, 1]
 999New position: (2) [6, 5]
 999New position: (2) [5, 6]
 999New position: (2) [4, 7]
 999New position: (2) [3, 8]
 999Current direction: (2) [1, -1]
 999New position: (2) [8, 3]
 999Current direction: (2) [1, 1]
 999New position: (2) [8, 5]
 999Current direction: (2) [-2, -1]
 999New position: (2) [5, 3]
 999Current direction: (2) [-2, 1]
 999New position: (2) [5, 5]
 999Current direction: (2) [2, -1]
 999New position: (2) [9, 3]
 999Current direction: (2) [2, 1]
 999New position: (2) [9, 5]
 999Current direction: (2) [-1, -2]
 999New position: (2) [6, 2]
 999Current direction: (2) [-1, 2]
 999New position: (2) [6, 6]
 999Current direction: (2) [1, -2]
 999New position: (2) [8, 2]
 999Current direction: (2) [1, 2]
 999New position: (2) [8, 6]
 999Calculated squares: (16) [Array(4), Array(3), Array(7), Array(0), Array(4), Array(3), Array(0), Array(0), Array(1), Array(1), Array(0), Array(0), Array(1), Array(1), Array(0), Array(0)]
 Updated threateningSquaresCopy for check evaluation: (16) [Array(4), Array(3), Array(7), Array(0), Array(4), Array(3), Array(0), Array(0), Array(1), Array(1), Array(0), Array(0), Array(1), Array(1), Array(0), Array(0)]
 7322gameState.history.length 0
 7322canBlockParams (16) [Array(4), Array(3), Array(0), Array(7), Array(0), Array(0), Array(4), Array(3), Array(0), Array(0), Array(1), Array(1), Array(0), Array(0), Array(1), Array(1)] (2) [6, 4] white
 7322currentPlayerPieces (16) [{…}, {…}, {…}, {…}, {…}, {…}, {…}, {…}, {…}, {…}, {…}, {…}, {…}, {…}, {…}, {…}]
 5556threateningSquares (16) [Array(4), Array(3), Array(0), Array(7), Array(0), Array(0), Array(4), Array(3), Array(0), Array(0), Array(1), Array(1), Array(0), Array(0), Array(1), Array(1)] black
 7322threateningSquaresCopy (16) [Array(4), Array(3), Array(0), Array(7), Array(0), Array(0), Array(4), Array(3), Array(0), Array(0), Array(1), Array(1), Array(0), Array(0), Array(1), Array(1)]
 5556Iterating over direction 0 (4) [Array(2), Array(2), Array(2), Array(2)]
 5556color white black black true
 5556Opponent's piece found at square 0,3 white
 5556Iterating over direction 1 (3) [Array(2), Array(2), Array(2)]
 5556color white black black true
 5556Opponent's piece found at square 0,5 white
 5556Iterating over direction 2 []
 5556Row 2 is empty {board: Array(8), history: Array(0), turn: 'white', username1: null, username2: '', …} []
 5556Iterating over direction 3 (7) [Array(2), Array(2), Array(2), Array(2), Array(2), Array(2), Array(2)]
 5556color white black black true
 5556Opponent's piece found at square 1,4 white
 5556Iterating over direction 4 []
 5556Row 4 is empty {board: Array(8), history: Array(0), turn: 'white', username1: null, username2: '', …} []
 5556Iterating over direction 5 []
 5556Row 5 is empty {board: Array(8), history: Array(0), turn: 'white', username1: null, username2: '', …} []
 5556Iterating over direction 6 (4) [Array(2), Array(2), Array(2), Array(2)]
 5556color white black black true
 5556Opponent's piece found at square 1,3 white
 5556Iterating over direction 7 (3) [Array(2), Array(2), Array(2)]
 5556color white black black true
 5556Opponent's piece found at square 1,5 white
 5556Iterating over direction 8 []
 5556Row 8 is empty {board: Array(8), history: Array(0), turn: 'white', username1: null, username2: '', …} []
 5556Iterating over direction 9 []
 5556Row 9 is empty {board: Array(8), history: Array(0), turn: 'white', username1: null, username2: '', …} []
 5556Iterating over direction 10 [Array(2)]
 5556No opponent's knight at square 2,3 empty
 5556Iterating over direction 11 [Array(2)]
 5556No opponent's knight at square 2,5 empty
 5556Iterating over direction 12 []
 5556Row 12 is empty {board: Array(8), history: Array(0), turn: 'white', username1: null, username2: '', …} []
 5556Iterating over direction 13 []
 5556Row 13 is empty {board: Array(8), history: Array(0), turn: 'white', username1: null, username2: '', …} []
 5556Iterating over direction 14 [Array(2)]
 5556No opponent's knight at square 1,2 pawn
 5556Iterating over direction 15 [Array(2)]
 5556No opponent's knight at square 1,6 pawn
 5556Last direction is blank or not an current player's knight at square 1,6
 843firstTriggeringCurrentPiece undefined
 843firstTriggeringCurrentPieceIndex: -1
 843slicedCoordinates: []
 843firstTriggeringCurrentPieceIndex -1
 7322canBlockParams (16) [Array(4), Array(3), Array(0), Array(7), Array(0), Array(0), Array(4), Array(3), Array(0), Array(0), Array(1), Array(1), Array(0), Array(0), Array(1), Array(1)] (2) [6, 4] white
 7322currentPlayerPieces (16) [{…}, {…}, {…}, {…}, {…}, {…}, {…}, {…}, {…}, {…}, {…}, {…}, {…}, {…}, {…}, {…}]
 5556threateningSquares (16) [Array(4), Array(3), Array(0), Array(7), Array(0), Array(0), Array(4), Array(3), Array(0), Array(0), Array(1), Array(1), Array(0), Array(0), Array(1), Array(1)] black
 7322threateningSquaresCopy (16) [Array(4), Array(3), Array(0), Array(7), Array(0), Array(0), Array(4), Array(3), Array(0), Array(0), Array(1), Array(1), Array(0), Array(0), Array(1), Array(1)]
 5556Iterating over direction 0 (4) [Array(2), Array(2), Array(2), Array(2)]
 5556color white black black true
 5556Opponent's piece found at square 0,3 white
 5556Iterating over direction 1 (3) [Array(2), Array(2), Array(2)]
 5556color white black black true
 5556Opponent's piece found at square 0,5 white
 5556Iterating over direction 2 []
 5556Row 2 is empty {board: Array(8), history: Array(0), turn: 'white', username1: null, username2: '', …} []
 5556Iterating over direction 3 (7) [Array(2), Array(2), Array(2), Array(2), Array(2), Array(2), Array(2)]
 5556color white black black true
 5556Opponent's piece found at square 1,4 white
 5556Iterating over direction 4 []
 5556Row 4 is empty {board: Array(8), history: Array(0), turn: 'white', username1: null, username2: '', …} []
 5556Iterating over direction 5 []
 5556Row 5 is empty {board: Array(8), history: Array(0), turn: 'white', username1: null, username2: '', …} []
 5556Iterating over direction 6 (4) [Array(2), Array(2), Array(2), Array(2)]
 5556color white black black true
 5556Opponent's piece found at square 1,3 white
 5556Iterating over direction 7 (3) [Array(2), Array(2), Array(2)]
 5556color white black black true
 5556Opponent's piece found at square 1,5 white
 5556Iterating over direction 8 []
 5556Row 8 is empty {board: Array(8), history: Array(0), turn: 'white', username1: null, username2: '', …} []
 5556Iterating over direction 9 []
 5556Row 9 is empty {board: Array(8), history: Array(0), turn: 'white', username1: null, username2: '', …} []
 5556Iterating over direction 10 [Array(2)]
 5556No opponent's knight at square 2,3 empty
 5556Iterating over direction 11 [Array(2)]
 5556No opponent's knight at square 2,5 empty
 5556Iterating over direction 12 []
 5556Row 12 is empty {board: Array(8), history: Array(0), turn: 'white', username1: null, username2: '', …} []
 5556Iterating over direction 13 []
 5556Row 13 is empty {board: Array(8), history: Array(0), turn: 'white', username1: null, username2: '', …} []
 5556Iterating over direction 14 [Array(2)]
 5556No opponent's knight at square 1,2 pawn
 5556Iterating over direction 15 [Array(2)]
 5556No opponent's knight at square 1,6 pawn
 5556Last direction is blank or not an current player's knight at square 1,6
 7322isKingInCheck false
 843isKingInCheck false 843slicedThreateningSquares undefined 843directionIndex -1
 222getMovesForPiece {id: 28, type: 'pawn', position: Array(2), color: 'white'} (2) [6, 4] {board: Array(8), history: Array(0), turn: 'white', username1: null, username2: '', …}
 222PawnMovesCheck {id: 28, type: 'pawn', position: Array(2), color: 'white'} (2) [6, 4] {board: Array(8), history: Array(0), turn: 'white', username1: null, username2: '', …}
 222PawnMovesForwards (2) [5, 4] 5 4
 222PawnMovesSent [Array(2)]
 222getMovesForPieceMoves [Array(2)]
 Returning moves: [Array(2)] {board: Array(8), history: Array(0), turn: 'white', username1: null, username2: '', …}
 843normalMoves [Array(2)]
 843filteredMoves []
 843tempGameState {board: Array(8), history: Array(0), turn: 'white', username1: null, username2: '', …} 843currentColor white 843gameState.threateningPiecesPositions[currentColor] {black: Array(16), white: Array(16)} piece position (2) [5, 4]
 999King position: (2) [7, 4] (2) [5, 4] (2) [7, 4]
 999Current direction: (2) [0, -1]
 999New position: (2) [7, 3]
 999New position: (2) [7, 2]
 999New position: (2) [7, 1]
 999New position: (2) [7, 0]
 999New position: (2) [7, -1]
 999Current direction: (2) [0, 1]
 999New position: (2) [7, 5]
 999New position: (2) [7, 6]
 999New position: (2) [7, 7]
 999New position: (2) [7, 8]
 999Current direction: (2) [-1, 0]
 999New position: (2) [6, 4]
 999New position: (2) [5, 4]
 999New position: (2) [4, 4]
 999New position: (2) [3, 4]
 999New position: (2) [2, 4]
 999New position: (2) [1, 4]
 999New position: (2) [0, 4]
 999Current direction: (2) [1, 0]
 999New position: (2) [8, 4]
 999Current direction: (2) [-1, -1]
 999New position: (2) [6, 3]
 999New position: (2) [5, 2]
 999New position: (2) [4, 1]
 999New position: (2) [3, 0]
 999New position: (2) [2, -1]
 999Current direction: (2) [-1, 1]
 999New position: (2) [6, 5]
 999New position: (2) [5, 6]
 999New position: (2) [4, 7]
 999New position: (2) [3, 8]
 999Current direction: (2) [1, -1]
 999New position: (2) [8, 3]
 999Current direction: (2) [1, 1]
 999New position: (2) [8, 5]
 999Current direction: (2) [-2, -1]
 999New position: (2) [5, 3]
 999Current direction: (2) [-2, 1]
 999New position: (2) [5, 5]
 999Current direction: (2) [2, -1]
 999New position: (2) [9, 3]
 999Current direction: (2) [2, 1]
 999New position: (2) [9, 5]
 999Current direction: (2) [-1, -2]
 999New position: (2) [6, 2]
 999Current direction: (2) [-1, 2]
 999New position: (2) [6, 6]
 999Current direction: (2) [1, -2]
 999New position: (2) [8, 2]
 999Current direction: (2) [1, 2]
 999New position: (2) [8, 6]
 999Calculated squares: (16) [Array(4), Array(3), Array(7), Array(0), Array(4), Array(3), Array(0), Array(0), Array(1), Array(1), Array(0), Array(0), Array(1), Array(1), Array(0), Array(0)]
 debugging 1: 7,3,7,2,7,1,7,0,7,5,7,6,7,7,6,4,5,4,4,4,3,4,2,4,1,4,0,4,,6,3,5,2,4,1,3,0,6,5,5,6,4,7,,,5,3,5,5,,,6,2,6,6,,
 Game State: {board: Array(8), history: Array(0), turn: 'white', username1: null, username2: '', …} Threatening Squares: (16) [Array(4), Array(3), Array(7), Array(0), Array(4), Array(3), Array(0), Array(0), Array(1), Array(1), Array(0), Array(0), Array(1), Array(1), Array(0), Array(0)] Opponent Player Number: 1 Check Position: (2) [7, 4] Piece: {id: 28, type: 'pawn', position: Array(2), color: 'white'} Position: (2) [6, 4] Player Number: 2 Last Position: (2) [5, 4] Match Found In Direction: 2 Current Player Color: white
 7322threateningSquares (16) [Array(4), Array(3), Array(7), Array(0), Array(4), Array(3), Array(0), Array(0), Array(1), Array(1), Array(0), Array(0), Array(1), Array(1), Array(0), Array(0)]
 7322gameState {board: Array(8), history: Array(0), turn: 'white', username1: null, username2: '', …}
 5556pieceLastPosition (2) [5, 4]
 7322gameState.history.length 0
 7322gameState {board: Array(8), history: Array(0), turn: 'white', username1: null, username2: '', …}
 7322piece {id: 28, type: 'pawn', position: Array(2), color: 'white'} undefined
 7322lastPosition (2) [5, 4]
 7322canBlockParams {board: Array(8), history: Array(0), turn: 'white', username1: null, username2: '', …} (16) [Array(4), Array(3), Array(7), Array(0), Array(4), Array(3), Array(0), Array(0), Array(1), Array(1), Array(0), Array(0), Array(1), Array(1), Array(0), Array(0)] (2) [7, 4] black
 7322threateningSquares (16) [Array(4), Array(3), Array(7), Array(0), Array(4), Array(3), Array(0), Array(0), Array(1), Array(1), Array(0), Array(0), Array(1), Array(1), Array(0), Array(0)]
 7322gameState {board: Array(8), history: Array(0), turn: 'white', username1: null, username2: '', …}
 7322currentPlayerPieces (16) [{…}, {…}, {…}, {…}, {…}, {…}, {…}, {…}, {…}, {…}, {…}, {…}, {…}, {…}, {…}, {…}]
 5556threateningSquares (16) [Array(4), Array(3), Array(7), Array(0), Array(4), Array(3), Array(0), Array(0), Array(1), Array(1), Array(0), Array(0), Array(1), Array(1), Array(0), Array(0)] white
 7322threateningSquaresCopy (16) [Array(4), Array(3), Array(7), Array(0), Array(4), Array(3), Array(0), Array(0), Array(1), Array(1), Array(0), Array(0), Array(1), Array(1), Array(0), Array(0)]
 5556Iterating over direction 0
 5556squarePiece (2) [7, 3] {type: 'queen', color: 'white', position: Array(2), hasMoved: false, index: 19} {board: Array(8), history: Array(0), turn: 'white', username1: null, username2: '', …}
 5556Iterating over square 7,3 with squarePiece color white {board: Array(8), history: Array(0), turn: 'white', username1: null, username2: '', …} {type: 'queen', color: 'white', position: Array(2), hasMoved: false, index: 19}
 5556color white black white
 5556Friendly's piece found at square 7,3 white
 5556Iterating over direction 1
 5556squarePiece (2) [7, 5] {type: 'bishop', color: 'white', position: Array(2), hasMoved: false, index: 21} {board: Array(8), history: Array(0), turn: 'white', username1: null, username2: '', …}
 5556Iterating over square 7,5 with squarePiece color white {board: Array(8), history: Array(0), turn: 'white', username1: null, username2: '', …} {type: 'bishop', color: 'white', position: Array(2), hasMoved: false, index: 21}
 5556color white black white
 5556Friendly's piece found at square 7,5 white
 5556Iterating over direction 2
 5556squarePiece (2) [6, 4] {type: 'empty', color: 'none', hasMoved: false, position: Array(2)} {board: Array(8), history: Array(0), turn: 'white', username1: null, username2: '', …}
 5556Iterating over square 6,4 with squarePiece color none {board: Array(8), history: Array(0), turn: 'white', username1: null, username2: '', …} {type: 'empty', color: 'none', hasMoved: false, position: Array(2)}
 5556No piece or color at square 6,4
 5556squarePiece (2) [5, 4] {type: 'pawn', color: 'white', position: Array(2), hasMoved: true, isHighlighted: false, …} {board: Array(8), history: Array(0), turn: 'white', username1: null, username2: '', …}
 5556Iterating over square 5,4 with squarePiece color white {board: Array(8), history: Array(0), turn: 'white', username1: null, username2: '', …} {type: 'pawn', color: 'white', position: Array(2), hasMoved: true, isHighlighted: false, …}
 5556color white black white
 5556Friendly's piece found at square 5,4 white
 5556Iterating over direction 3
 5556Row 3 is empty {board: Array(8), history: Array(0), turn: 'white', username1: null, username2: '', …}
 5556Iterating over direction 4
 5556squarePiece (2) [6, 3] {type: 'pawn', color: 'white', position: Array(2), hasMoved: false, index: 27} {board: Array(8), history: Array(0), turn: 'white', username1: null, username2: '', …}
 5556Iterating over square 6,3 with squarePiece color white {board: Array(8), history: Array(0), turn: 'white', username1: null, username2: '', …} {type: 'pawn', color: 'white', position: Array(2), hasMoved: false, index: 27}
 5556color white black white
 5556Friendly's piece found at square 6,3 white
 5556Iterating over direction 5
 5556squarePiece (2) [6, 5] {type: 'pawn', color: 'white', position: Array(2), hasMoved: false, index: 29} {board: Array(8), history: Array(0), turn: 'white', username1: null, username2: '', …}
 5556Iterating over square 6,5 with squarePiece color white {board: Array(8), history: Array(0), turn: 'white', username1: null, username2: '', …} {type: 'pawn', color: 'white', position: Array(2), hasMoved: false, index: 29}
 5556color white black white
 5556Friendly's piece found at square 6,5 white
 5556Iterating over direction 6
 5556Row 6 is empty {board: Array(8), history: Array(0), turn: 'white', username1: null, username2: '', …}
 5556Iterating over direction 7
 5556Row 7 is empty {board: Array(8), history: Array(0), turn: 'white', username1: null, username2: '', …}
 5556Iterating over direction 8
 5556squarePiece (2) [5, 3] {type: 'empty', color: 'none', hasMoved: false, position: Array(0), index: 16} {board: Array(8), history: Array(0), turn: 'white', username1: null, username2: '', …}
 5556Iterating over square 5,3 with squarePiece color none {board: Array(8), history: Array(0), turn: 'white', username1: null, username2: '', …} {type: 'empty', color: 'none', hasMoved: false, position: Array(0), index: 16}
 5556No piece or color at square 5,3
 5556Iterating over direction 9
 5556squarePiece (2) [5, 5] {type: 'empty', color: 'none', hasMoved: false, position: Array(0), index: 16} {board: Array(8), history: Array(0), turn: 'white', username1: null, username2: '', …}
 5556Iterating over square 5,5 with squarePiece color none {board: Array(8), history: Array(0), turn: 'white', username1: null, username2: '', …} {type: 'empty', color: 'none', hasMoved: false, position: Array(0), index: 16}
 5556No piece or color at square 5,5
 5556Iterating over direction 10
 5556Row 10 is empty {board: Array(8), history: Array(0), turn: 'white', username1: null, username2: '', …}
 5556Iterating over direction 11
 5556Row 11 is empty {board: Array(8), history: Array(0), turn: 'white', username1: null, username2: '', …}
 5556Iterating over direction 12
 5556squarePiece (2) [6, 2] {type: 'pawn', color: 'white', position: Array(2), hasMoved: false, index: 26} {board: Array(8), history: Array(0), turn: 'white', username1: null, username2: '', …}
 5556Iterating over square 6,2 with squarePiece color white {board: Array(8), history: Array(0), turn: 'white', username1: null, username2: '', …} {type: 'pawn', color: 'white', position: Array(2), hasMoved: false, index: 26}
 5556color white black white
 5556Friendly's piece found at square 6,2 white
 5556Iterating over direction 13
 5556squarePiece (2) [6, 6] {type: 'pawn', color: 'white', position: Array(2), hasMoved: false, index: 30} {board: Array(8), history: Array(0), turn: 'white', username1: null, username2: '', …}
 5556Iterating over square 6,6 with squarePiece color white {board: Array(8), history: Array(0), turn: 'white', username1: null, username2: '', …} {type: 'pawn', color: 'white', position: Array(2), hasMoved: false, index: 30}
 5556color white black white
 5556Friendly's piece found at square 6,6 white
 5556Iterating over direction 14
 5556Row 14 is empty {board: Array(8), history: Array(0), turn: 'white', username1: null, username2: '', …}
 5556Iterating over direction 15
 5556Row 15 is empty {board: Array(8), history: Array(0), turn: 'white', username1: null, username2: '', …}
 843firstTriggeringOpponentPiece undefined
 843threateningSquares (16) [Array(4), Array(3), Array(7), Array(0), Array(4), Array(3), Array(0), Array(0), Array(1), Array(1), Array(0), Array(0), Array(1), Array(1), Array(0), Array(0)] {board: Array(8), history: Array(0), turn: 'white', username1: null, username2: '', …} undefined -1 true
 843firstTriggeringOpponentPieceIndex: -1
 843slicedCoordinates: []
 843firstTriggeringOpponentPieceIndex -1
 7322isKingInCheck false
 7322King is not in check or checkmate.
 843checkDirection -1 {board: Array(8), history: Array(0), turn: 'white', username1: null, username2: '', …}
 843checkResult {isKingInCheck: false, loser: 'white', slicedThreateningSquares: Array(0), checkDirection: -1, firstTriggeringOpponentPiece: undefined, …} []
 843moves [Array(0)]
 843normalMoves [Array(2)] []
 843normalMoves [Array(2)] []
 Running enPassant function with piece: {id: 28, type: 'pawn', position: Array(2), color: 'white'} and lastPosition: (2) [6, 4]
 enPassantCondition: false enPassantDirection: -1 toX: 6 toY: 4 opponentColor: black
 Was this the opponent's last move? false
 843pawnMove (2) [6, 4]
 843position (2) [6, 4] {board: Array(8), history: Array(0), turn: 'white', username1: null, username2: '', …}
 843currentIndex 28 {type: 'pawn', color: 'white', position: Array(2), hasMoved: false, index: 28} (2) [6, 4]
 tempGameState {board: Array(8), history: Array(0), turn: 'white', username1: null, username2: '', …} 843tempGameState.turn white {board: Array(8), history: Array(0), turn: 'white', username1: null, username2: '', …} (2) [6, 4] (2) [6, 4] {type: 'pawn', color: 'white', position: Array(2), hasMoved: false, index: 28}
 843moves [Array(0)] [Array(2)]
 Checking move 0: []
 Comparing with normalMove 0: (2) [5, 4] [Array(2)]
 Move 0 not found in normalMoves, errorFound set to true
 Some moves may have inconsistent format, but proceeding anyway
overrideMethod @ installHook.js:1
validMoves @ validMoves.ts:569
(anonymous) @ aiEngine.ts:22
getRandomMove @ aiEngine.ts:19
getAIMove @ aiEngine.ts:6
makeAIMove @ App.tsx:199
await in makeAIMove
(anonymous) @ App.tsx:246
(anonymous) @ App.tsx:252
setTimeout
(anonymous) @ App.tsx:251
commitHookEffectListMount @ chunk-X3B7SAOS.js:16904
commitPassiveMountOnFiber @ chunk-X3B7SAOS.js:18152
commitPassiveMountEffects_complete @ chunk-X3B7SAOS.js:18125
commitPassiveMountEffects_begin @ chunk-X3B7SAOS.js:18115
commitPassiveMountEffects @ chunk-X3B7SAOS.js:18105
flushPassiveEffectsImpl @ chunk-X3B7SAOS.js:19486
flushPassiveEffects @ chunk-X3B7SAOS.js:19443
performSyncWorkOnRoot @ chunk-X3B7SAOS.js:18864
flushSyncCallbacks @ chunk-X3B7SAOS.js:9135
commitRootImpl @ chunk-X3B7SAOS.js:19428
commitRoot @ chunk-X3B7SAOS.js:19273
finishConcurrentRender @ chunk-X3B7SAOS.js:18801
performConcurrentWorkOnRoot @ chunk-X3B7SAOS.js:18714
workLoop @ chunk-X3B7SAOS.js:197
flushWork @ chunk-X3B7SAOS.js:176
performWorkUntilDeadline @ chunk-X3B7SAOS.js:384
 302validMoves piece {id: 29, type: 'pawn', position: Array(2), color: 'white'} position (2) [6, 5] gameState {board: Array(8), history: Array(0), turn: 'white', username1: null, username2: '', …} playerNumber 2 lastPosition (2) [6, 5]
 7778tempGameState 7 7778pieceLastPosition 6 7778piece 4 7778tempKing 5 tempGameState {board: Array(8), history: Array(0), turn: 'white', username1: null, username2: '', …}
 843hypotheticalGameState {board: Array(8), history: Array(0), turn: 'white', username1: null, username2: '', …} 843piece.position (2) [6, 5] 843lastPosition (2) [6, 5]
 843checkDirection 0 843threateningPieceIndex 0 (16) [Array(4), Array(3), Array(7), Array(0), Array(4), Array(3), Array(0), Array(0), Array(1), Array(1), Array(0), Array(0), Array(1), Array(1), Array(0), Array(0)]
 843piece {type: 'queen', color: 'white', position: Array(2), hasMoved: false, index: 19} 843piece.color white 843opponentColor black 843currentColor white
 843checkDirection 1 843threateningPieceIndex 0 (16) [Array(4), Array(3), Array(7), Array(0), Array(4), Array(3), Array(0), Array(0), Array(1), Array(1), Array(0), Array(0), Array(1), Array(1), Array(0), Array(0)]
 843piece {type: 'bishop', color: 'white', position: Array(2), hasMoved: false, index: 21} 843piece.color white 843opponentColor black 843currentColor white
 843checkDirection 2 843threateningPieceIndex 0 (16) [Array(4), Array(3), Array(7), Array(0), Array(4), Array(3), Array(0), Array(0), Array(1), Array(1), Array(0), Array(0), Array(1), Array(1), Array(0), Array(0)]
 843piece {type: 'pawn', color: 'white', position: Array(2), hasMoved: false, index: 28} 843piece.color white 843opponentColor black 843currentColor white
 77722piece.position (2) [0, 4]
 843checkDirection 3 843threateningPieceIndex 0 (16) [Array(0), Array(7), Array(4), Array(3), Array(0), Array(0), Array(4), Array(3), Array(0), Array(0), Array(0), Array(0), Array(1), Array(1), Array(1), Array(1)]
 843piece {type: 'bishop', color: 'black', position: Array(2), hasMoved: false, index: 5} 843piece.color black 843opponentColor black 843currentColor white
 77722piece.position (2) [0, 4]
 77722piece.position (2) [0, 4]
 843checkDirection 6 843threateningPieceIndex 0 (16) [Array(0), Array(7), Array(4), Array(3), Array(0), Array(0), Array(4), Array(3), Array(0), Array(0), Array(0), Array(0), Array(1), Array(1), Array(1), Array(1)]
 843piece {type: 'pawn', color: 'black', position: Array(2), hasMoved: false, index: 11} 843piece.color black 843opponentColor black 843currentColor white
 843checkDirection 7 843threateningPieceIndex 0 (16) [Array(0), Array(7), Array(4), Array(3), Array(0), Array(0), Array(4), Array(3), Array(0), Array(0), Array(0), Array(0), Array(1), Array(1), Array(1), Array(1)]
 843piece {type: 'pawn', color: 'black', position: Array(2), hasMoved: false, index: 13} 843piece.color black 843opponentColor black 843currentColor white
 77722piece.position (2) [0, 4]
 77722piece.position (2) [0, 4]
 77722piece.position (2) [0, 4]
 77722piece.position (2) [0, 4]
 843checkDirection 12 843threateningPieceIndex 0 (16) [Array(0), Array(7), Array(4), Array(3), Array(0), Array(0), Array(4), Array(3), Array(0), Array(0), Array(0), Array(0), Array(1), Array(1), Array(1), Array(1)]
 843piece {type: 'pawn', color: 'black', position: Array(2), hasMoved: false, index: 10} 843piece.color black 843opponentColor black 843currentColor white
 843checkDirection 13 843threateningPieceIndex 0 (16) [Array(0), Array(7), Array(4), Array(3), Array(0), Array(0), Array(4), Array(3), Array(0), Array(0), Array(0), Array(0), Array(1), Array(1), Array(1), Array(1)]
 843piece {type: 'pawn', color: 'black', position: Array(2), hasMoved: false, index: 14} 843piece.color black 843opponentColor black 843currentColor white
 843checkDirection 14 843threateningPieceIndex 0 (16) [Array(0), Array(7), Array(4), Array(3), Array(0), Array(0), Array(4), Array(3), Array(0), Array(0), Array(0), Array(0), Array(1), Array(1), Array(1), Array(1)]
 843piece {type: 'empty', color: 'none', hasMoved: false, position: Array(0), index: 16} 843piece.color none 843opponentColor black 843currentColor white
 843checkDirection 15 843threateningPieceIndex 0 (16) [Array(0), Array(7), Array(4), Array(3), Array(0), Array(0), Array(4), Array(3), Array(0), Array(0), Array(0), Array(0), Array(1), Array(1), Array(1), Array(1)]
 843piece {type: 'empty', color: 'none', hasMoved: false, position: Array(0), index: 16} 843piece.color none 843opponentColor black 843currentColor white
 843matchFoundInDirection 2
 847piece.type pawn checkPosition (2) [6, 5] lastPosition (2) [6, 5] gameState {board: Array(8), history: Array(0), turn: 'white', username1: null, username2: '', …} piece {id: 29, type: 'pawn', position: Array(2), color: 'white'} position (2) [6, 5] playerNumber 2 lastPosition (2) [6, 5] matchFoundInDirection 2 currentColor white
 7322isCheckParams {board: Array(8), history: Array(0), turn: 'white', username1: null, username2: '', …} (16) [Array(4), Array(3), Array(0), Array(7), Array(0), Array(0), Array(4), Array(3), Array(0), Array(0), Array(1), Array(1), Array(0), Array(0), Array(1), Array(1)] 1 (2) [6, 5] {id: 29, type: 'pawn', position: Array(2), color: 'white'} (2) [6, 5] 2 (2) [6, 5] 2 white
 7322threateningSquares (16) [Array(4), Array(3), Array(0), Array(7), Array(0), Array(0), Array(4), Array(3), Array(0), Array(0), Array(1), Array(1), Array(0), Array(0), Array(1), Array(1)]
 7322gameState {board: Array(8), history: Array(0), turn: 'white', username1: null, username2: '', …}
 5556pieceLastPosition (2) [6, 5] undefined
 999King position: (2) [7, 4] (2) [6, 5] (2) [7, 4]
 999Current direction: (2) [0, -1]
 999New position: (2) [7, 3]
 999New position: (2) [7, 2]
 999New position: (2) [7, 1]
 999New position: (2) [7, 0]
 999New position: (2) [7, -1]
 999Current direction: (2) [0, 1]
 999New position: (2) [7, 5]
 999New position: (2) [7, 6]
 999New position: (2) [7, 7]
 999New position: (2) [7, 8]
 999Current direction: (2) [-1, 0]
 999New position: (2) [6, 4]
 999New position: (2) [5, 4]
 999New position: (2) [4, 4]
 999New position: (2) [3, 4]
 999New position: (2) [2, 4]
 999New position: (2) [1, 4]
 999New position: (2) [0, 4]
 999Current direction: (2) [1, 0]
 999New position: (2) [8, 4]
 999Current direction: (2) [-1, -1]
 999New position: (2) [6, 3]
 999New position: (2) [5, 2]
 999New position: (2) [4, 1]
 999New position: (2) [3, 0]
 999New position: (2) [2, -1]
 999Current direction: (2) [-1, 1]
 999New position: (2) [6, 5]
 999New position: (2) [5, 6]
 999New position: (2) [4, 7]
 999New position: (2) [3, 8]
 999Current direction: (2) [1, -1]
 999New position: (2) [8, 3]
 999Current direction: (2) [1, 1]
 999New position: (2) [8, 5]
 999Current direction: (2) [-2, -1]
 999New position: (2) [5, 3]
 999Current direction: (2) [-2, 1]
 999New position: (2) [5, 5]
 999Current direction: (2) [2, -1]
 999New position: (2) [9, 3]
 999Current direction: (2) [2, 1]
 999New position: (2) [9, 5]
 999Current direction: (2) [-1, -2]
 999New position: (2) [6, 2]
 999Current direction: (2) [-1, 2]
 999New position: (2) [6, 6]
 999Current direction: (2) [1, -2]
 999New position: (2) [8, 2]
 999Current direction: (2) [1, 2]
 999New position: (2) [8, 6]
 999Calculated squares: (16) [Array(4), Array(3), Array(7), Array(0), Array(4), Array(3), Array(0), Array(0), Array(1), Array(1), Array(0), Array(0), Array(1), Array(1), Array(0), Array(0)]
 Updated threateningSquaresCopy for check evaluation: (16) [Array(4), Array(3), Array(7), Array(0), Array(4), Array(3), Array(0), Array(0), Array(1), Array(1), Array(0), Array(0), Array(1), Array(1), Array(0), Array(0)]
 7322gameState.history.length 0
 7322canBlockParams (16) [Array(4), Array(3), Array(0), Array(7), Array(0), Array(0), Array(4), Array(3), Array(0), Array(0), Array(1), Array(1), Array(0), Array(0), Array(1), Array(1)] (2) [6, 5] white
 7322currentPlayerPieces (16) [{…}, {…}, {…}, {…}, {…}, {…}, {…}, {…}, {…}, {…}, {…}, {…}, {…}, {…}, {…}, {…}]
 5556threateningSquares (16) [Array(4), Array(3), Array(0), Array(7), Array(0), Array(0), Array(4), Array(3), Array(0), Array(0), Array(1), Array(1), Array(0), Array(0), Array(1), Array(1)] black
 7322threateningSquaresCopy (16) [Array(4), Array(3), Array(0), Array(7), Array(0), Array(0), Array(4), Array(3), Array(0), Array(0), Array(1), Array(1), Array(0), Array(0), Array(1), Array(1)]
 5556Iterating over direction 0 (4) [Array(2), Array(2), Array(2), Array(2)]
 5556color white black black true
 5556Opponent's piece found at square 0,3 white
 5556Iterating over direction 1 (3) [Array(2), Array(2), Array(2)]
 5556color white black black true
 5556Opponent's piece found at square 0,5 white
 5556Iterating over direction 2 []
 5556Row 2 is empty {board: Array(8), history: Array(0), turn: 'white', username1: null, username2: '', …} []
 5556Iterating over direction 3 (7) [Array(2), Array(2), Array(2), Array(2), Array(2), Array(2), Array(2)]
 5556color white black black true
 5556Opponent's piece found at square 1,4 white
 5556Iterating over direction 4 []
 5556Row 4 is empty {board: Array(8), history: Array(0), turn: 'white', username1: null, username2: '', …} []
 5556Iterating over direction 5 []
 5556Row 5 is empty {board: Array(8), history: Array(0), turn: 'white', username1: null, username2: '', …} []
 5556Iterating over direction 6 (4) [Array(2), Array(2), Array(2), Array(2)]
 5556color white black black true
 5556Opponent's piece found at square 1,3 white
 5556Iterating over direction 7 (3) [Array(2), Array(2), Array(2)]
 5556color white black black true
 5556Opponent's piece found at square 1,5 white
 5556Iterating over direction 8 []
 5556Row 8 is empty {board: Array(8), history: Array(0), turn: 'white', username1: null, username2: '', …} []
 5556Iterating over direction 9 []
 5556Row 9 is empty {board: Array(8), history: Array(0), turn: 'white', username1: null, username2: '', …} []
 5556Iterating over direction 10 [Array(2)]
 5556No opponent's knight at square 2,3 empty
 5556Iterating over direction 11 [Array(2)]
 5556No opponent's knight at square 2,5 empty
 5556Iterating over direction 12 []
 5556Row 12 is empty {board: Array(8), history: Array(0), turn: 'white', username1: null, username2: '', …} []
 5556Iterating over direction 13 []
 5556Row 13 is empty {board: Array(8), history: Array(0), turn: 'white', username1: null, username2: '', …} []
 5556Iterating over direction 14 [Array(2)]
 5556No opponent's knight at square 1,2 pawn
 5556Iterating over direction 15 [Array(2)]
 5556No opponent's knight at square 1,6 pawn
 5556Last direction is blank or not an current player's knight at square 1,6
 843firstTriggeringCurrentPiece undefined
 843firstTriggeringCurrentPieceIndex: -1
 843slicedCoordinates: []
 843firstTriggeringCurrentPieceIndex -1
 7322canBlockParams (16) [Array(4), Array(3), Array(0), Array(7), Array(0), Array(0), Array(4), Array(3), Array(0), Array(0), Array(1), Array(1), Array(0), Array(0), Array(1), Array(1)] (2) [6, 5] white
 7322currentPlayerPieces (16) [{…}, {…}, {…}, {…}, {…}, {…}, {…}, {…}, {…}, {…}, {…}, {…}, {…}, {…}, {…}, {…}]
 5556threateningSquares (16) [Array(4), Array(3), Array(0), Array(7), Array(0), Array(0), Array(4), Array(3), Array(0), Array(0), Array(1), Array(1), Array(0), Array(0), Array(1), Array(1)] black
 7322threateningSquaresCopy (16) [Array(4), Array(3), Array(0), Array(7), Array(0), Array(0), Array(4), Array(3), Array(0), Array(0), Array(1), Array(1), Array(0), Array(0), Array(1), Array(1)]
 5556Iterating over direction 0 (4) [Array(2), Array(2), Array(2), Array(2)]
 5556color white black black true
 5556Opponent's piece found at square 0,3 white
 5556Iterating over direction 1 (3) [Array(2), Array(2), Array(2)]
 5556color white black black true
 5556Opponent's piece found at square 0,5 white
 5556Iterating over direction 2 []
 5556Row 2 is empty {board: Array(8), history: Array(0), turn: 'white', username1: null, username2: '', …} []
 5556Iterating over direction 3 (7) [Array(2), Array(2), Array(2), Array(2), Array(2), Array(2), Array(2)]
 5556color white black black true
 5556Opponent's piece found at square 1,4 white
 5556Iterating over direction 4 []
 5556Row 4 is empty {board: Array(8), history: Array(0), turn: 'white', username1: null, username2: '', …} []
 5556Iterating over direction 5 []
 5556Row 5 is empty {board: Array(8), history: Array(0), turn: 'white', username1: null, username2: '', …} []
 5556Iterating over direction 6 (4) [Array(2), Array(2), Array(2), Array(2)]
 5556color white black black true
 5556Opponent's piece found at square 1,3 white
 5556Iterating over direction 7 (3) [Array(2), Array(2), Array(2)]
 5556color white black black true
 5556Opponent's piece found at square 1,5 white
 5556Iterating over direction 8 []
 5556Row 8 is empty {board: Array(8), history: Array(0), turn: 'white', username1: null, username2: '', …} []
 5556Iterating over direction 9 []
 5556Row 9 is empty {board: Array(8), history: Array(0), turn: 'white', username1: null, username2: '', …} []
 5556Iterating over direction 10 [Array(2)]
 5556No opponent's knight at square 2,3 empty
 5556Iterating over direction 11 [Array(2)]
 5556No opponent's knight at square 2,5 empty
 5556Iterating over direction 12 []
 5556Row 12 is empty {board: Array(8), history: Array(0), turn: 'white', username1: null, username2: '', …} []
 5556Iterating over direction 13 []
 5556Row 13 is empty {board: Array(8), history: Array(0), turn: 'white', username1: null, username2: '', …} []
 5556Iterating over direction 14 [Array(2)]
 5556No opponent's knight at square 1,2 pawn
 5556Iterating over direction 15 [Array(2)]
 5556No opponent's knight at square 1,6 pawn
 5556Last direction is blank or not an current player's knight at square 1,6
 7322isKingInCheck false
 843isKingInCheck false 843slicedThreateningSquares undefined 843directionIndex -1
 222getMovesForPiece {id: 29, type: 'pawn', position: Array(2), color: 'white'} (2) [6, 5] {board: Array(8), history: Array(0), turn: 'white', username1: null, username2: '', …}
 222PawnMovesCheck {id: 29, type: 'pawn', position: Array(2), color: 'white'} (2) [6, 5] {board: Array(8), history: Array(0), turn: 'white', username1: null, username2: '', …}
 222PawnMovesForwards (2) [5, 5] 5 5
 222PawnMovesSent [Array(2)]
 222getMovesForPieceMoves [Array(2)]
 Returning moves: [Array(2)] {board: Array(8), history: Array(0), turn: 'white', username1: null, username2: '', …}
 843normalMoves [Array(2)]
 843filteredMoves []
 843tempGameState {board: Array(8), history: Array(0), turn: 'white', username1: null, username2: '', …} 843currentColor white 843gameState.threateningPiecesPositions[currentColor] {black: Array(16), white: Array(16)} piece position (2) [5, 5]
 999King position: (2) [7, 4] (2) [5, 5] (2) [7, 4]
 999Current direction: (2) [0, -1]
 999New position: (2) [7, 3]
 999New position: (2) [7, 2]
 999New position: (2) [7, 1]
 999New position: (2) [7, 0]
 999New position: (2) [7, -1]
 999Current direction: (2) [0, 1]
 999New position: (2) [7, 5]
 999New position: (2) [7, 6]
 999New position: (2) [7, 7]
 999New position: (2) [7, 8]
 999Current direction: (2) [-1, 0]
 999New position: (2) [6, 4]
 999New position: (2) [5, 4]
 999New position: (2) [4, 4]
 999New position: (2) [3, 4]
 999New position: (2) [2, 4]
 999New position: (2) [1, 4]
 999New position: (2) [0, 4]
 999Current direction: (2) [1, 0]
 999New position: (2) [8, 4]
 999Current direction: (2) [-1, -1]
 999New position: (2) [6, 3]
 999New position: (2) [5, 2]
 999New position: (2) [4, 1]
 999New position: (2) [3, 0]
 999New position: (2) [2, -1]
 999Current direction: (2) [-1, 1]
 999New position: (2) [6, 5]
 999New position: (2) [5, 6]
 999New position: (2) [4, 7]
 999New position: (2) [3, 8]
 999Current direction: (2) [1, -1]
 999New position: (2) [8, 3]
 999Current direction: (2) [1, 1]
 999New position: (2) [8, 5]
 999Current direction: (2) [-2, -1]
 999New position: (2) [5, 3]
 999Current direction: (2) [-2, 1]
 999New position: (2) [5, 5]
 999Current direction: (2) [2, -1]
 999New position: (2) [9, 3]
 999Current direction: (2) [2, 1]
 999New position: (2) [9, 5]
 999Current direction: (2) [-1, -2]
 999New position: (2) [6, 2]
 999Current direction: (2) [-1, 2]
 999New position: (2) [6, 6]
 999Current direction: (2) [1, -2]
 999New position: (2) [8, 2]
 999Current direction: (2) [1, 2]
 999New position: (2) [8, 6]
 999Calculated squares: (16) [Array(4), Array(3), Array(7), Array(0), Array(4), Array(3), Array(0), Array(0), Array(1), Array(1), Array(0), Array(0), Array(1), Array(1), Array(0), Array(0)]
 debugging 1: 7,3,7,2,7,1,7,0,7,5,7,6,7,7,6,4,5,4,4,4,3,4,2,4,1,4,0,4,,6,3,5,2,4,1,3,0,6,5,5,6,4,7,,,5,3,5,5,,,6,2,6,6,,
 Game State: {board: Array(8), history: Array(0), turn: 'white', username1: null, username2: '', …} Threatening Squares: (16) [Array(4), Array(3), Array(7), Array(0), Array(4), Array(3), Array(0), Array(0), Array(1), Array(1), Array(0), Array(0), Array(1), Array(1), Array(0), Array(0)] Opponent Player Number: 1 Check Position: (2) [7, 4] Piece: {id: 29, type: 'pawn', position: Array(2), color: 'white'} Position: (2) [6, 5] Player Number: 2 Last Position: (2) [5, 5] Match Found In Direction: 2 Current Player Color: white
 7322threateningSquares (16) [Array(4), Array(3), Array(7), Array(0), Array(4), Array(3), Array(0), Array(0), Array(1), Array(1), Array(0), Array(0), Array(1), Array(1), Array(0), Array(0)]
 7322gameState {board: Array(8), history: Array(0), turn: 'white', username1: null, username2: '', …}
 5556pieceLastPosition (2) [5, 5]
 7322gameState.history.length 0
 7322gameState {board: Array(8), history: Array(0), turn: 'white', username1: null, username2: '', …}
 7322piece {id: 29, type: 'pawn', position: Array(2), color: 'white'} undefined
 7322lastPosition (2) [5, 5]
 7322canBlockParams {board: Array(8), history: Array(0), turn: 'white', username1: null, username2: '', …} (16) [Array(4), Array(3), Array(7), Array(0), Array(4), Array(3), Array(0), Array(0), Array(1), Array(1), Array(0), Array(0), Array(1), Array(1), Array(0), Array(0)] (2) [7, 4] black
 7322threateningSquares (16) [Array(4), Array(3), Array(7), Array(0), Array(4), Array(3), Array(0), Array(0), Array(1), Array(1), Array(0), Array(0), Array(1), Array(1), Array(0), Array(0)]
 7322gameState {board: Array(8), history: Array(0), turn: 'white', username1: null, username2: '', …}
 7322currentPlayerPieces (16) [{…}, {…}, {…}, {…}, {…}, {…}, {…}, {…}, {…}, {…}, {…}, {…}, {…}, {…}, {…}, {…}]
 5556threateningSquares (16) [Array(4), Array(3), Array(7), Array(0), Array(4), Array(3), Array(0), Array(0), Array(1), Array(1), Array(0), Array(0), Array(1), Array(1), Array(0), Array(0)] white
 7322threateningSquaresCopy (16) [Array(4), Array(3), Array(7), Array(0), Array(4), Array(3), Array(0), Array(0), Array(1), Array(1), Array(0), Array(0), Array(1), Array(1), Array(0), Array(0)]
 5556Iterating over direction 0
 5556squarePiece (2) [7, 3] {type: 'queen', color: 'white', position: Array(2), hasMoved: false, index: 19} {board: Array(8), history: Array(0), turn: 'white', username1: null, username2: '', …}
 5556Iterating over square 7,3 with squarePiece color white {board: Array(8), history: Array(0), turn: 'white', username1: null, username2: '', …} {type: 'queen', color: 'white', position: Array(2), hasMoved: false, index: 19}
 5556color white black white
 5556Friendly's piece found at square 7,3 white
 5556Iterating over direction 1
 5556squarePiece (2) [7, 5] {type: 'bishop', color: 'white', position: Array(2), hasMoved: false, index: 21} {board: Array(8), history: Array(0), turn: 'white', username1: null, username2: '', …}
 5556Iterating over square 7,5 with squarePiece color white {board: Array(8), history: Array(0), turn: 'white', username1: null, username2: '', …} {type: 'bishop', color: 'white', position: Array(2), hasMoved: false, index: 21}
 5556color white black white
 5556Friendly's piece found at square 7,5 white
 5556Iterating over direction 2
 5556squarePiece (2) [6, 4] {type: 'pawn', color: 'white', position: Array(2), hasMoved: false, index: 28} {board: Array(8), history: Array(0), turn: 'white', username1: null, username2: '', …}
 5556Iterating over square 6,4 with squarePiece color white {board: Array(8), history: Array(0), turn: 'white', username1: null, username2: '', …} {type: 'pawn', color: 'white', position: Array(2), hasMoved: false, index: 28}
 5556color white black white
 5556Friendly's piece found at square 6,4 white
 5556Iterating over direction 3
 5556Row 3 is empty {board: Array(8), history: Array(0), turn: 'white', username1: null, username2: '', …}
 5556Iterating over direction 4
 5556squarePiece (2) [6, 3] {type: 'pawn', color: 'white', position: Array(2), hasMoved: false, index: 27} {board: Array(8), history: Array(0), turn: 'white', username1: null, username2: '', …}
 5556Iterating over square 6,3 with squarePiece color white {board: Array(8), history: Array(0), turn: 'white', username1: null, username2: '', …} {type: 'pawn', color: 'white', position: Array(2), hasMoved: false, index: 27}
 5556color white black white
 5556Friendly's piece found at square 6,3 white
 5556Iterating over direction 5
 5556squarePiece (2) [6, 5] {type: 'empty', color: 'none', hasMoved: false, position: Array(2)} {board: Array(8), history: Array(0), turn: 'white', username1: null, username2: '', …}
 5556Iterating over square 6,5 with squarePiece color none {board: Array(8), history: Array(0), turn: 'white', username1: null, username2: '', …} {type: 'empty', color: 'none', hasMoved: false, position: Array(2)}
 5556No piece or color at square 6,5
 5556squarePiece (2) [5, 6] {type: 'empty', color: 'none', hasMoved: false, position: Array(0), index: 16} {board: Array(8), history: Array(0), turn: 'white', username1: null, username2: '', …}
 5556Iterating over square 5,6 with squarePiece color none {board: Array(8), history: Array(0), turn: 'white', username1: null, username2: '', …} {type: 'empty', color: 'none', hasMoved: false, position: Array(0), index: 16}
 5556No piece or color at square 5,6
 5556squarePiece (2) [4, 7] {type: 'empty', color: 'none', hasMoved: false, position: Array(0), index: 16} {board: Array(8), history: Array(0), turn: 'white', username1: null, username2: '', …}
 5556Iterating over square 4,7 with squarePiece color none {board: Array(8), history: Array(0), turn: 'white', username1: null, username2: '', …} {type: 'empty', color: 'none', hasMoved: false, position: Array(0), index: 16}
 5556No piece or color at square 4,7
 5556Iterating over direction 6
 5556Row 6 is empty {board: Array(8), history: Array(0), turn: 'white', username1: null, username2: '', …}
 5556Iterating over direction 7
 5556Row 7 is empty {board: Array(8), history: Array(0), turn: 'white', username1: null, username2: '', …}
 5556Iterating over direction 8
 5556squarePiece (2) [5, 3] {type: 'empty', color: 'none', hasMoved: false, position: Array(0), index: 16} {board: Array(8), history: Array(0), turn: 'white', username1: null, username2: '', …}
 5556Iterating over square 5,3 with squarePiece color none {board: Array(8), history: Array(0), turn: 'white', username1: null, username2: '', …} {type: 'empty', color: 'none', hasMoved: false, position: Array(0), index: 16}
 5556No piece or color at square 5,3
 5556Iterating over direction 9
 5556squarePiece (2) [5, 5] {type: 'pawn', color: 'white', position: Array(2), hasMoved: true, isHighlighted: false, …} {board: Array(8), history: Array(0), turn: 'white', username1: null, username2: '', …}
 5556Iterating over square 5,5 with squarePiece color white {board: Array(8), history: Array(0), turn: 'white', username1: null, username2: '', …} {type: 'pawn', color: 'white', position: Array(2), hasMoved: true, isHighlighted: false, …}
 5556color white black white
 5556Friendly's piece found at square 5,5 white
 5556Iterating over direction 10
 5556Row 10 is empty {board: Array(8), history: Array(0), turn: 'white', username1: null, username2: '', …}
 5556Iterating over direction 11
 5556Row 11 is empty {board: Array(8), history: Array(0), turn: 'white', username1: null, username2: '', …}
 5556Iterating over direction 12
 5556squarePiece (2) [6, 2] {type: 'pawn', color: 'white', position: Array(2), hasMoved: false, index: 26} {board: Array(8), history: Array(0), turn: 'white', username1: null, username2: '', …}
 5556Iterating over square 6,2 with squarePiece color white {board: Array(8), history: Array(0), turn: 'white', username1: null, username2: '', …} {type: 'pawn', color: 'white', position: Array(2), hasMoved: false, index: 26}
 5556color white black white
 5556Friendly's piece found at square 6,2 white
 5556Iterating over direction 13
 5556squarePiece (2) [6, 6] {type: 'pawn', color: 'white', position: Array(2), hasMoved: false, index: 30} {board: Array(8), history: Array(0), turn: 'white', username1: null, username2: '', …}
 5556Iterating over square 6,6 with squarePiece color white {board: Array(8), history: Array(0), turn: 'white', username1: null, username2: '', …} {type: 'pawn', color: 'white', position: Array(2), hasMoved: false, index: 30}
 5556color white black white
 5556Friendly's piece found at square 6,6 white
 5556Iterating over direction 14
 5556Row 14 is empty {board: Array(8), history: Array(0), turn: 'white', username1: null, username2: '', …}
 5556Iterating over direction 15
 5556Row 15 is empty {board: Array(8), history: Array(0), turn: 'white', username1: null, username2: '', …}
 843firstTriggeringOpponentPiece undefined
 843threateningSquares (16) [Array(4), Array(3), Array(7), Array(0), Array(4), Array(3), Array(0), Array(0), Array(1), Array(1), Array(0), Array(0), Array(1), Array(1), Array(0), Array(0)] {board: Array(8), history: Array(0), turn: 'white', username1: null, username2: '', …} undefined -1 true
 843firstTriggeringOpponentPieceIndex: -1
 843slicedCoordinates: []
 843firstTriggeringOpponentPieceIndex -1
 7322isKingInCheck false
 7322King is not in check or checkmate.
 843checkDirection -1 {board: Array(8), history: Array(0), turn: 'white', username1: null, username2: '', …}
 843checkResult {isKingInCheck: false, loser: 'white', slicedThreateningSquares: Array(0), checkDirection: -1, firstTriggeringOpponentPiece: undefined, …} []
 843moves [Array(0)]
 843normalMoves [Array(2)] []
 843normalMoves [Array(2)] []
 Running enPassant function with piece: {id: 29, type: 'pawn', position: Array(2), color: 'white'} and lastPosition: (2) [6, 5]
 enPassantCondition: false enPassantDirection: -1 toX: 6 toY: 5 opponentColor: black
 Was this the opponent's last move? false
 843pawnMove (2) [6, 5]
 843position (2) [6, 5] {board: Array(8), history: Array(0), turn: 'white', username1: null, username2: '', …}
 843currentIndex 29 {type: 'pawn', color: 'white', position: Array(2), hasMoved: false, index: 29} (2) [6, 5]
 tempGameState {board: Array(8), history: Array(0), turn: 'white', username1: null, username2: '', …} 843tempGameState.turn white {board: Array(8), history: Array(0), turn: 'white', username1: null, username2: '', …} (2) [6, 5] (2) [6, 5] {type: 'pawn', color: 'white', position: Array(2), hasMoved: false, index: 29}
 843moves [Array(0)] [Array(2)]
 Checking move 0: []
 Comparing with normalMove 0: (2) [5, 5] [Array(2)]
 Move 0 not found in normalMoves, errorFound set to true
 Some moves may have inconsistent format, but proceeding anyway
overrideMethod @ installHook.js:1
validMoves @ validMoves.ts:569
(anonymous) @ aiEngine.ts:22
getRandomMove @ aiEngine.ts:19
getAIMove @ aiEngine.ts:6
makeAIMove @ App.tsx:199
await in makeAIMove
(anonymous) @ App.tsx:246
(anonymous) @ App.tsx:252
setTimeout
(anonymous) @ App.tsx:251
commitHookEffectListMount @ chunk-X3B7SAOS.js:16904
commitPassiveMountOnFiber @ chunk-X3B7SAOS.js:18152
commitPassiveMountEffects_complete @ chunk-X3B7SAOS.js:18125
commitPassiveMountEffects_begin @ chunk-X3B7SAOS.js:18115
commitPassiveMountEffects @ chunk-X3B7SAOS.js:18105
flushPassiveEffectsImpl @ chunk-X3B7SAOS.js:19486
flushPassiveEffects @ chunk-X3B7SAOS.js:19443
performSyncWorkOnRoot @ chunk-X3B7SAOS.js:18864
flushSyncCallbacks @ chunk-X3B7SAOS.js:9135
commitRootImpl @ chunk-X3B7SAOS.js:19428
commitRoot @ chunk-X3B7SAOS.js:19273
finishConcurrentRender @ chunk-X3B7SAOS.js:18801
performConcurrentWorkOnRoot @ chunk-X3B7SAOS.js:18714
workLoop @ chunk-X3B7SAOS.js:197
flushWork @ chunk-X3B7SAOS.js:176
performWorkUntilDeadline @ chunk-X3B7SAOS.js:384
 302validMoves piece {id: 30, type: 'pawn', position: Array(2), color: 'white'} position (2) [6, 6] gameState {board: Array(8), history: Array(0), turn: 'white', username1: null, username2: '', …} playerNumber 2 lastPosition (2) [6, 6]
 7778tempGameState 7 7778pieceLastPosition 6 7778piece 4 7778tempKing 6 tempGameState {board: Array(8), history: Array(0), turn: 'white', username1: null, username2: '', …}
 843hypotheticalGameState {board: Array(8), history: Array(0), turn: 'white', username1: null, username2: '', …} 843piece.position (2) [6, 6] 843lastPosition (2) [6, 6]
 843checkDirection 0 843threateningPieceIndex 0 (16) [Array(4), Array(3), Array(7), Array(0), Array(4), Array(3), Array(0), Array(0), Array(1), Array(1), Array(0), Array(0), Array(1), Array(1), Array(0), Array(0)]
 843piece {type: 'queen', color: 'white', position: Array(2), hasMoved: false, index: 19} 843piece.color white 843opponentColor black 843currentColor white
 843checkDirection 1 843threateningPieceIndex 0 (16) [Array(4), Array(3), Array(7), Array(0), Array(4), Array(3), Array(0), Array(0), Array(1), Array(1), Array(0), Array(0), Array(1), Array(1), Array(0), Array(0)]
 843piece {type: 'bishop', color: 'white', position: Array(2), hasMoved: false, index: 21} 843piece.color white 843opponentColor black 843currentColor white
 843checkDirection 2 843threateningPieceIndex 0 (16) [Array(4), Array(3), Array(7), Array(0), Array(4), Array(3), Array(0), Array(0), Array(1), Array(1), Array(0), Array(0), Array(1), Array(1), Array(0), Array(0)]
 843piece {type: 'pawn', color: 'white', position: Array(2), hasMoved: false, index: 28} 843piece.color white 843opponentColor black 843currentColor white
 77722piece.position (2) [0, 4]
 843checkDirection 3 843threateningPieceIndex 0 (16) [Array(0), Array(7), Array(4), Array(3), Array(0), Array(0), Array(4), Array(3), Array(0), Array(0), Array(0), Array(0), Array(1), Array(1), Array(1), Array(1)]
 843piece {type: 'bishop', color: 'black', position: Array(2), hasMoved: false, index: 5} 843piece.color black 843opponentColor black 843currentColor white
 77722piece.position (2) [0, 4]
 77722piece.position (2) [0, 4]
 843checkDirection 6 843threateningPieceIndex 0 (16) [Array(0), Array(7), Array(4), Array(3), Array(0), Array(0), Array(4), Array(3), Array(0), Array(0), Array(0), Array(0), Array(1), Array(1), Array(1), Array(1)]
 843piece {type: 'pawn', color: 'black', position: Array(2), hasMoved: false, index: 11} 843piece.color black 843opponentColor black 843currentColor white
 843checkDirection 7 843threateningPieceIndex 0 (16) [Array(0), Array(7), Array(4), Array(3), Array(0), Array(0), Array(4), Array(3), Array(0), Array(0), Array(0), Array(0), Array(1), Array(1), Array(1), Array(1)]
 843piece {type: 'pawn', color: 'black', position: Array(2), hasMoved: false, index: 13} 843piece.color black 843opponentColor black 843currentColor white
 77722piece.position (2) [0, 4]
 77722piece.position (2) [0, 4]
 77722piece.position (2) [0, 4]
 77722piece.position (2) [0, 4]
 843checkDirection 12 843threateningPieceIndex 0 (16) [Array(0), Array(7), Array(4), Array(3), Array(0), Array(0), Array(4), Array(3), Array(0), Array(0), Array(0), Array(0), Array(1), Array(1), Array(1), Array(1)]
 843piece {type: 'pawn', color: 'black', position: Array(2), hasMoved: false, index: 10} 843piece.color black 843opponentColor black 843currentColor white
 843checkDirection 13 843threateningPieceIndex 0 (16) [Array(0), Array(7), Array(4), Array(3), Array(0), Array(0), Array(4), Array(3), Array(0), Array(0), Array(0), Array(0), Array(1), Array(1), Array(1), Array(1)]
 843piece {type: 'pawn', color: 'black', position: Array(2), hasMoved: false, index: 14} 843piece.color black 843opponentColor black 843currentColor white
 843checkDirection 14 843threateningPieceIndex 0 (16) [Array(0), Array(7), Array(4), Array(3), Array(0), Array(0), Array(4), Array(3), Array(0), Array(0), Array(0), Array(0), Array(1), Array(1), Array(1), Array(1)]
 843piece {type: 'empty', color: 'none', hasMoved: false, position: Array(0), index: 16} 843piece.color none 843opponentColor black 843currentColor white
 843checkDirection 15 843threateningPieceIndex 0 (16) [Array(0), Array(7), Array(4), Array(3), Array(0), Array(0), Array(4), Array(3), Array(0), Array(0), Array(0), Array(0), Array(1), Array(1), Array(1), Array(1)]
 843piece {type: 'empty', color: 'none', hasMoved: false, position: Array(0), index: 16} 843piece.color none 843opponentColor black 843currentColor white
 843matchFoundInDirection 2
 847piece.type pawn checkPosition (2) [6, 6] lastPosition (2) [6, 6] gameState {board: Array(8), history: Array(0), turn: 'white', username1: null, username2: '', …} piece {id: 30, type: 'pawn', position: Array(2), color: 'white'} position (2) [6, 6] playerNumber 2 lastPosition (2) [6, 6] matchFoundInDirection 2 currentColor white
 7322isCheckParams {board: Array(8), history: Array(0), turn: 'white', username1: null, username2: '', …} (16) [Array(4), Array(3), Array(0), Array(7), Array(0), Array(0), Array(4), Array(3), Array(0), Array(0), Array(1), Array(1), Array(0), Array(0), Array(1), Array(1)] 1 (2) [6, 6] {id: 30, type: 'pawn', position: Array(2), color: 'white'} (2) [6, 6] 2 (2) [6, 6] 2 white
 7322threateningSquares (16) [Array(4), Array(3), Array(0), Array(7), Array(0), Array(0), Array(4), Array(3), Array(0), Array(0), Array(1), Array(1), Array(0), Array(0), Array(1), Array(1)]
 7322gameState {board: Array(8), history: Array(0), turn: 'white', username1: null, username2: '', …}
 5556pieceLastPosition (2) [6, 6] undefined
 999King position: (2) [7, 4] (2) [6, 6] (2) [7, 4]
 999Current direction: (2) [0, -1]
 999New position: (2) [7, 3]
 999New position: (2) [7, 2]
 999New position: (2) [7, 1]
 999New position: (2) [7, 0]
 999New position: (2) [7, -1]
 999Current direction: (2) [0, 1]
 999New position: (2) [7, 5]
 999New position: (2) [7, 6]
 999New position: (2) [7, 7]
 999New position: (2) [7, 8]
 999Current direction: (2) [-1, 0]
 999New position: (2) [6, 4]
 999New position: (2) [5, 4]
 999New position: (2) [4, 4]
 999New position: (2) [3, 4]
 999New position: (2) [2, 4]
 999New position: (2) [1, 4]
 999New position: (2) [0, 4]
 999Current direction: (2) [1, 0]
 999New position: (2) [8, 4]
 999Current direction: (2) [-1, -1]
 999New position: (2) [6, 3]
 999New position: (2) [5, 2]
 999New position: (2) [4, 1]
 999New position: (2) [3, 0]
 999New position: (2) [2, -1]
 999Current direction: (2) [-1, 1]
 999New position: (2) [6, 5]
 999New position: (2) [5, 6]
 999New position: (2) [4, 7]
 999New position: (2) [3, 8]
 999Current direction: (2) [1, -1]
 999New position: (2) [8, 3]
 999Current direction: (2) [1, 1]
 999New position: (2) [8, 5]
 999Current direction: (2) [-2, -1]
 999New position: (2) [5, 3]
 999Current direction: (2) [-2, 1]
 999New position: (2) [5, 5]
 999Current direction: (2) [2, -1]
 999New position: (2) [9, 3]
 999Current direction: (2) [2, 1]
 999New position: (2) [9, 5]
 999Current direction: (2) [-1, -2]
 999New position: (2) [6, 2]
 999Current direction: (2) [-1, 2]
 999New position: (2) [6, 6]
 999Current direction: (2) [1, -2]
 999New position: (2) [8, 2]
 999Current direction: (2) [1, 2]
 999New position: (2) [8, 6]
 999Calculated squares: (16) [Array(4), Array(3), Array(7), Array(0), Array(4), Array(3), Array(0), Array(0), Array(1), Array(1), Array(0), Array(0), Array(1), Array(1), Array(0), Array(0)]
 Updated threateningSquaresCopy for check evaluation: (16) [Array(4), Array(3), Array(7), Array(0), Array(4), Array(3), Array(0), Array(0), Array(1), Array(1), Array(0), Array(0), Array(1), Array(1), Array(0), Array(0)]
 7322gameState.history.length 0
 7322canBlockParams (16) [Array(4), Array(3), Array(0), Array(7), Array(0), Array(0), Array(4), Array(3), Array(0), Array(0), Array(1), Array(1), Array(0), Array(0), Array(1), Array(1)] (2) [6, 6] white
 7322currentPlayerPieces (16) [{…}, {…}, {…}, {…}, {…}, {…}, {…}, {…}, {…}, {…}, {…}, {…}, {…}, {…}, {…}, {…}]
 5556threateningSquares (16) [Array(4), Array(3), Array(0), Array(7), Array(0), Array(0), Array(4), Array(3), Array(0), Array(0), Array(1), Array(1), Array(0), Array(0), Array(1), Array(1)] black
 7322threateningSquaresCopy (16) [Array(4), Array(3), Array(0), Array(7), Array(0), Array(0), Array(4), Array(3), Array(0), Array(0), Array(1), Array(1), Array(0), Array(0), Array(1), Array(1)]
 5556Iterating over direction 0 (4) [Array(2), Array(2), Array(2), Array(2)]
 5556color white black black true
 5556Opponent's piece found at square 0,3 white
 5556Iterating over direction 1 (3) [Array(2), Array(2), Array(2)]
 5556color white black black true
 5556Opponent's piece found at square 0,5 white
 5556Iterating over direction 2 []
 5556Row 2 is empty {board: Array(8), history: Array(0), turn: 'white', username1: null, username2: '', …} []
 5556Iterating over direction 3 (7) [Array(2), Array(2), Array(2), Array(2), Array(2), Array(2), Array(2)]
 5556color white black black true
 5556Opponent's piece found at square 1,4 white
 5556Iterating over direction 4 []
 5556Row 4 is empty {board: Array(8), history: Array(0), turn: 'white', username1: null, username2: '', …} []
 5556Iterating over direction 5 []
 5556Row 5 is empty {board: Array(8), history: Array(0), turn: 'white', username1: null, username2: '', …} []
 5556Iterating over direction 6 (4) [Array(2), Array(2), Array(2), Array(2)]
 5556color white black black true
 5556Opponent's piece found at square 1,3 white
 5556Iterating over direction 7 (3) [Array(2), Array(2), Array(2)]
 5556color white black black true
 5556Opponent's piece found at square 1,5 white
 5556Iterating over direction 8 []
 5556Row 8 is empty {board: Array(8), history: Array(0), turn: 'white', username1: null, username2: '', …} []
 5556Iterating over direction 9 []
 5556Row 9 is empty {board: Array(8), history: Array(0), turn: 'white', username1: null, username2: '', …} []
 5556Iterating over direction 10 [Array(2)]
 5556No opponent's knight at square 2,3 empty
 5556Iterating over direction 11 [Array(2)]
 5556No opponent's knight at square 2,5 empty
 5556Iterating over direction 12 []
 5556Row 12 is empty {board: Array(8), history: Array(0), turn: 'white', username1: null, username2: '', …} []
 5556Iterating over direction 13 []
 5556Row 13 is empty {board: Array(8), history: Array(0), turn: 'white', username1: null, username2: '', …} []
 5556Iterating over direction 14 [Array(2)]
 5556No opponent's knight at square 1,2 pawn
 5556Iterating over direction 15 [Array(2)]
 5556No opponent's knight at square 1,6 pawn
 5556Last direction is blank or not an current player's knight at square 1,6
 843firstTriggeringCurrentPiece undefined
 843firstTriggeringCurrentPieceIndex: -1
 843slicedCoordinates: []
 843firstTriggeringCurrentPieceIndex -1
 7322canBlockParams (16) [Array(4), Array(3), Array(0), Array(7), Array(0), Array(0), Array(4), Array(3), Array(0), Array(0), Array(1), Array(1), Array(0), Array(0), Array(1), Array(1)] (2) [6, 6] white
 7322currentPlayerPieces (16) [{…}, {…}, {…}, {…}, {…}, {…}, {…}, {…}, {…}, {…}, {…}, {…}, {…}, {…}, {…}, {…}]
 5556threateningSquares (16) [Array(4), Array(3), Array(0), Array(7), Array(0), Array(0), Array(4), Array(3), Array(0), Array(0), Array(1), Array(1), Array(0), Array(0), Array(1), Array(1)] black
 7322threateningSquaresCopy (16) [Array(4), Array(3), Array(0), Array(7), Array(0), Array(0), Array(4), Array(3), Array(0), Array(0), Array(1), Array(1), Array(0), Array(0), Array(1), Array(1)]
 5556Iterating over direction 0 (4) [Array(2), Array(2), Array(2), Array(2)]
 5556color white black black true
 5556Opponent's piece found at square 0,3 white
 5556Iterating over direction 1 (3) [Array(2), Array(2), Array(2)]
 5556color white black black true
 5556Opponent's piece found at square 0,5 white
 5556Iterating over direction 2 []
 5556Row 2 is empty {board: Array(8), history: Array(0), turn: 'white', username1: null, username2: '', …} []
 5556Iterating over direction 3 (7) [Array(2), Array(2), Array(2), Array(2), Array(2), Array(2), Array(2)]
 5556color white black black true
 5556Opponent's piece found at square 1,4 white
 5556Iterating over direction 4 []
 5556Row 4 is empty {board: Array(8), history: Array(0), turn: 'white', username1: null, username2: '', …} []
 5556Iterating over direction 5 []
 5556Row 5 is empty {board: Array(8), history: Array(0), turn: 'white', username1: null, username2: '', …} []
 5556Iterating over direction 6 (4) [Array(2), Array(2), Array(2), Array(2)]
 5556color white black black true
 5556Opponent's piece found at square 1,3 white
 5556Iterating over direction 7 (3) [Array(2), Array(2), Array(2)]
 5556color white black black true
 5556Opponent's piece found at square 1,5 white
 5556Iterating over direction 8 []
 5556Row 8 is empty {board: Array(8), history: Array(0), turn: 'white', username1: null, username2: '', …} []
 5556Iterating over direction 9 []
 5556Row 9 is empty {board: Array(8), history: Array(0), turn: 'white', username1: null, username2: '', …} []
 5556Iterating over direction 10 [Array(2)]
 5556No opponent's knight at square 2,3 empty
 5556Iterating over direction 11 [Array(2)]
 5556No opponent's knight at square 2,5 empty
 5556Iterating over direction 12 []
 5556Row 12 is empty {board: Array(8), history: Array(0), turn: 'white', username1: null, username2: '', …} []
 5556Iterating over direction 13 []
 5556Row 13 is empty {board: Array(8), history: Array(0), turn: 'white', username1: null, username2: '', …} []
 5556Iterating over direction 14 [Array(2)]
 5556No opponent's knight at square 1,2 pawn
 5556Iterating over direction 15 [Array(2)]
 5556No opponent's knight at square 1,6 pawn
 5556Last direction is blank or not an current player's knight at square 1,6
 7322isKingInCheck false
 843isKingInCheck false 843slicedThreateningSquares undefined 843directionIndex -1
 222getMovesForPiece {id: 30, type: 'pawn', position: Array(2), color: 'white'} (2) [6, 6] {board: Array(8), history: Array(0), turn: 'white', username1: null, username2: '', …}
 222PawnMovesCheck {id: 30, type: 'pawn', position: Array(2), color: 'white'} (2) [6, 6] {board: Array(8), history: Array(0), turn: 'white', username1: null, username2: '', …}
 222PawnMovesForwards (2) [5, 6] 5 6
 222PawnMovesSent [Array(2)]
 222getMovesForPieceMoves [Array(2)]
 Returning moves: [Array(2)] {board: Array(8), history: Array(0), turn: 'white', username1: null, username2: '', …}
 843normalMoves [Array(2)]
 843filteredMoves []
 843tempGameState {board: Array(8), history: Array(0), turn: 'white', username1: null, username2: '', …} 843currentColor white 843gameState.threateningPiecesPositions[currentColor] {black: Array(16), white: Array(16)} piece position (2) [5, 6]
 999King position: (2) [7, 4] (2) [5, 6] (2) [7, 4]
 999Current direction: (2) [0, -1]
 999New position: (2) [7, 3]
 999New position: (2) [7, 2]
 999New position: (2) [7, 1]
 999New position: (2) [7, 0]
 999New position: (2) [7, -1]
 999Current direction: (2) [0, 1]
 999New position: (2) [7, 5]
 999New position: (2) [7, 6]
 999New position: (2) [7, 7]
 999New position: (2) [7, 8]
 999Current direction: (2) [-1, 0]
 999New position: (2) [6, 4]
 999New position: (2) [5, 4]
 999New position: (2) [4, 4]
 999New position: (2) [3, 4]
 999New position: (2) [2, 4]
 999New position: (2) [1, 4]
 999New position: (2) [0, 4]
 999Current direction: (2) [1, 0]
 999New position: (2) [8, 4]
 999Current direction: (2) [-1, -1]
 999New position: (2) [6, 3]
 999New position: (2) [5, 2]
 999New position: (2) [4, 1]
 999New position: (2) [3, 0]
 999New position: (2) [2, -1]
 999Current direction: (2) [-1, 1]
 999New position: (2) [6, 5]
 999New position: (2) [5, 6]
 999New position: (2) [4, 7]
 999New position: (2) [3, 8]
 999Current direction: (2) [1, -1]
 999New position: (2) [8, 3]
 999Current direction: (2) [1, 1]
 999New position: (2) [8, 5]
 999Current direction: (2) [-2, -1]
 999New position: (2) [5, 3]
 999Current direction: (2) [-2, 1]
 999New position: (2) [5, 5]
 999Current direction: (2) [2, -1]
 999New position: (2) [9, 3]
 999Current direction: (2) [2, 1]
 999New position: (2) [9, 5]
 999Current direction: (2) [-1, -2]
 999New position: (2) [6, 2]
 999Current direction: (2) [-1, 2]
 999New position: (2) [6, 6]
 999Current direction: (2) [1, -2]
 999New position: (2) [8, 2]
 999Current direction: (2) [1, 2]
 999New position: (2) [8, 6]
 999Calculated squares: (16) [Array(4), Array(3), Array(7), Array(0), Array(4), Array(3), Array(0), Array(0), Array(1), Array(1), Array(0), Array(0), Array(1), Array(1), Array(0), Array(0)]
 debugging 1: 7,3,7,2,7,1,7,0,7,5,7,6,7,7,6,4,5,4,4,4,3,4,2,4,1,4,0,4,,6,3,5,2,4,1,3,0,6,5,5,6,4,7,,,5,3,5,5,,,6,2,6,6,,
 Game State: {board: Array(8), history: Array(0), turn: 'white', username1: null, username2: '', …} Threatening Squares: (16) [Array(4), Array(3), Array(7), Array(0), Array(4), Array(3), Array(0), Array(0), Array(1), Array(1), Array(0), Array(0), Array(1), Array(1), Array(0), Array(0)] Opponent Player Number: 1 Check Position: (2) [7, 4] Piece: {id: 30, type: 'pawn', position: Array(2), color: 'white'} Position: (2) [6, 6] Player Number: 2 Last Position: (2) [5, 6] Match Found In Direction: 2 Current Player Color: white
 7322threateningSquares (16) [Array(4), Array(3), Array(7), Array(0), Array(4), Array(3), Array(0), Array(0), Array(1), Array(1), Array(0), Array(0), Array(1), Array(1), Array(0), Array(0)]
 7322gameState {board: Array(8), history: Array(0), turn: 'white', username1: null, username2: '', …}
 5556pieceLastPosition (2) [5, 6]
 7322gameState.history.length 0
 7322gameState {board: Array(8), history: Array(0), turn: 'white', username1: null, username2: '', …}
 7322piece {id: 30, type: 'pawn', position: Array(2), color: 'white'} undefined
 7322lastPosition (2) [5, 6]
 7322canBlockParams {board: Array(8), history: Array(0), turn: 'white', username1: null, username2: '', …} (16) [Array(4), Array(3), Array(7), Array(0), Array(4), Array(3), Array(0), Array(0), Array(1), Array(1), Array(0), Array(0), Array(1), Array(1), Array(0), Array(0)] (2) [7, 4] black
 7322threateningSquares (16) [Array(4), Array(3), Array(7), Array(0), Array(4), Array(3), Array(0), Array(0), Array(1), Array(1), Array(0), Array(0), Array(1), Array(1), Array(0), Array(0)]
 7322gameState {board: Array(8), history: Array(0), turn: 'white', username1: null, username2: '', …}
 7322currentPlayerPieces (16) [{…}, {…}, {…}, {…}, {…}, {…}, {…}, {…}, {…}, {…}, {…}, {…}, {…}, {…}, {…}, {…}]
 5556threateningSquares (16) [Array(4), Array(3), Array(7), Array(0), Array(4), Array(3), Array(0), Array(0), Array(1), Array(1), Array(0), Array(0), Array(1), Array(1), Array(0), Array(0)] white
 7322threateningSquaresCopy (16) [Array(4), Array(3), Array(7), Array(0), Array(4), Array(3), Array(0), Array(0), Array(1), Array(1), Array(0), Array(0), Array(1), Array(1), Array(0), Array(0)]
 5556Iterating over direction 0
 5556squarePiece (2) [7, 3] {type: 'queen', color: 'white', position: Array(2), hasMoved: false, index: 19} {board: Array(8), history: Array(0), turn: 'white', username1: null, username2: '', …}
 5556Iterating over square 7,3 with squarePiece color white {board: Array(8), history: Array(0), turn: 'white', username1: null, username2: '', …} {type: 'queen', color: 'white', position: Array(2), hasMoved: false, index: 19}
 5556color white black white
 5556Friendly's piece found at square 7,3 white
 5556Iterating over direction 1
 5556squarePiece (2) [7, 5] {type: 'bishop', color: 'white', position: Array(2), hasMoved: false, index: 21} {board: Array(8), history: Array(0), turn: 'white', username1: null, username2: '', …}
 5556Iterating over square 7,5 with squarePiece color white {board: Array(8), history: Array(0), turn: 'white', username1: null, username2: '', …} {type: 'bishop', color: 'white', position: Array(2), hasMoved: false, index: 21}
 5556color white black white
 5556Friendly's piece found at square 7,5 white
 5556Iterating over direction 2
 5556squarePiece (2) [6, 4] {type: 'pawn', color: 'white', position: Array(2), hasMoved: false, index: 28} {board: Array(8), history: Array(0), turn: 'white', username1: null, username2: '', …}
 5556Iterating over square 6,4 with squarePiece color white {board: Array(8), history: Array(0), turn: 'white', username1: null, username2: '', …} {type: 'pawn', color: 'white', position: Array(2), hasMoved: false, index: 28}
 5556color white black white
 5556Friendly's piece found at square 6,4 white
 5556Iterating over direction 3
 5556Row 3 is empty {board: Array(8), history: Array(0), turn: 'white', username1: null, username2: '', …}
 5556Iterating over direction 4
 5556squarePiece (2) [6, 3] {type: 'pawn', color: 'white', position: Array(2), hasMoved: false, index: 27} {board: Array(8), history: Array(0), turn: 'white', username1: null, username2: '', …}
 5556Iterating over square 6,3 with squarePiece color white {board: Array(8), history: Array(0), turn: 'white', username1: null, username2: '', …} {type: 'pawn', color: 'white', position: Array(2), hasMoved: false, index: 27}
 5556color white black white
 5556Friendly's piece found at square 6,3 white
 5556Iterating over direction 5
 5556squarePiece (2) [6, 5] {type: 'pawn', color: 'white', position: Array(2), hasMoved: false, index: 29} {board: Array(8), history: Array(0), turn: 'white', username1: null, username2: '', …}
 5556Iterating over square 6,5 with squarePiece color white {board: Array(8), history: Array(0), turn: 'white', username1: null, username2: '', …} {type: 'pawn', color: 'white', position: Array(2), hasMoved: false, index: 29}
 5556color white black white
 5556Friendly's piece found at square 6,5 white
 5556Iterating over direction 6
 5556Row 6 is empty {board: Array(8), history: Array(0), turn: 'white', username1: null, username2: '', …}
 5556Iterating over direction 7
 5556Row 7 is empty {board: Array(8), history: Array(0), turn: 'white', username1: null, username2: '', …}
 5556Iterating over direction 8
 5556squarePiece (2) [5, 3] {type: 'empty', color: 'none', hasMoved: false, position: Array(0), index: 16} {board: Array(8), history: Array(0), turn: 'white', username1: null, username2: '', …}
 5556Iterating over square 5,3 with squarePiece color none {board: Array(8), history: Array(0), turn: 'white', username1: null, username2: '', …} {type: 'empty', color: 'none', hasMoved: false, position: Array(0), index: 16}
 5556No piece or color at square 5,3
 5556Iterating over direction 9
 5556squarePiece (2) [5, 5] {type: 'empty', color: 'none', hasMoved: false, position: Array(0), index: 16} {board: Array(8), history: Array(0), turn: 'white', username1: null, username2: '', …}
 5556Iterating over square 5,5 with squarePiece color none {board: Array(8), history: Array(0), turn: 'white', username1: null, username2: '', …} {type: 'empty', color: 'none', hasMoved: false, position: Array(0), index: 16}
 5556No piece or color at square 5,5
 5556Iterating over direction 10
 5556Row 10 is empty {board: Array(8), history: Array(0), turn: 'white', username1: null, username2: '', …}
 5556Iterating over direction 11
 5556Row 11 is empty {board: Array(8), history: Array(0), turn: 'white', username1: null, username2: '', …}
 5556Iterating over direction 12
 5556squarePiece (2) [6, 2] {type: 'pawn', color: 'white', position: Array(2), hasMoved: false, index: 26} {board: Array(8), history: Array(0), turn: 'white', username1: null, username2: '', …}
 5556Iterating over square 6,2 with squarePiece color white {board: Array(8), history: Array(0), turn: 'white', username1: null, username2: '', …} {type: 'pawn', color: 'white', position: Array(2), hasMoved: false, index: 26}
 5556color white black white
 5556Friendly's piece found at square 6,2 white
 5556Iterating over direction 13
 5556squarePiece (2) [6, 6] {type: 'empty', color: 'none', hasMoved: false, position: Array(2)} {board: Array(8), history: Array(0), turn: 'white', username1: null, username2: '', …}
 5556Iterating over square 6,6 with squarePiece color none {board: Array(8), history: Array(0), turn: 'white', username1: null, username2: '', …} {type: 'empty', color: 'none', hasMoved: false, position: Array(2)}
 5556No piece or color at square 6,6
 5556Iterating over direction 14
 5556Row 14 is empty {board: Array(8), history: Array(0), turn: 'white', username1: null, username2: '', …}
 5556Iterating over direction 15
 5556Row 15 is empty {board: Array(8), history: Array(0), turn: 'white', username1: null, username2: '', …}
 843firstTriggeringOpponentPiece undefined
 843threateningSquares (16) [Array(4), Array(3), Array(7), Array(0), Array(4), Array(3), Array(0), Array(0), Array(1), Array(1), Array(0), Array(0), Array(1), Array(1), Array(0), Array(0)] {board: Array(8), history: Array(0), turn: 'white', username1: null, username2: '', …} undefined -1 true
 843firstTriggeringOpponentPieceIndex: -1
 843slicedCoordinates: []
 843firstTriggeringOpponentPieceIndex -1
 7322isKingInCheck false
 7322King is not in check or checkmate.
 843checkDirection -1 {board: Array(8), history: Array(0), turn: 'white', username1: null, username2: '', …}
 843checkResult {isKingInCheck: false, loser: 'white', slicedThreateningSquares: Array(0), checkDirection: -1, firstTriggeringOpponentPiece: undefined, …} []
 843moves [Array(0)]
 843normalMoves [Array(2)] []
 843normalMoves [Array(2)] []
 Running enPassant function with piece: {id: 30, type: 'pawn', position: Array(2), color: 'white'} and lastPosition: (2) [6, 6]
 enPassantCondition: false enPassantDirection: -1 toX: 6 toY: 6 opponentColor: black
 Was this the opponent's last move? false
 843pawnMove (2) [6, 6]
 843position (2) [6, 6] {board: Array(8), history: Array(0), turn: 'white', username1: null, username2: '', …}
 843currentIndex 30 {type: 'pawn', color: 'white', position: Array(2), hasMoved: false, index: 30} (2) [6, 6]
 tempGameState {board: Array(8), history: Array(0), turn: 'white', username1: null, username2: '', …} 843tempGameState.turn white {board: Array(8), history: Array(0), turn: 'white', username1: null, username2: '', …} (2) [6, 6] (2) [6, 6] {type: 'pawn', color: 'white', position: Array(2), hasMoved: false, index: 30}
 843moves [Array(0)] [Array(2)]
 Checking move 0: []
 Comparing with normalMove 0: (2) [5, 6] [Array(2)]
 Move 0 not found in normalMoves, errorFound set to true
 Some moves may have inconsistent format, but proceeding anyway
overrideMethod @ installHook.js:1
validMoves @ validMoves.ts:569
(anonymous) @ aiEngine.ts:22
getRandomMove @ aiEngine.ts:19
getAIMove @ aiEngine.ts:6
makeAIMove @ App.tsx:199
await in makeAIMove
(anonymous) @ App.tsx:246
(anonymous) @ App.tsx:252
setTimeout
(anonymous) @ App.tsx:251
commitHookEffectListMount @ chunk-X3B7SAOS.js:16904
commitPassiveMountOnFiber @ chunk-X3B7SAOS.js:18152
commitPassiveMountEffects_complete @ chunk-X3B7SAOS.js:18125
commitPassiveMountEffects_begin @ chunk-X3B7SAOS.js:18115
commitPassiveMountEffects @ chunk-X3B7SAOS.js:18105
flushPassiveEffectsImpl @ chunk-X3B7SAOS.js:19486
flushPassiveEffects @ chunk-X3B7SAOS.js:19443
performSyncWorkOnRoot @ chunk-X3B7SAOS.js:18864
flushSyncCallbacks @ chunk-X3B7SAOS.js:9135
commitRootImpl @ chunk-X3B7SAOS.js:19428
commitRoot @ chunk-X3B7SAOS.js:19273
finishConcurrentRender @ chunk-X3B7SAOS.js:18801
performConcurrentWorkOnRoot @ chunk-X3B7SAOS.js:18714
workLoop @ chunk-X3B7SAOS.js:197
flushWork @ chunk-X3B7SAOS.js:176
performWorkUntilDeadline @ chunk-X3B7SAOS.js:384
 302validMoves piece {id: 31, type: 'pawn', position: Array(2), color: 'white'} position (2) [6, 7] gameState {board: Array(8), history: Array(0), turn: 'white', username1: null, username2: '', …} playerNumber 2 lastPosition (2) [6, 7]
 7778tempGameState 7 7778pieceLastPosition 6 7778piece 4 7778tempKing 7 tempGameState {board: Array(8), history: Array(0), turn: 'white', username1: null, username2: '', …}
 843hypotheticalGameState {board: Array(8), history: Array(0), turn: 'white', username1: null, username2: '', …} 843piece.position (2) [6, 7] 843lastPosition (2) [6, 7]
 843checkDirection 0 843threateningPieceIndex 0 (16) [Array(4), Array(3), Array(7), Array(0), Array(4), Array(3), Array(0), Array(0), Array(1), Array(1), Array(0), Array(0), Array(1), Array(1), Array(0), Array(0)]
 843piece {type: 'queen', color: 'white', position: Array(2), hasMoved: false, index: 19} 843piece.color white 843opponentColor black 843currentColor white
 843checkDirection 1 843threateningPieceIndex 0 (16) [Array(4), Array(3), Array(7), Array(0), Array(4), Array(3), Array(0), Array(0), Array(1), Array(1), Array(0), Array(0), Array(1), Array(1), Array(0), Array(0)]
 843piece {type: 'bishop', color: 'white', position: Array(2), hasMoved: false, index: 21} 843piece.color white 843opponentColor black 843currentColor white
 843checkDirection 2 843threateningPieceIndex 0 (16) [Array(4), Array(3), Array(7), Array(0), Array(4), Array(3), Array(0), Array(0), Array(1), Array(1), Array(0), Array(0), Array(1), Array(1), Array(0), Array(0)]
 843piece {type: 'pawn', color: 'white', position: Array(2), hasMoved: false, index: 28} 843piece.color white 843opponentColor black 843currentColor white
 77722piece.position (2) [0, 4]
 843checkDirection 3 843threateningPieceIndex 0 (16) [Array(0), Array(7), Array(4), Array(3), Array(0), Array(0), Array(4), Array(3), Array(0), Array(0), Array(0), Array(0), Array(1), Array(1), Array(1), Array(1)]
 843piece {type: 'bishop', color: 'black', position: Array(2), hasMoved: false, index: 5} 843piece.color black 843opponentColor black 843currentColor white
 77722piece.position (2) [0, 4]
 77722piece.position (2) [0, 4]
 843checkDirection 6 843threateningPieceIndex 0 (16) [Array(0), Array(7), Array(4), Array(3), Array(0), Array(0), Array(4), Array(3), Array(0), Array(0), Array(0), Array(0), Array(1), Array(1), Array(1), Array(1)]
 843piece {type: 'pawn', color: 'black', position: Array(2), hasMoved: false, index: 11} 843piece.color black 843opponentColor black 843currentColor white
 843checkDirection 7 843threateningPieceIndex 0 (16) [Array(0), Array(7), Array(4), Array(3), Array(0), Array(0), Array(4), Array(3), Array(0), Array(0), Array(0), Array(0), Array(1), Array(1), Array(1), Array(1)]
 843piece {type: 'pawn', color: 'black', position: Array(2), hasMoved: false, index: 13} 843piece.color black 843opponentColor black 843currentColor white
 77722piece.position (2) [0, 4]
 77722piece.position (2) [0, 4]
 77722piece.position (2) [0, 4]
 77722piece.position (2) [0, 4]
 843checkDirection 12 843threateningPieceIndex 0 (16) [Array(0), Array(7), Array(4), Array(3), Array(0), Array(0), Array(4), Array(3), Array(0), Array(0), Array(0), Array(0), Array(1), Array(1), Array(1), Array(1)]
 843piece {type: 'pawn', color: 'black', position: Array(2), hasMoved: false, index: 10} 843piece.color black 843opponentColor black 843currentColor white
 843checkDirection 13 843threateningPieceIndex 0 (16) [Array(0), Array(7), Array(4), Array(3), Array(0), Array(0), Array(4), Array(3), Array(0), Array(0), Array(0), Array(0), Array(1), Array(1), Array(1), Array(1)]
 843piece {type: 'pawn', color: 'black', position: Array(2), hasMoved: false, index: 14} 843piece.color black 843opponentColor black 843currentColor white
 843checkDirection 14 843threateningPieceIndex 0 (16) [Array(0), Array(7), Array(4), Array(3), Array(0), Array(0), Array(4), Array(3), Array(0), Array(0), Array(0), Array(0), Array(1), Array(1), Array(1), Array(1)]
 843piece {type: 'empty', color: 'none', hasMoved: false, position: Array(0), index: 16} 843piece.color none 843opponentColor black 843currentColor white
 843checkDirection 15 843threateningPieceIndex 0 (16) [Array(0), Array(7), Array(4), Array(3), Array(0), Array(0), Array(4), Array(3), Array(0), Array(0), Array(0), Array(0), Array(1), Array(1), Array(1), Array(1)]
 843piece {type: 'empty', color: 'none', hasMoved: false, position: Array(0), index: 16} 843piece.color none 843opponentColor black 843currentColor white
 843matchFoundInDirection 2
 847piece.type pawn checkPosition (2) [6, 7] lastPosition (2) [6, 7] gameState {board: Array(8), history: Array(0), turn: 'white', username1: null, username2: '', …} piece {id: 31, type: 'pawn', position: Array(2), color: 'white'} position (2) [6, 7] playerNumber 2 lastPosition (2) [6, 7] matchFoundInDirection 2 currentColor white
 7322isCheckParams {board: Array(8), history: Array(0), turn: 'white', username1: null, username2: '', …} (16) [Array(4), Array(3), Array(0), Array(7), Array(0), Array(0), Array(4), Array(3), Array(0), Array(0), Array(1), Array(1), Array(0), Array(0), Array(1), Array(1)] 1 (2) [6, 7] {id: 31, type: 'pawn', position: Array(2), color: 'white'} (2) [6, 7] 2 (2) [6, 7] 2 white
 7322threateningSquares (16) [Array(4), Array(3), Array(0), Array(7), Array(0), Array(0), Array(4), Array(3), Array(0), Array(0), Array(1), Array(1), Array(0), Array(0), Array(1), Array(1)]
 7322gameState {board: Array(8), history: Array(0), turn: 'white', username1: null, username2: '', …}
 5556pieceLastPosition (2) [6, 7] undefined
 999King position: (2) [7, 4] (2) [6, 7] (2) [7, 4]
 999Current direction: (2) [0, -1]
 999New position: (2) [7, 3]
 999New position: (2) [7, 2]
 999New position: (2) [7, 1]
 999New position: (2) [7, 0]
 999New position: (2) [7, -1]
 999Current direction: (2) [0, 1]
 999New position: (2) [7, 5]
 999New position: (2) [7, 6]
 999New position: (2) [7, 7]
 999New position: (2) [7, 8]
 999Current direction: (2) [-1, 0]
 999New position: (2) [6, 4]
 999New position: (2) [5, 4]
 999New position: (2) [4, 4]
 999New position: (2) [3, 4]
 999New position: (2) [2, 4]
 999New position: (2) [1, 4]
 999New position: (2) [0, 4]
 999Current direction: (2) [1, 0]
 999New position: (2) [8, 4]
 999Current direction: (2) [-1, -1]
 999New position: (2) [6, 3]
 999New position: (2) [5, 2]
 999New position: (2) [4, 1]
 999New position: (2) [3, 0]
 999New position: (2) [2, -1]
 999Current direction: (2) [-1, 1]
 999New position: (2) [6, 5]
 999New position: (2) [5, 6]
 999New position: (2) [4, 7]
 999New position: (2) [3, 8]
 999Current direction: (2) [1, -1]
 999New position: (2) [8, 3]
 999Current direction: (2) [1, 1]
 999New position: (2) [8, 5]
 999Current direction: (2) [-2, -1]
 999New position: (2) [5, 3]
 999Current direction: (2) [-2, 1]
 999New position: (2) [5, 5]
 999Current direction: (2) [2, -1]
 999New position: (2) [9, 3]
 999Current direction: (2) [2, 1]
 999New position: (2) [9, 5]
 999Current direction: (2) [-1, -2]
 999New position: (2) [6, 2]
 999Current direction: (2) [-1, 2]
 999New position: (2) [6, 6]
 999Current direction: (2) [1, -2]
 999New position: (2) [8, 2]
 999Current direction: (2) [1, 2]
 999New position: (2) [8, 6]
 999Calculated squares: (16) [Array(4), Array(3), Array(7), Array(0), Array(4), Array(3), Array(0), Array(0), Array(1), Array(1), Array(0), Array(0), Array(1), Array(1), Array(0), Array(0)]
 Updated threateningSquaresCopy for check evaluation: (16) [Array(4), Array(3), Array(7), Array(0), Array(4), Array(3), Array(0), Array(0), Array(1), Array(1), Array(0), Array(0), Array(1), Array(1), Array(0), Array(0)]
 7322gameState.history.length 0
 7322canBlockParams (16) [Array(4), Array(3), Array(0), Array(7), Array(0), Array(0), Array(4), Array(3), Array(0), Array(0), Array(1), Array(1), Array(0), Array(0), Array(1), Array(1)] (2) [6, 7] white
 7322currentPlayerPieces (16) [{…}, {…}, {…}, {…}, {…}, {…}, {…}, {…}, {…}, {…}, {…}, {…}, {…}, {…}, {…}, {…}]
 5556threateningSquares (16) [Array(4), Array(3), Array(0), Array(7), Array(0), Array(0), Array(4), Array(3), Array(0), Array(0), Array(1), Array(1), Array(0), Array(0), Array(1), Array(1)] black
 7322threateningSquaresCopy (16) [Array(4), Array(3), Array(0), Array(7), Array(0), Array(0), Array(4), Array(3), Array(0), Array(0), Array(1), Array(1), Array(0), Array(0), Array(1), Array(1)]
 5556Iterating over direction 0 (4) [Array(2), Array(2), Array(2), Array(2)]
 5556color white black black true
 5556Opponent's piece found at square 0,3 white
 5556Iterating over direction 1 (3) [Array(2), Array(2), Array(2)]
 5556color white black black true
 5556Opponent's piece found at square 0,5 white
 5556Iterating over direction 2 []
 5556Row 2 is empty {board: Array(8), history: Array(0), turn: 'white', username1: null, username2: '', …} []
 5556Iterating over direction 3 (7) [Array(2), Array(2), Array(2), Array(2), Array(2), Array(2), Array(2)]
 5556color white black black true
 5556Opponent's piece found at square 1,4 white
 5556Iterating over direction 4 []
 5556Row 4 is empty {board: Array(8), history: Array(0), turn: 'white', username1: null, username2: '', …} []
 5556Iterating over direction 5 []
 5556Row 5 is empty {board: Array(8), history: Array(0), turn: 'white', username1: null, username2: '', …} []
 5556Iterating over direction 6 (4) [Array(2), Array(2), Array(2), Array(2)]
 5556color white black black true
 5556Opponent's piece found at square 1,3 white
 5556Iterating over direction 7 (3) [Array(2), Array(2), Array(2)]
 5556color white black black true
 5556Opponent's piece found at square 1,5 white
 5556Iterating over direction 8 []
 5556Row 8 is empty {board: Array(8), history: Array(0), turn: 'white', username1: null, username2: '', …} []
 5556Iterating over direction 9 []
 5556Row 9 is empty {board: Array(8), history: Array(0), turn: 'white', username1: null, username2: '', …} []
 5556Iterating over direction 10 [Array(2)]
 5556No opponent's knight at square 2,3 empty
 5556Iterating over direction 11 [Array(2)]
 5556No opponent's knight at square 2,5 empty
 5556Iterating over direction 12 []
 5556Row 12 is empty {board: Array(8), history: Array(0), turn: 'white', username1: null, username2: '', …} []
 5556Iterating over direction 13 []
 5556Row 13 is empty {board: Array(8), history: Array(0), turn: 'white', username1: null, username2: '', …} []
 5556Iterating over direction 14 [Array(2)]
 5556No opponent's knight at square 1,2 pawn
 5556Iterating over direction 15 [Array(2)]
 5556No opponent's knight at square 1,6 pawn
 5556Last direction is blank or not an current player's knight at square 1,6
 843firstTriggeringCurrentPiece undefined
 843firstTriggeringCurrentPieceIndex: -1
 843slicedCoordinates: []
 843firstTriggeringCurrentPieceIndex -1
 7322canBlockParams (16) [Array(4), Array(3), Array(0), Array(7), Array(0), Array(0), Array(4), Array(3), Array(0), Array(0), Array(1), Array(1), Array(0), Array(0), Array(1), Array(1)] (2) [6, 7] white
 7322currentPlayerPieces (16) [{…}, {…}, {…}, {…}, {…}, {…}, {…}, {…}, {…}, {…}, {…}, {…}, {…}, {…}, {…}, {…}]
 5556threateningSquares (16) [Array(4), Array(3), Array(0), Array(7), Array(0), Array(0), Array(4), Array(3), Array(0), Array(0), Array(1), Array(1), Array(0), Array(0), Array(1), Array(1)] black
 7322threateningSquaresCopy (16) [Array(4), Array(3), Array(0), Array(7), Array(0), Array(0), Array(4), Array(3), Array(0), Array(0), Array(1), Array(1), Array(0), Array(0), Array(1), Array(1)]
 5556Iterating over direction 0 (4) [Array(2), Array(2), Array(2), Array(2)]
 5556color white black black true
 5556Opponent's piece found at square 0,3 white
 5556Iterating over direction 1 (3) [Array(2), Array(2), Array(2)]
 5556color white black black true
 5556Opponent's piece found at square 0,5 white
 5556Iterating over direction 2 []
 5556Row 2 is empty {board: Array(8), history: Array(0), turn: 'white', username1: null, username2: '', …} []
 5556Iterating over direction 3 (7) [Array(2), Array(2), Array(2), Array(2), Array(2), Array(2), Array(2)]
 5556color white black black true
 5556Opponent's piece found at square 1,4 white
 5556Iterating over direction 4 []
 5556Row 4 is empty {board: Array(8), history: Array(0), turn: 'white', username1: null, username2: '', …} []
 5556Iterating over direction 5 []
 5556Row 5 is empty {board: Array(8), history: Array(0), turn: 'white', username1: null, username2: '', …} []
 5556Iterating over direction 6 (4) [Array(2), Array(2), Array(2), Array(2)]
 5556color white black black true
 5556Opponent's piece found at square 1,3 white
 5556Iterating over direction 7 (3) [Array(2), Array(2), Array(2)]
isCheckOpponent.ts:268 5556color white black black true
isCheckOpponent.ts:270 5556Opponent's piece found at square 1,5 white
isCheckOpponent.ts:240 5556Iterating over direction 8 []
isCheckOpponent.ts:243 5556Row 8 is empty {board: Array(8), history: Array(0), turn: 'white', username1: null, username2: '', …} []
isCheckOpponent.ts:240 5556Iterating over direction 9 []
isCheckOpponent.ts:243 5556Row 9 is empty {board: Array(8), history: Array(0), turn: 'white', username1: null, username2: '', …} []
isCheckOpponent.ts:240 5556Iterating over direction 10 [Array(2)]
isCheckOpponent.ts:259 5556No opponent's knight at square 2,3 empty
isCheckOpponent.ts:240 5556Iterating over direction 11 [Array(2)]
isCheckOpponent.ts:259 5556No opponent's knight at square 2,5 empty
isCheckOpponent.ts:240 5556Iterating over direction 12 []
isCheckOpponent.ts:243 5556Row 12 is empty {board: Array(8), history: Array(0), turn: 'white', username1: null, username2: '', …} []
isCheckOpponent.ts:240 5556Iterating over direction 13 []
isCheckOpponent.ts:243 5556Row 13 is empty {board: Array(8), history: Array(0), turn: 'white', username1: null, username2: '', …} []
isCheckOpponent.ts:240 5556Iterating over direction 14 [Array(2)]
isCheckOpponent.ts:259 5556No opponent's knight at square 1,2 pawn
isCheckOpponent.ts:240 5556Iterating over direction 15 [Array(2)]
isCheckOpponent.ts:259 5556No opponent's knight at square 1,6 pawn
isCheckOpponent.ts:354 5556Last direction is blank or not an current player's knight at square 1,6
isCheckOpponent.ts:463 7322isKingInCheck false
validMoves.ts:444 843isKingInCheck false 843slicedThreateningSquares undefined 843directionIndex -1
pieceMoves.ts:37 222getMovesForPiece {id: 31, type: 'pawn', position: Array(2), color: 'white'} (2) [6, 7] {board: Array(8), history: Array(0), turn: 'white', username1: null, username2: '', …}
pieceMoves.ts:58 222PawnMovesCheck {id: 31, type: 'pawn', position: Array(2), color: 'white'} (2) [6, 7] {board: Array(8), history: Array(0), turn: 'white', username1: null, username2: '', …}
pieceMoves.ts:65 222PawnMovesForwards (2) [5, 7] 5 7
pieceMoves.ts:126 222PawnMovesSent [Array(2)]
pieceMoves.ts:43 222getMovesForPieceMoves [Array(2)]
pieceMoves.ts:51 Returning moves: [Array(2)] {board: Array(8), history: Array(0), turn: 'white', username1: null, username2: '', …}
validMoves.ts:553 843normalMoves [Array(2)]
validMoves.ts:565 843filteredMoves []
validMoves.ts:89 843tempGameState {board: Array(8), history: Array(0), turn: 'white', username1: null, username2: '', …} 843currentColor white 843gameState.threateningPiecesPositions[currentColor] {black: Array(16), white: Array(16)} piece position (2) [5, 7]
calculateThreateningSquares.ts:15 999King position: (2) [7, 4] (2) [5, 7] (2) [7, 4]
calculateThreateningSquares.ts:31 999Current direction: (2) [0, -1]
calculateThreateningSquares.ts:49 999New position: (2) [7, 3]
calculateThreateningSquares.ts:49 999New position: (2) [7, 2]
calculateThreateningSquares.ts:49 999New position: (2) [7, 1]
calculateThreateningSquares.ts:49 999New position: (2) [7, 0]
calculateThreateningSquares.ts:49 999New position: (2) [7, -1]
calculateThreateningSquares.ts:31 999Current direction: (2) [0, 1]
calculateThreateningSquares.ts:49 999New position: (2) [7, 5]
calculateThreateningSquares.ts:49 999New position: (2) [7, 6]
calculateThreateningSquares.ts:49 999New position: (2) [7, 7]
calculateThreateningSquares.ts:49 999New position: (2) [7, 8]
calculateThreateningSquares.ts:31 999Current direction: (2) [-1, 0]
calculateThreateningSquares.ts:49 999New position: (2) [6, 4]
calculateThreateningSquares.ts:49 999New position: (2) [5, 4]
calculateThreateningSquares.ts:49 999New position: (2) [4, 4]
calculateThreateningSquares.ts:49 999New position: (2) [3, 4]
calculateThreateningSquares.ts:49 999New position: (2) [2, 4]
calculateThreateningSquares.ts:49 999New position: (2) [1, 4]
calculateThreateningSquares.ts:49 999New position: (2) [0, 4]
calculateThreateningSquares.ts:31 999Current direction: (2) [1, 0]
calculateThreateningSquares.ts:49 999New position: (2) [8, 4]
calculateThreateningSquares.ts:31 999Current direction: (2) [-1, -1]
calculateThreateningSquares.ts:49 999New position: (2) [6, 3]
calculateThreateningSquares.ts:49 999New position: (2) [5, 2]
calculateThreateningSquares.ts:49 999New position: (2) [4, 1]
calculateThreateningSquares.ts:49 999New position: (2) [3, 0]
calculateThreateningSquares.ts:49 999New position: (2) [2, -1]
calculateThreateningSquares.ts:31 999Current direction: (2) [-1, 1]
calculateThreateningSquares.ts:49 999New position: (2) [6, 5]
calculateThreateningSquares.ts:49 999New position: (2) [5, 6]
calculateThreateningSquares.ts:49 999New position: (2) [4, 7]
calculateThreateningSquares.ts:49 999New position: (2) [3, 8]
calculateThreateningSquares.ts:31 999Current direction: (2) [1, -1]
calculateThreateningSquares.ts:49 999New position: (2) [8, 3]
calculateThreateningSquares.ts:31 999Current direction: (2) [1, 1]
calculateThreateningSquares.ts:49 999New position: (2) [8, 5]
calculateThreateningSquares.ts:31 999Current direction: (2) [-2, -1]
calculateThreateningSquares.ts:37 999New position: (2) [5, 3]
calculateThreateningSquares.ts:31 999Current direction: (2) [-2, 1]
calculateThreateningSquares.ts:37 999New position: (2) [5, 5]
calculateThreateningSquares.ts:31 999Current direction: (2) [2, -1]
calculateThreateningSquares.ts:37 999New position: (2) [9, 3]
calculateThreateningSquares.ts:31 999Current direction: (2) [2, 1]
calculateThreateningSquares.ts:37 999New position: (2) [9, 5]
calculateThreateningSquares.ts:31 999Current direction: (2) [-1, -2]
calculateThreateningSquares.ts:37 999New position: (2) [6, 2]
calculateThreateningSquares.ts:31 999Current direction: (2) [-1, 2]
calculateThreateningSquares.ts:37 999New position: (2) [6, 6]
calculateThreateningSquares.ts:31 999Current direction: (2) [1, -2]
calculateThreateningSquares.ts:37 999New position: (2) [8, 2]
calculateThreateningSquares.ts:31 999Current direction: (2) [1, 2]
calculateThreateningSquares.ts:37 999New position: (2) [8, 6]
calculateThreateningSquares.ts:59 999Calculated squares: (16) [Array(4), Array(3), Array(7), Array(0), Array(4), Array(3), Array(0), Array(0), Array(1), Array(1), Array(0), Array(0), Array(1), Array(1), Array(0), Array(0)]
validMoves.ts:132 debugging 1: 7,3,7,2,7,1,7,0,7,5,7,6,7,7,6,4,5,4,4,4,3,4,2,4,1,4,0,4,,6,3,5,2,4,1,3,0,6,5,5,6,4,7,,,5,3,5,5,,,6,2,6,6,,
isCheck.ts:15 Game State: {board: Array(8), history: Array(0), turn: 'white', username1: null, username2: '', …} Threatening Squares: (16) [Array(4), Array(3), Array(7), Array(0), Array(4), Array(3), Array(0), Array(0), Array(1), Array(1), Array(0), Array(0), Array(1), Array(1), Array(0), Array(0)] Opponent Player Number: 1 Check Position: (2) [7, 4] Piece: {id: 31, type: 'pawn', position: Array(2), color: 'white'} Position: (2) [6, 7] Player Number: 2 Last Position: (2) [5, 7] Match Found In Direction: 2 Current Player Color: white
isCheck.ts:26 7322threateningSquares (16) [Array(4), Array(3), Array(7), Array(0), Array(4), Array(3), Array(0), Array(0), Array(1), Array(1), Array(0), Array(0), Array(1), Array(1), Array(0), Array(0)]
isCheck.ts:27 7322gameState {board: Array(8), history: Array(0), turn: 'white', username1: null, username2: '', …}
isCheck.ts:35 5556pieceLastPosition (2) [5, 7]
isCheck.ts:293 7322gameState.history.length 0
isCheck.ts:92 7322gameState {board: Array(8), history: Array(0), turn: 'white', username1: null, username2: '', …}
isCheck.ts:93 7322piece {id: 31, type: 'pawn', position: Array(2), color: 'white'} undefined
isCheck.ts:94 7322lastPosition (2) [5, 7]
isCheck.ts:95 7322canBlockParams {board: Array(8), history: Array(0), turn: 'white', username1: null, username2: '', …} (16) [Array(4), Array(3), Array(7), Array(0), Array(4), Array(3), Array(0), Array(0), Array(1), Array(1), Array(0), Array(0), Array(1), Array(1), Array(0), Array(0)] (2) [7, 4] black
isCheck.ts:97 7322threateningSquares (16) [Array(4), Array(3), Array(7), Array(0), Array(4), Array(3), Array(0), Array(0), Array(1), Array(1), Array(0), Array(0), Array(1), Array(1), Array(0), Array(0)]
isCheck.ts:75 7322gameState {board: Array(8), history: Array(0), turn: 'white', username1: null, username2: '', …}
isCheck.ts:127 7322currentPlayerPieces (16) [{…}, {…}, {…}, {…}, {…}, {…}, {…}, {…}, {…}, {…}, {…}, {…}, {…}, {…}, {…}, {…}]
isCheck.ts:128 5556threateningSquares (16) [Array(4), Array(3), Array(7), Array(0), Array(4), Array(3), Array(0), Array(0), Array(1), Array(1), Array(0), Array(0), Array(1), Array(1), Array(0), Array(0)] white
isCheck.ts:131 7322threateningSquaresCopy (16) [Array(4), Array(3), Array(7), Array(0), Array(4), Array(3), Array(0), Array(0), Array(1), Array(1), Array(0), Array(0), Array(1), Array(1), Array(0), Array(0)]
isCheck.ts:135 5556Iterating over direction 0
isCheck.ts:146 5556squarePiece (2) [7, 3] {type: 'queen', color: 'white', position: Array(2), hasMoved: false, index: 19} {board: Array(8), history: Array(0), turn: 'white', username1: null, username2: '', …}
isCheck.ts:147 5556Iterating over square 7,3 with squarePiece color white {board: Array(8), history: Array(0), turn: 'white', username1: null, username2: '', …} {type: 'queen', color: 'white', position: Array(2), hasMoved: false, index: 19}
isCheck.ts:155 5556color white black white
isCheck.ts:157 5556Friendly's piece found at square 7,3 white
isCheck.ts:135 5556Iterating over direction 1
isCheck.ts:146 5556squarePiece (2) [7, 5] {type: 'bishop', color: 'white', position: Array(2), hasMoved: false, index: 21} {board: Array(8), history: Array(0), turn: 'white', username1: null, username2: '', …}
isCheck.ts:147 5556Iterating over square 7,5 with squarePiece color white {board: Array(8), history: Array(0), turn: 'white', username1: null, username2: '', …} {type: 'bishop', color: 'white', position: Array(2), hasMoved: false, index: 21}
isCheck.ts:155 5556color white black white
isCheck.ts:157 5556Friendly's piece found at square 7,5 white
isCheck.ts:135 5556Iterating over direction 2
isCheck.ts:146 5556squarePiece (2) [6, 4] {type: 'pawn', color: 'white', position: Array(2), hasMoved: false, index: 28} {board: Array(8), history: Array(0), turn: 'white', username1: null, username2: '', …}
isCheck.ts:147 5556Iterating over square 6,4 with squarePiece color white {board: Array(8), history: Array(0), turn: 'white', username1: null, username2: '', …} {type: 'pawn', color: 'white', position: Array(2), hasMoved: false, index: 28}
isCheck.ts:155 5556color white black white
isCheck.ts:157 5556Friendly's piece found at square 6,4 white
isCheck.ts:135 5556Iterating over direction 3
isCheck.ts:138 5556Row 3 is empty {board: Array(8), history: Array(0), turn: 'white', username1: null, username2: '', …}
isCheck.ts:135 5556Iterating over direction 4
isCheck.ts:146 5556squarePiece (2) [6, 3] {type: 'pawn', color: 'white', position: Array(2), hasMoved: false, index: 27} {board: Array(8), history: Array(0), turn: 'white', username1: null, username2: '', …}
isCheck.ts:147 5556Iterating over square 6,3 with squarePiece color white {board: Array(8), history: Array(0), turn: 'white', username1: null, username2: '', …} {type: 'pawn', color: 'white', position: Array(2), hasMoved: false, index: 27}
isCheck.ts:155 5556color white black white
isCheck.ts:157 5556Friendly's piece found at square 6,3 white
isCheck.ts:135 5556Iterating over direction 5
isCheck.ts:146 5556squarePiece (2) [6, 5] {type: 'pawn', color: 'white', position: Array(2), hasMoved: false, index: 29} {board: Array(8), history: Array(0), turn: 'white', username1: null, username2: '', …}
isCheck.ts:147 5556Iterating over square 6,5 with squarePiece color white {board: Array(8), history: Array(0), turn: 'white', username1: null, username2: '', …} {type: 'pawn', color: 'white', position: Array(2), hasMoved: false, index: 29}
isCheck.ts:155 5556color white black white
isCheck.ts:157 5556Friendly's piece found at square 6,5 white
isCheck.ts:135 5556Iterating over direction 6
isCheck.ts:138 5556Row 6 is empty {board: Array(8), history: Array(0), turn: 'white', username1: null, username2: '', …}
isCheck.ts:135 5556Iterating over direction 7
isCheck.ts:138 5556Row 7 is empty {board: Array(8), history: Array(0), turn: 'white', username1: null, username2: '', …}
isCheck.ts:135 5556Iterating over direction 8
isCheck.ts:146 5556squarePiece (2) [5, 3] {type: 'empty', color: 'none', hasMoved: false, position: Array(0), index: 16} {board: Array(8), history: Array(0), turn: 'white', username1: null, username2: '', …}
isCheck.ts:147 5556Iterating over square 5,3 with squarePiece color none {board: Array(8), history: Array(0), turn: 'white', username1: null, username2: '', …} {type: 'empty', color: 'none', hasMoved: false, position: Array(0), index: 16}
isCheck.ts:150 5556No piece or color at square 5,3
isCheck.ts:135 5556Iterating over direction 9
isCheck.ts:146 5556squarePiece (2) [5, 5] {type: 'empty', color: 'none', hasMoved: false, position: Array(0), index: 16} {board: Array(8), history: Array(0), turn: 'white', username1: null, username2: '', …}
isCheck.ts:147 5556Iterating over square 5,5 with squarePiece color none {board: Array(8), history: Array(0), turn: 'white', username1: null, username2: '', …} {type: 'empty', color: 'none', hasMoved: false, position: Array(0), index: 16}
isCheck.ts:150 5556No piece or color at square 5,5
isCheck.ts:135 5556Iterating over direction 10
isCheck.ts:138 5556Row 10 is empty {board: Array(8), history: Array(0), turn: 'white', username1: null, username2: '', …}
isCheck.ts:135 5556Iterating over direction 11
isCheck.ts:138 5556Row 11 is empty {board: Array(8), history: Array(0), turn: 'white', username1: null, username2: '', …}
isCheck.ts:135 5556Iterating over direction 12
isCheck.ts:146 5556squarePiece (2) [6, 2] {type: 'pawn', color: 'white', position: Array(2), hasMoved: false, index: 26} {board: Array(8), history: Array(0), turn: 'white', username1: null, username2: '', …}
isCheck.ts:147 5556Iterating over square 6,2 with squarePiece color white {board: Array(8), history: Array(0), turn: 'white', username1: null, username2: '', …} {type: 'pawn', color: 'white', position: Array(2), hasMoved: false, index: 26}
isCheck.ts:155 5556color white black white
isCheck.ts:157 5556Friendly's piece found at square 6,2 white
isCheck.ts:135 5556Iterating over direction 13
isCheck.ts:146 5556squarePiece (2) [6, 6] {type: 'pawn', color: 'white', position: Array(2), hasMoved: false, index: 30} {board: Array(8), history: Array(0), turn: 'white', username1: null, username2: '', …}
isCheck.ts:147 5556Iterating over square 6,6 with squarePiece color white {board: Array(8), history: Array(0), turn: 'white', username1: null, username2: '', …} {type: 'pawn', color: 'white', position: Array(2), hasMoved: false, index: 30}
isCheck.ts:155 5556color white black white
isCheck.ts:157 5556Friendly's piece found at square 6,6 white
isCheck.ts:135 5556Iterating over direction 14
isCheck.ts:138 5556Row 14 is empty {board: Array(8), history: Array(0), turn: 'white', username1: null, username2: '', …}
isCheck.ts:135 5556Iterating over direction 15
isCheck.ts:138 5556Row 15 is empty {board: Array(8), history: Array(0), turn: 'white', username1: null, username2: '', …}
isCheck.ts:300 843firstTriggeringOpponentPiece undefined
isCheck.ts:301 843threateningSquares (16) [Array(4), Array(3), Array(7), Array(0), Array(4), Array(3), Array(0), Array(0), Array(1), Array(1), Array(0), Array(0), Array(1), Array(1), Array(0), Array(0)] {board: Array(8), history: Array(0), turn: 'white', username1: null, username2: '', …} undefined -1 true
isCheck.ts:326 843firstTriggeringOpponentPieceIndex: -1
isCheck.ts:327 843slicedCoordinates: []
isCheck.ts:350 843firstTriggeringOpponentPieceIndex -1
isCheck.ts:406 7322isKingInCheck false
isCheck.ts:412 7322King is not in check or checkmate.
isCheck.ts:414 843checkDirection -1 {board: Array(8), history: Array(0), turn: 'white', username1: null, username2: '', …}
validMoves.ts:151 843checkResult {isKingInCheck: false, loser: 'white', slicedThreateningSquares: Array(0), checkDirection: -1, firstTriggeringOpponentPiece: undefined, …} []
validMoves.ts:153 843moves [Array(0)]
validMoves.ts:567 843normalMoves [Array(2)] []
validMoves.ts:569 843normalMoves [Array(2)] []
enPassant.ts:4 Running enPassant function with piece: {id: 31, type: 'pawn', position: Array(2), color: 'white'} and lastPosition: (2) [6, 7]
enPassant.ts:28 enPassantCondition: false enPassantDirection: -1 toX: 6 toY: 7 opponentColor: black
enPassant.ts:44 Was this the opponent's last move? false
validMoves.ts:758 843pawnMove (2) [6, 7]
validMoves.ts:281 843position (2) [6, 7] {board: Array(8), history: Array(0), turn: 'white', username1: null, username2: '', …}
validMoves.ts:381 843currentIndex 31 {type: 'pawn', color: 'white', position: Array(2), hasMoved: false, index: 31} (2) [6, 7]
validMoves.ts:383 tempGameState {board: Array(8), history: Array(0), turn: 'white', username1: null, username2: '', …} 843tempGameState.turn white {board: Array(8), history: Array(0), turn: 'white', username1: null, username2: '', …} (2) [6, 7] (2) [6, 7] {type: 'pawn', color: 'white', position: Array(2), hasMoved: false, index: 31}
validMoves.ts:879 843moves [Array(0)] [Array(2)]
validMoves.ts:887 Checking move 0: []
validMoves.ts:892 Comparing with normalMove 0: (2) [5, 7] [Array(2)]
validMoves.ts:915 Move 0 not found in normalMoves, errorFound set to true
validMoves.ts:921 Some moves may have inconsistent format, but proceeding anyway
overrideMethod @ hook.js:608
validMoves @ validMoves.ts:921
(anonymous) @ aiEngine.ts:40
getRandomMove @ aiEngine.ts:35
getAIMove @ aiEngine.ts:18
makeAIMove @ App.tsx:296
await in makeAIMove
(anonymous) @ App.tsx:378
(anonymous) @ App.tsx:388
setTimeout
(anonymous) @ App.tsx:387
commitHookEffectListMount @ chunk-X3B7SAOS.js?v=3151037c:16904
commitPassiveMountOnFiber @ chunk-X3B7SAOS.js?v=3151037c:18152
commitPassiveMountEffects_complete @ chunk-X3B7SAOS.js?v=3151037c:18125
commitPassiveMountEffects_begin @ chunk-X3B7SAOS.js?v=3151037c:18115
commitPassiveMountEffects @ chunk-X3B7SAOS.js?v=3151037c:18105
flushPassiveEffectsImpl @ chunk-X3B7SAOS.js?v=3151037c:19486
flushPassiveEffects @ chunk-X3B7SAOS.js?v=3151037c:19443
performSyncWorkOnRoot @ chunk-X3B7SAOS.js?v=3151037c:18864
flushSyncCallbacks @ chunk-X3B7SAOS.js?v=3151037c:9135
commitRootImpl @ chunk-X3B7SAOS.js?v=3151037c:19428
commitRoot @ chunk-X3B7SAOS.js?v=3151037c:19273
finishConcurrentRender @ chunk-X3B7SAOS.js?v=3151037c:18801
performConcurrentWorkOnRoot @ chunk-X3B7SAOS.js?v=3151037c:18714
workLoop @ chunk-X3B7SAOS.js?v=3151037c:197
flushWork @ chunk-X3B7SAOS.js?v=3151037c:176
performWorkUntilDeadline @ chunk-X3B7SAOS.js?v=3151037c:384
App.tsx:297 AI selected move: {piece: {…}, from: Array(2), to: Array(2)}
App.tsx:314 Error in AI move: ReferenceError: startPosition is not defined
    at makeAIMove (App.tsx:307:13)
overrideMethod @ hook.js:608
makeAIMove @ App.tsx:314
await in makeAIMove
(anonymous) @ App.tsx:378
(anonymous) @ App.tsx:388
setTimeout
(anonymous) @ App.tsx:387
commitHookEffectListMount @ chunk-X3B7SAOS.js?v=3151037c:16904
commitPassiveMountOnFiber @ chunk-X3B7SAOS.js?v=3151037c:18152
commitPassiveMountEffects_complete @ chunk-X3B7SAOS.js?v=3151037c:18125
commitPassiveMountEffects_begin @ chunk-X3B7SAOS.js?v=3151037c:18115
commitPassiveMountEffects @ chunk-X3B7SAOS.js?v=3151037c:18105
flushPassiveEffectsImpl @ chunk-X3B7SAOS.js?v=3151037c:19486
flushPassiveEffects @ chunk-X3B7SAOS.js?v=3151037c:19443
performSyncWorkOnRoot @ chunk-X3B7SAOS.js?v=3151037c:18864
flushSyncCallbacks @ chunk-X3B7SAOS.js?v=3151037c:9135
commitRootImpl @ chunk-X3B7SAOS.js?v=3151037c:19428
commitRoot @ chunk-X3B7SAOS.js?v=3151037c:19273
finishConcurrentRender @ chunk-X3B7SAOS.js?v=3151037c:18801
performConcurrentWorkOnRoot @ chunk-X3B7SAOS.js?v=3151037c:18714
workLoop @ chunk-X3B7SAOS.js?v=3151037c:197
flushWork @ chunk-X3B7SAOS.js?v=3151037c:176
performWorkUntilDeadline @ chunk-X3B7SAOS.js?v=3151037c:384
Chess.tsx:41 roomCode ai-7739 props object
Chess.tsx:47 761currentPlayerColor black {board: Array(8), history: Array(0), turn: 'white', username1: null, username2: '', …}
Chess.tsx:50 761isKingInCheck false false
Chess.tsx:51 761props.gameState {board: Array(8), history: Array(0), turn: 'white', username1: null, username2: '', …}
Chess.tsx:722 loser black
Chess.tsx:723 turnState2 0
Chess.tsx:725 761props.gameState {board: Array(8), history: Array(0), turn: 'white', username1: null, username2: '', …}
Chess.tsx:728 761isCurrentPlayerInCheck false {black: false, white: false, direction: -1}
Chess.tsx:41 roomCode ai-7739 props object
Chess.tsx:47 761currentPlayerColor black {board: Array(8), history: Array(0), turn: 'white', username1: null, username2: '', …}
Chess.tsx:50 761isKingInCheck false false
Chess.tsx:51 761props.gameState {board: Array(8), history: Array(0), turn: 'white', username1: null, username2: '', …}
Chess.tsx:722 loser black
Chess.tsx:723 turnState2 0
Chess.tsx:725 761props.gameState {board: Array(8), history: Array(0), turn: 'white', username1: null, username2: '', …}
Chess.tsx:728 761isCurrentPlayerInCheck false {black: false, white: false, direction: -1}
App.tsx:361 Checking AI move conditions: {playingAgainstAI: true, playerNumber: 1, turnState: 0, isAIGame: undefined, currentTurn: 'white'}
App.tsx:377 AI's turn confirmed - initiating AI move
App.tsx:271 AI move already in progress, skipping
Piece.tsx:22 Piece: {type: 'pawn', color: 'black', position: Array(2), hasMoved: false, index: 13}
Piece.tsx:23 Position: (2) [1, 5]
Chess.tsx:59 handleDragStart
Chess.tsx:60 turnState 0 playerNumber 1
Chess.tsx:77 handleDragEnter
Chess.tsx:78 DragEnterPosition (2) [1, 5] {board: Array(8), history: Array(0), turn: 'white', username1: null, username2: '', …}
Chess.tsx:83 handleDragOver
Chess.tsx:87 DragOverPosition (2) [1, 5] {board: Array(8), history: Array(0), turn: 'white', username1: null, username2: '', …}
Chess.tsx:83 handleDragOver
Chess.tsx:87 DragOverPosition (2) [1, 5] {board: Array(8), history: Array(0), turn: 'white', username1: null, username2: '', …}
Chess.tsx:83 handleDragOver
Chess.tsx:87 DragOverPosition (2) [1, 5] {board: Array(8), history: Array(0), turn: 'white', username1: null, username2: '', …}
Chess.tsx:83 handleDragOver
Chess.tsx:87 DragOverPosition (2) [1, 5] {board: Array(8), history: Array(0), turn: 'white', username1: null, username2: '', …}
Chess.tsx:83 handleDragOver
Chess.tsx:87 DragOverPosition (2) [1, 5] {board: Array(8), history: Array(0), turn: 'white', username1: null, username2: '', …}
Chess.tsx:83 handleDragOver
Chess.tsx:87 DragOverPosition (2) [1, 5] {board: Array(8), history: Array(0), turn: 'white', username1: null, username2: '', …}
Chess.tsx:83 handleDragOver
Chess.tsx:87 DragOverPosition (2) [1, 5] {board: Array(8), history: Array(0), turn: 'white', username1: null, username2: '', …}
Chess.tsx:83 handleDragOver
Chess.tsx:87 DragOverPosition (2) [1, 5] {board: Array(8), history: Array(0), turn: 'white', username1: null, username2: '', …}
Chess.tsx:83 handleDragOver
Chess.tsx:87 DragOverPosition (2) [1, 5] {board: Array(8), history: Array(0), turn: 'white', username1: null, username2: '', …}
Chess.tsx:83 handleDragOver
Chess.tsx:87 DragOverPosition (2) [1, 5] {board: Array(8), history: Array(0), turn: 'white', username1: null, username2: '', …}
Chess.tsx:83 handleDragOver
Chess.tsx:87 DragOverPosition (2) [1, 5] {board: Array(8), history: Array(0), turn: 'white', username1: null, username2: '', …}
Chess.tsx:83 handleDragOver
Chess.tsx:87 DragOverPosition (2) [1, 5] {board: Array(8), history: Array(0), turn: 'white', username1: null, username2: '', …}
Chess.tsx:83 handleDragOver
Chess.tsx:87 DragOverPosition (2) [1, 5] {board: Array(8), history: Array(0), turn: 'white', username1: null, username2: '', …}
Chess.tsx:83 handleDragOver
Chess.tsx:87 DragOverPosition (2) [1, 5] {board: Array(8), history: Array(0), turn: 'white', username1: null, username2: '', …}
Chess.tsx:83 handleDragOver
Chess.tsx:87 DragOverPosition (2) [1, 5] {board: Array(8), history: Array(0), turn: 'white', username1: null, username2: '', …}
Chess.tsx:83 handleDragOver
Chess.tsx:87 DragOverPosition (2) [1, 5] {board: Array(8), history: Array(0), turn: 'white', username1: null, username2: '', …}
Chess.tsx:83 handleDragOver
Chess.tsx:87 DragOverPosition (2) [1, 5] {board: Array(8), history: Array(0), turn: 'white', username1: null, username2: '', …}
Chess.tsx:83 handleDragOver
Chess.tsx:87 DragOverPosition (2) [1, 5] {board: Array(8), history: Array(0), turn: 'white', username1: null, username2: '', …}
Chess.tsx:83 handleDragOver
Chess.tsx:87 DragOverPosition (2) [1, 5] {board: Array(8), history: Array(0), turn: 'white', username1: null, username2: '', …}
Chess.tsx:83 handleDragOver
Chess.tsx:87 DragOverPosition (2) [1, 5] {board: Array(8), history: Array(0), turn: 'white', username1: null, username2: '', …}
Chess.tsx:83 handleDragOver
Chess.tsx:87 DragOverPosition (2) [1, 5] {board: Array(8), history: Array(0), turn: 'white', username1: null, username2: '', …}
Chess.tsx:83 handleDragOver
Chess.tsx:87 DragOverPosition (2) [1, 5] {board: Array(8), history: Array(0), turn: 'white', username1: null, username2: '', …}
Chess.tsx:83 handleDragOver
Chess.tsx:87 DragOverPosition (2) [1, 5] {board: Array(8), history: Array(0), turn: 'white', username1: null, username2: '', …}
Chess.tsx:83 handleDragOver
Chess.tsx:87 DragOverPosition (2) [1, 5] {board: Array(8), history: Array(0), turn: 'white', username1: null, username2: '', …}
Chess.tsx:83 handleDragOver
Chess.tsx:87 DragOverPosition (2) [1, 5] {board: Array(8), history: Array(0), turn: 'white', username1: null, username2: '', …}
Chess.tsx:83 handleDragOver
Chess.tsx:87 DragOverPosition (2) [1, 5] {board: Array(8), history: Array(0), turn: 'white', username1: null, username2: '', …}
Chess.tsx:83 handleDragOver
Chess.tsx:87 DragOverPosition (2) [1, 5] {board: Array(8), history: Array(0), turn: 'white', username1: null, username2: '', …}
Chess.tsx:83 handleDragOver
Chess.tsx:87 DragOverPosition (2) [1, 5] {board: Array(8), history: Array(0), turn: 'white', username1: null, username2: '', …}
Chess.tsx:83 handleDragOver
Chess.tsx:87 DragOverPosition (2) [1, 5] {board: Array(8), history: Array(0), turn: 'white', username1: null, username2: '', …}
Chess.tsx:77 handleDragEnter
Chess.tsx:78 DragEnterPosition (2) [1, 5] {board: Array(8), history: Array(0), turn: 'white', username1: null, username2: '', …}
Chess.tsx:83 handleDragOver
Chess.tsx:87 DragOverPosition (2) [1, 5] {board: Array(8), history: Array(0), turn: 'white', username1: null, username2: '', …}
Chess.tsx:83 handleDragOver
Chess.tsx:87 DragOverPosition (2) [1, 5] {board: Array(8), history: Array(0), turn: 'white', username1: null, username2: '', …}
Chess.tsx:83 handleDragOver
Chess.tsx:87 DragOverPosition (2) [1, 5] {board: Array(8), history: Array(0), turn: 'white', username1: null, username2: '', …}
Chess.tsx:83 handleDragOver
Chess.tsx:87 DragOverPosition (2) [1, 5] {board: Array(8), history: Array(0), turn: 'white', username1: null, username2: '', …}
Chess.tsx:83 handleDragOver
Chess.tsx:87 DragOverPosition (2) [1, 5] {board: Array(8), history: Array(0), turn: 'white', username1: null, username2: '', …}
Chess.tsx:83 handleDragOver
Chess.tsx:87 DragOverPosition (2) [1, 5] {board: Array(8), history: Array(0), turn: 'white', username1: null, username2: '', …}
Chess.tsx:83 handleDragOver
Chess.tsx:87 DragOverPosition (2) [1, 5] {board: Array(8), history: Array(0), turn: 'white', username1: null, username2: '', …}
Chess.tsx:77 handleDragEnter
Chess.tsx:78 DragEnterPosition (2) [2, 5] {board: Array(8), history: Array(0), turn: 'white', username1: null, username2: '', …}
Chess.tsx:83 handleDragOver
Chess.tsx:87 DragOverPosition (2) [2, 5] {board: Array(8), history: Array(0), turn: 'white', username1: null, username2: '', …}
Chess.tsx:83 handleDragOver
Chess.tsx:87 DragOverPosition (2) [2, 5] {board: Array(8), history: Array(0), turn: 'white', username1: null, username2: '', …}
Chess.tsx:83 handleDragOver
Chess.tsx:87 DragOverPosition (2) [2, 5] {board: Array(8), history: Array(0), turn: 'white', username1: null, username2: '', …}
Chess.tsx:83 handleDragOver
Chess.tsx:87 DragOverPosition (2) [2, 5] {board: Array(8), history: Array(0), turn: 'white', username1: null, username2: '', …}
Chess.tsx:83 handleDragOver
Chess.tsx:87 DragOverPosition (2) [2, 5] {board: Array(8), history: Array(0), turn: 'white', username1: null, username2: '', …}
Chess.tsx:83 handleDragOver
Chess.tsx:87 DragOverPosition (2) [2, 5] {board: Array(8), history: Array(0), turn: 'white', username1: null, username2: '', …}
Chess.tsx:83 handleDragOver
Chess.tsx:87 DragOverPosition (2) [2, 5] {board: Array(8), history: Array(0), turn: 'white', username1: null, username2: '', …}
Chess.tsx:83 handleDragOver
Chess.tsx:87 DragOverPosition (2) [2, 5] {board: Array(8), history: Array(0), turn: 'white', username1: null, username2: '', …}
Chess.tsx:83 handleDragOver
Chess.tsx:87 DragOverPosition (2) [2, 5] {board: Array(8), history: Array(0), turn: 'white', username1: null, username2: '', …}
Chess.tsx:83 handleDragOver
Chess.tsx:87 DragOverPosition (2) [2, 5] {board: Array(8), history: Array(0), turn: 'white', username1: null, username2: '', …}
Chess.tsx:83 handleDragOver
Chess.tsx:87 DragOverPosition (2) [2, 5] {board: Array(8), history: Array(0), turn: 'white', username1: null, username2: '', …}
Chess.tsx:83 handleDragOver
Chess.tsx:87 DragOverPosition (2) [2, 5] {board: Array(8), history: Array(0), turn: 'white', username1: null, username2: '', …}
Chess.tsx:83 handleDragOver
Chess.tsx:87 DragOverPosition (2) [2, 5] {board: Array(8), history: Array(0), turn: 'white', username1: null, username2: '', …}
Chess.tsx:83 handleDragOver
Chess.tsx:87 DragOverPosition (2) [2, 5] {board: Array(8), history: Array(0), turn: 'white', username1: null, username2: '', …}
Chess.tsx:83 handleDragOver
Chess.tsx:87 DragOverPosition (2) [2, 5] {board: Array(8), history: Array(0), turn: 'white', username1: null, username2: '', …}
Chess.tsx:83 handleDragOver
Chess.tsx:87 DragOverPosition (2) [2, 5] {board: Array(8), history: Array(0), turn: 'white', username1: null, username2: '', …}
Chess.tsx:83 handleDragOver
Chess.tsx:87 DragOverPosition (2) [2, 5] {board: Array(8), history: Array(0), turn: 'white', username1: null, username2: '', …}
Chess.tsx:83 handleDragOver
Chess.tsx:87 DragOverPosition (2) [2, 5] {board: Array(8), history: Array(0), turn: 'white', username1: null, username2: '', …}
Chess.tsx:83 handleDragOver
Chess.tsx:87 DragOverPosition (2) [2, 5] {board: Array(8), history: Array(0), turn: 'white', username1: null, username2: '', …}
Chess.tsx:83 handleDragOver
Chess.tsx:87 DragOverPosition (2) [2, 5] {board: Array(8), history: Array(0), turn: 'white', username1: null, username2: '', …}
Chess.tsx:83 handleDragOver
Chess.tsx:87 DragOverPosition (2) [2, 5] {board: Array(8), history: Array(0), turn: 'white', username1: null, username2: '', …}
Chess.tsx:83 handleDragOver
Chess.tsx:87 DragOverPosition (2) [2, 5] {board: Array(8), history: Array(0), turn: 'white', username1: null, username2: '', …}
Chess.tsx:83 handleDragOver
Chess.tsx:87 DragOverPosition (2) [2, 5] {board: Array(8), history: Array(0), turn: 'white', username1: null, username2: '', …}
Chess.tsx:92 761handleDropProps.gameState {board: Array(8), history: Array(0), turn: 'white', username1: null, username2: '', …}
Chess.tsx:93 handleDrop
Chess.tsx:95 handleDropPieceData 
Chess.tsx:97 handleDropNo piece data
overrideMethod @ hook.js:608
handleDrop @ Chess.tsx:97
onDrop @ Square.tsx:65
callCallback2 @ chunk-X3B7SAOS.js?v=3151037c:3674
invokeGuardedCallbackDev @ chunk-X3B7SAOS.js?v=3151037c:3699
invokeGuardedCallback @ chunk-X3B7SAOS.js?v=3151037c:3733
invokeGuardedCallbackAndCatchFirstError @ chunk-X3B7SAOS.js?v=3151037c:3736
executeDispatch @ chunk-X3B7SAOS.js?v=3151037c:7016
processDispatchQueueItemsInOrder @ chunk-X3B7SAOS.js?v=3151037c:7036
processDispatchQueue @ chunk-X3B7SAOS.js?v=3151037c:7045
dispatchEventsForPlugins @ chunk-X3B7SAOS.js?v=3151037c:7053
(anonymous) @ chunk-X3B7SAOS.js?v=3151037c:7177
batchedUpdates$1 @ chunk-X3B7SAOS.js?v=3151037c:18909
batchedUpdates @ chunk-X3B7SAOS.js?v=3151037c:3579
dispatchEventForPluginEventSystem @ chunk-X3B7SAOS.js?v=3151037c:7176
dispatchEventWithEnableCapturePhaseSelectiveHydrationWithoutDiscreteEventReplay @ chunk-X3B7SAOS.js?v=3151037c:5478
dispatchEvent @ chunk-X3B7SAOS.js?v=3151037c:5472
dispatchDiscreteEvent @ chunk-X3B7SAOS.js?v=3151037c:5449
Piece.tsx:22 Piece: {type: 'pawn', color: 'white', position: Array(2), hasMoved: false, index: 29}
Piece.tsx:23 Position: (2) [6, 5]
Chess.tsx:59 handleDragStart
Chess.tsx:60 turnState 0 playerNumber 1
Chess.tsx:77 handleDragEnter
Chess.tsx:78 DragEnterPosition (2) [6, 5] {board: Array(8), history: Array(0), turn: 'white', username1: null, username2: '', …}
Chess.tsx:83 handleDragOver
Chess.tsx:87 DragOverPosition (2) [6, 5] {board: Array(8), history: Array(0), turn: 'white', username1: null, username2: '', …}
Chess.tsx:83 handleDragOver
Chess.tsx:87 DragOverPosition (2) [6, 5] {board: Array(8), history: Array(0), turn: 'white', username1: null, username2: '', …}
Chess.tsx:83 handleDragOver
Chess.tsx:87 DragOverPosition (2) [6, 5] {board: Array(8), history: Array(0), turn: 'white', username1: null, username2: '', …}
Chess.tsx:83 handleDragOver
Chess.tsx:87 DragOverPosition (2) [6, 5] {board: Array(8), history: Array(0), turn: 'white', username1: null, username2: '', …}
Chess.tsx:83 handleDragOver
Chess.tsx:87 DragOverPosition (2) [6, 5] {board: Array(8), history: Array(0), turn: 'white', username1: null, username2: '', …}
Chess.tsx:83 handleDragOver
Chess.tsx:87 DragOverPosition (2) [6, 5] {board: Array(8), history: Array(0), turn: 'white', username1: null, username2: '', …}
Chess.tsx:83 handleDragOver
Chess.tsx:87 DragOverPosition (2) [6, 5] {board: Array(8), history: Array(0), turn: 'white', username1: null, username2: '', …}
Chess.tsx:83 handleDragOver
Chess.tsx:87 DragOverPosition (2) [6, 5] {board: Array(8), history: Array(0), turn: 'white', username1: null, username2: '', …}
Chess.tsx:83 handleDragOver
Chess.tsx:87 DragOverPosition (2) [6, 5] {board: Array(8), history: Array(0), turn: 'white', username1: null, username2: '', …}
Chess.tsx:83 handleDragOver
Chess.tsx:87 DragOverPosition (2) [6, 5] {board: Array(8), history: Array(0), turn: 'white', username1: null, username2: '', …}
Chess.tsx:83 handleDragOver
Chess.tsx:87 DragOverPosition (2) [6, 5] {board: Array(8), history: Array(0), turn: 'white', username1: null, username2: '', …}
Chess.tsx:83 handleDragOver
Chess.tsx:87 DragOverPosition (2) [6, 5] {board: Array(8), history: Array(0), turn: 'white', username1: null, username2: '', …}
Chess.tsx:83 handleDragOver
Chess.tsx:87 DragOverPosition (2) [6, 5] {board: Array(8), history: Array(0), turn: 'white', username1: null, username2: '', …}
Chess.tsx:83 handleDragOver
Chess.tsx:87 DragOverPosition (2) [6, 5] {board: Array(8), history: Array(0), turn: 'white', username1: null, username2: '', …}
Chess.tsx:83 handleDragOver
Chess.tsx:87 DragOverPosition (2) [6, 5] {board: Array(8), history: Array(0), turn: 'white', username1: null, username2: '', …}
Chess.tsx:83 handleDragOver
Chess.tsx:87 DragOverPosition (2) [6, 5] {board: Array(8), history: Array(0), turn: 'white', username1: null, username2: '', …}
Chess.tsx:83 handleDragOver
Chess.tsx:87 DragOverPosition (2) [6, 5] {board: Array(8), history: Array(0), turn: 'white', username1: null, username2: '', …}
Chess.tsx:83 handleDragOver
Chess.tsx:87 DragOverPosition (2) [6, 5] {board: Array(8), history: Array(0), turn: 'white', username1: null, username2: '', …}
Chess.tsx:83 handleDragOver
Chess.tsx:87 DragOverPosition (2) [6, 5] {board: Array(8), history: Array(0), turn: 'white', username1: null, username2: '', …}
Chess.tsx:77 handleDragEnter
Chess.tsx:78 DragEnterPosition (2) [5, 5] {board: Array(8), history: Array(0), turn: 'white', username1: null, username2: '', …}
Chess.tsx:83 handleDragOver
Chess.tsx:87 DragOverPosition (2) [5, 5] {board: Array(8), history: Array(0), turn: 'white', username1: null, username2: '', …}
Chess.tsx:83 handleDragOver
Chess.tsx:87 DragOverPosition (2) [5, 5] {board: Array(8), history: Array(0), turn: 'white', username1: null, username2: '', …}
Chess.tsx:83 handleDragOver
Chess.tsx:87 DragOverPosition (2) [5, 5] {board: Array(8), history: Array(0), turn: 'white', username1: null, username2: '', …}
Chess.tsx:83 handleDragOver
Chess.tsx:87 DragOverPosition (2) [5, 5] {board: Array(8), history: Array(0), turn: 'white', username1: null, username2: '', …}
Chess.tsx:83 handleDragOver
Chess.tsx:87 DragOverPosition (2) [5, 5] {board: Array(8), history: Array(0), turn: 'white', username1: null, username2: '', …}
Chess.tsx:83 handleDragOver
Chess.tsx:87 DragOverPosition (2) [5, 5] {board: Array(8), history: Array(0), turn: 'white', username1: null, username2: '', …}
Chess.tsx:83 handleDragOver
Chess.tsx:87 DragOverPosition (2) [5, 5] {board: Array(8), history: Array(0), turn: 'white', username1: null, username2: '', …}
Chess.tsx:83 handleDragOver
Chess.tsx:87 DragOverPosition (2) [5, 5] {board: Array(8), history: Array(0), turn: 'white', username1: null, username2: '', …}
Chess.tsx:77 handleDragEnter
Chess.tsx:78 DragEnterPosition (2) [5, 4] {board: Array(8), history: Array(0), turn: 'white', username1: null, username2: '', …}
Chess.tsx:83 handleDragOver
Chess.tsx:87 DragOverPosition (2) [5, 4] {board: Array(8), history: Array(0), turn: 'white', username1: null, username2: '', …}
Chess.tsx:83 handleDragOver
Chess.tsx:87 DragOverPosition (2) [5, 4] {board: Array(8), history: Array(0), turn: 'white', username1: null, username2: '', …}
Chess.tsx:83 handleDragOver
Chess.tsx:87 DragOverPosition (2) [5, 4] {board: Array(8), history: Array(0), turn: 'white', username1: null, username2: '', …}
Chess.tsx:83 handleDragOver
Chess.tsx:87 DragOverPosition (2) [5, 4] {board: Array(8), history: Array(0), turn: 'white', username1: null, username2: '', …}
Chess.tsx:83 handleDragOver
Chess.tsx:87 DragOverPosition (2) [5, 4] {board: Array(8), history: Array(0), turn: 'white', username1: null, username2: '', …}
Chess.tsx:83 handleDragOver
Chess.tsx:87 DragOverPosition (2) [5, 4] {board: Array(8), history: Array(0), turn: 'white', username1: null, username2: '', …}
Chess.tsx:83 handleDragOver
Chess.tsx:87 DragOverPosition (2) [5, 4] {board: Array(8), history: Array(0), turn: 'white', username1: null, username2: '', …}
Chess.tsx:83 handleDragOver
Chess.tsx:87 DragOverPosition (2) [5, 4] {board: Array(8), history: Array(0), turn: 'white', username1: null, username2: '', …}
Chess.tsx:83 handleDragOver
Chess.tsx:87 DragOverPosition (2) [5, 4] {board: Array(8), history: Array(0), turn: 'white', username1: null, username2: '', …}
Chess.tsx:83 handleDragOver
Chess.tsx:87 DragOverPosition (2) [5, 4] {board: Array(8), history: Array(0), turn: 'white', username1: null, username2: '', …}
Chess.tsx:83 handleDragOver
Chess.tsx:87 DragOverPosition (2) [5, 4] {board: Array(8), history: Array(0), turn: 'white', username1: null, username2: '', …}
Chess.tsx:83 handleDragOver
Chess.tsx:87 DragOverPosition (2) [5, 4] {board: Array(8), history: Array(0), turn: 'white', username1: null, username2: '', …}
Chess.tsx:83 handleDragOver
Chess.tsx:87 DragOverPosition (2) [5, 4] {board: Array(8), history: Array(0), turn: 'white', username1: null, username2: '', …}
Chess.tsx:83 handleDragOver
Chess.tsx:87 DragOverPosition (2) [5, 4] {board: Array(8), history: Array(0), turn: 'white', username1: null, username2: '', …}
Chess.tsx:83 handleDragOver
Chess.tsx:87 DragOverPosition (2) [5, 4] {board: Array(8), history: Array(0), turn: 'white', username1: null, username2: '', …}
Chess.tsx:83 handleDragOver
Chess.tsx:87 DragOverPosition (2) [5, 4] {board: Array(8), history: Array(0), turn: 'white', username1: null, username2: '', …}
Chess.tsx:83 handleDragOver
Chess.tsx:87 DragOverPosition (2) [5, 4] {board: Array(8), history: Array(0), turn: 'white', username1: null, username2: '', …}
Chess.tsx:83 handleDragOver
Chess.tsx:87 DragOverPosition (2) [5, 4] {board: Array(8), history: Array(0), turn: 'white', username1: null, username2: '', …}
Chess.tsx:83 handleDragOver
Chess.tsx:87 DragOverPosition (2) [5, 4] {board: Array(8), history: Array(0), turn: 'white', username1: null, username2: '', …}
Chess.tsx:83 handleDragOver
Chess.tsx:87 DragOverPosition (2) [5, 4] {board: Array(8), history: Array(0), turn: 'white', username1: null, username2: '', …}
Chess.tsx:83 handleDragOver
Chess.tsx:87 DragOverPosition (2) [5, 4] {board: Array(8), history: Array(0), turn: 'white', username1: null, username2: '', …}
Chess.tsx:83 handleDragOver
Chess.tsx:87 DragOverPosition (2) [5, 4] {board: Array(8), history: Array(0), turn: 'white', username1: null, username2: '', …}
Chess.tsx:83 handleDragOver
Chess.tsx:87 DragOverPosition (2) [5, 4] {board: Array(8), history: Array(0), turn: 'white', username1: null, username2: '', …}
Chess.tsx:83 handleDragOver
Chess.tsx:87 DragOverPosition (2) [5, 4] {board: Array(8), history: Array(0), turn: 'white', username1: null, username2: '', …}
Chess.tsx:83 handleDragOver
Chess.tsx:87 DragOverPosition (2) [5, 4] {board: Array(8), history: Array(0), turn: 'white', username1: null, username2: '', …}
Chess.tsx:83 handleDragOver
Chess.tsx:87 DragOverPosition (2) [5, 4] {board: Array(8), history: Array(0), turn: 'white', username1: null, username2: '', …}
Chess.tsx:83 handleDragOver
Chess.tsx:87 DragOverPosition (2) [5, 4] {board: Array(8), history: Array(0), turn: 'white', username1: null, username2: '', …}
Chess.tsx:83 handleDragOver
Chess.tsx:87 DragOverPosition (2) [5, 4] {board: Array(8), history: Array(0), turn: 'white', username1: null, username2: '', …}
Chess.tsx:92 761handleDropProps.gameState {board: Array(8), history: Array(0), turn: 'white', username1: null, username2: '', …}
Chess.tsx:93 handleDrop
Chess.tsx:95 handleDropPieceData 
Chess.tsx:97 handleDropNo piece data
overrideMethod @ hook.js:608
handleDrop @ Chess.tsx:97
onDrop @ Square.tsx:65
callCallback2 @ chunk-X3B7SAOS.js?v=3151037c:3674
invokeGuardedCallbackDev @ chunk-X3B7SAOS.js?v=3151037c:3699
invokeGuardedCallback @ chunk-X3B7SAOS.js?v=3151037c:3733
invokeGuardedCallbackAndCatchFirstError @ chunk-X3B7SAOS.js?v=3151037c:3736
executeDispatch @ chunk-X3B7SAOS.js?v=3151037c:7016
processDispatchQueueItemsInOrder @ chunk-X3B7SAOS.js?v=3151037c:7036
processDispatchQueue @ chunk-X3B7SAOS.js?v=3151037c:7045
dispatchEventsForPlugins @ chunk-X3B7SAOS.js?v=3151037c:7053
(anonymous) @ chunk-X3B7SAOS.js?v=3151037c:7177
batchedUpdates$1 @ chunk-X3B7SAOS.js?v=3151037c:18909
batchedUpdates @ chunk-X3B7SAOS.js?v=3151037c:3579
dispatchEventForPluginEventSystem @ chunk-X3B7SAOS.js?v=3151037c:7176
dispatchEventWithEnableCapturePhaseSelectiveHydrationWithoutDiscreteEventReplay @ chunk-X3B7SAOS.js?v=3151037c:5478
dispatchEvent @ chunk-X3B7SAOS.js?v=3151037c:5472
dispatchDiscreteEvent @ chunk-X3B7SAOS.js?v=3151037c:5449
