999Calculated squares: (16) [Array(4), Array(3), Array(7), Array(0), Array(4), Array(3), Array(0), Array(0), Array(1), Array(1), Array(0), Array(0), Array(1), Array(1), Array(0), Array(0)]
validMoves.ts:132 debugging 1: 7,3,7,2,7,1,7,0,7,5,7,6,7,7,6,4,5,4,4,4,3,4,2,4,1,4,0,4,,6,3,5,2,4,1,3,0,6,5,5,6,4,7,,,5,3,5,5,,,6,2,6,6,,
isCheck.ts:15 Game State: {board: Array(8), history: Array(12), turn: 'white', username1: null, username2: '', …} Threatening Squares: (16) [Array(4), Array(3), Array(7), Array(0), Array(4), Array(3), Array(0), Array(0), Array(1), Array(1), Array(0), Array(0), Array(1), Array(1), Array(0), Array(0)] Opponent Player Number: 1 Check Position: (2) [7, 4] Piece: {id: 26, type: 'pawn', position: Array(2), color: 'white', hasMoved: true} Position: (2) [5, 2] Player Number: 2 Last Position: (2) [4, 3] Match Found In Direction: 1 Current Player Color: white
isCheck.ts:26 7322threateningSquares (16) [Array(4), Array(3), Array(7), Array(0), Array(4), Array(3), Array(0), Array(0), Array(1), Array(1), Array(0), Array(0), Array(1), Array(1), Array(0), Array(0)]
isCheck.ts:27 7322gameState {board: Array(8), history: Array(12), turn: 'white', username1: null, username2: '', …}
isCheck.ts:35 5556pieceLastPosition (2) [4, 3]
isCheck.ts:293 7322gameState.history.length 12
isCheck.ts:92 7322gameState {board: Array(8), history: Array(12), turn: 'white', username1: null, username2: '', …}
isCheck.ts:93 7322piece {id: 26, type: 'pawn', position: Array(2), color: 'white', hasMoved: true} undefined
isCheck.ts:94 7322lastPosition (2) [4, 3]
isCheck.ts:95 7322canBlockParams {board: Array(8), history: Array(12), turn: 'white', username1: null, username2: '', …} (16) [Array(4), Array(3), Array(7), Array(0), Array(4), Array(3), Array(0), Array(0), Array(1), Array(1), Array(0), Array(0), Array(1), Array(1), Array(0), Array(0)] (2) [7, 4] black
isCheck.ts:97 7322threateningSquares (16) [Array(4), Array(3), Array(7), Array(0), Array(4), Array(3), Array(0), Array(0), Array(1), Array(1), Array(0), Array(0), Array(1), Array(1), Array(0), Array(0)]
isCheck.ts:75 7322gameState {board: Array(8), history: Array(12), turn: 'white', username1: null, username2: '', …}
isCheck.ts:127 7322currentPlayerPieces (15) [{…}, {…}, {…}, {…}, {…}, {…}, {…}, {…}, {…}, {…}, {…}, {…}, {…}, {…}, {…}]
isCheck.ts:128 5556threateningSquares (16) [Array(4), Array(3), Array(7), Array(0), Array(4), Array(3), Array(0), Array(0), Array(1), Array(1), Array(0), Array(0), Array(1), Array(1), Array(0), Array(0)] white
isCheck.ts:131 7322threateningSquaresCopy (16) [Array(4), Array(3), Array(7), Array(0), Array(4), Array(3), Array(0), Array(0), Array(1), Array(1), Array(0), Array(0), Array(1), Array(1), Array(0), Array(0)]
isCheck.ts:135 5556Iterating over direction 0
isCheck.ts:146 5556squarePiece (2) [7, 3] {type: 'empty', color: 'none', hasMoved: false, position: Array(2), index: -1} {board: Array(8), history: Array(12), turn: 'white', username1: null, username2: '', …}
isCheck.ts:147 5556Iterating over square 7,3 with squarePiece color none {board: Array(8), history: Array(12), turn: 'white', username1: null, username2: '', …} {type: 'empty', color: 'none', hasMoved: false, position: Array(2), index: -1}
isCheck.ts:150 5556No piece or color at square 7,3
isCheck.ts:146 5556squarePiece (2) [7, 2] {type: 'bishop', color: 'white', position: Array(2), hasMoved: false, index: 18} {board: Array(8), history: Array(12), turn: 'white', username1: null, username2: '', …}
isCheck.ts:147 5556Iterating over square 7,2 with squarePiece color white {board: Array(8), history: Array(12), turn: 'white', username1: null, username2: '', …} {type: 'bishop', color: 'white', position: Array(2), hasMoved: false, index: 18}
isCheck.ts:155 5556color white black white
isCheck.ts:157 5556Friendly's piece found at square 7,2 white
isCheck.ts:135 5556Iterating over direction 1
isCheck.ts:146 5556squarePiece (2) [7, 5] {type: 'bishop', color: 'white', position: Array(2), hasMoved: false, index: 21} {board: Array(8), history: Array(12), turn: 'white', username1: null, username2: '', …}
isCheck.ts:147 5556Iterating over square 7,5 with squarePiece color white {board: Array(8), history: Array(12), turn: 'white', username1: null, username2: '', …} {type: 'bishop', color: 'white', position: Array(2), hasMoved: false, index: 21}
isCheck.ts:155 5556color white black white
isCheck.ts:157 5556Friendly's piece found at square 7,5 white
isCheck.ts:135 5556Iterating over direction 2
isCheck.ts:146 5556squarePiece (2) [6, 4] {type: 'empty', color: 'none', hasMoved: false, position: Array(2), index: -1} {board: Array(8), history: Array(12), turn: 'white', username1: null, username2: '', …}
isCheck.ts:147 5556Iterating over square 6,4 with squarePiece color none {board: Array(8), history: Array(12), turn: 'white', username1: null, username2: '', …} {type: 'empty', color: 'none', hasMoved: false, position: Array(2), index: -1}
isCheck.ts:150 5556No piece or color at square 6,4
isCheck.ts:146 5556squarePiece (2) [5, 4] {type: 'empty', color: 'none', hasMoved: false, position: Array(2), index: -1} {board: Array(8), history: Array(12), turn: 'white', username1: null, username2: '', …}
isCheck.ts:147 5556Iterating over square 5,4 with squarePiece color none {board: Array(8), history: Array(12), turn: 'white', username1: null, username2: '', …} {type: 'empty', color: 'none', hasMoved: false, position: Array(2), index: -1}
isCheck.ts:150 5556No piece or color at square 5,4
isCheck.ts:146 5556squarePiece (2) [4, 4] {type: 'empty', color: 'none', position: Array(2), hasMoved: true, index: -1, …} {board: Array(8), history: Array(12), turn: 'white', username1: null, username2: '', …}
isCheck.ts:147 5556Iterating over square 4,4 with squarePiece color none {board: Array(8), history: Array(12), turn: 'white', username1: null, username2: '', …} {type: 'empty', color: 'none', position: Array(2), hasMoved: true, index: -1, …}
isCheck.ts:150 5556No piece or color at square 4,4
isCheck.ts:146 5556squarePiece (2) [3, 4] {type: 'empty', color: 'none', hasMoved: true, position: Array(2), index: -1, …} {board: Array(8), history: Array(12), turn: 'white', username1: null, username2: '', …}
isCheck.ts:147 5556Iterating over square 3,4 with squarePiece color none {board: Array(8), history: Array(12), turn: 'white', username1: null, username2: '', …} {type: 'empty', color: 'none', hasMoved: true, position: Array(2), index: -1, …}
isCheck.ts:150 5556No piece or color at square 3,4
isCheck.ts:146 5556squarePiece (2) [2, 4] {type: 'empty', color: 'none', hasMoved: false, position: Array(0), index: 16} {board: Array(8), history: Array(12), turn: 'white', username1: null, username2: '', …}
isCheck.ts:147 5556Iterating over square 2,4 with squarePiece color none {board: Array(8), history: Array(12), turn: 'white', username1: null, username2: '', …} {type: 'empty', color: 'none', hasMoved: false, position: Array(0), index: 16}
isCheck.ts:150 5556No piece or color at square 2,4
isCheck.ts:146 5556squarePiece (2) [1, 4] {type: 'pawn', color: 'black', position: Array(2), hasMoved: false, index: 12} {board: Array(8), history: Array(12), turn: 'white', username1: null, username2: '', …}
isCheck.ts:147 5556Iterating over square 1,4 with squarePiece color black {board: Array(8), history: Array(12), turn: 'white', username1: null, username2: '', …} {type: 'pawn', color: 'black', position: Array(2), hasMoved: false, index: 12}
isCheck.ts:155 5556color white black black
isCheck.ts:201 5556No opponent pieces hit in direction 2 at square 1,4
isCheck.ts:135 5556Iterating over direction 3
isCheck.ts:138 5556Row 3 is empty {board: Array(8), history: Array(12), turn: 'white', username1: null, username2: '', …}
isCheck.ts:135 5556Iterating over direction 4
isCheck.ts:146 5556squarePiece (2) [6, 3] {type: 'empty', color: 'none', hasMoved: false, position: Array(2), index: -1} {board: Array(8), history: Array(12), turn: 'white', username1: null, username2: '', …}
isCheck.ts:147 5556Iterating over square 6,3 with squarePiece color none {board: Array(8), history: Array(12), turn: 'white', username1: null, username2: '', …} {type: 'empty', color: 'none', hasMoved: false, position: Array(2), index: -1}
isCheck.ts:150 5556No piece or color at square 6,3
isCheck.ts:146 5556squarePiece (2) [5, 2] {type: 'empty', color: 'none', hasMoved: false, position: Array(2)} {board: Array(8), history: Array(12), turn: 'white', username1: null, username2: '', …}
isCheck.ts:147 5556Iterating over square 5,2 with squarePiece color none {board: Array(8), history: Array(12), turn: 'white', username1: null, username2: '', …} {type: 'empty', color: 'none', hasMoved: false, position: Array(2)}
isCheck.ts:150 5556No piece or color at square 5,2
isCheck.ts:146 5556squarePiece (2) [4, 1] {type: 'empty', color: 'none', hasMoved: false, position: Array(0), index: 16} {board: Array(8), history: Array(12), turn: 'white', username1: null, username2: '', …}
isCheck.ts:147 5556Iterating over square 4,1 with squarePiece color none {board: Array(8), history: Array(12), turn: 'white', username1: null, username2: '', …} {type: 'empty', color: 'none', hasMoved: false, position: Array(0), index: 16}
isCheck.ts:150 5556No piece or color at square 4,1
isCheck.ts:146 5556squarePiece (2) [3, 0] {type: 'empty', color: 'none', position: Array(2), hasMoved: true, index: -1, …} {board: Array(8), history: Array(12), turn: 'white', username1: null, username2: '', …}
isCheck.ts:147 5556Iterating over square 3,0 with squarePiece color none {board: Array(8), history: Array(12), turn: 'white', username1: null, username2: '', …} {type: 'empty', color: 'none', position: Array(2), hasMoved: true, index: -1, …}
isCheck.ts:150 5556No piece or color at square 3,0
isCheck.ts:135 5556Iterating over direction 5
isCheck.ts:146 5556squarePiece (2) [6, 5] {type: 'pawn', color: 'white', position: Array(2), hasMoved: false, index: 29} {board: Array(8), history: Array(12), turn: 'white', username1: null, username2: '', …}
isCheck.ts:147 5556Iterating over square 6,5 with squarePiece color white {board: Array(8), history: Array(12), turn: 'white', username1: null, username2: '', …} {type: 'pawn', color: 'white', position: Array(2), hasMoved: false, index: 29}
isCheck.ts:155 5556color white black white
isCheck.ts:157 5556Friendly's piece found at square 6,5 white
isCheck.ts:135 5556Iterating over direction 6
isCheck.ts:138 5556Row 6 is empty {board: Array(8), history: Array(12), turn: 'white', username1: null, username2: '', …}
isCheck.ts:135 5556Iterating over direction 7
isCheck.ts:138 5556Row 7 is empty {board: Array(8), history: Array(12), turn: 'white', username1: null, username2: '', …}
isCheck.ts:135 5556Iterating over direction 8
isCheck.ts:146 5556squarePiece (2) [5, 3] {type: 'empty', color: 'none', hasMoved: false, position: Array(2), index: -1} {board: Array(8), history: Array(12), turn: 'white', username1: null, username2: '', …}
isCheck.ts:147 5556Iterating over square 5,3 with squarePiece color none {board: Array(8), history: Array(12), turn: 'white', username1: null, username2: '', …} {type: 'empty', color: 'none', hasMoved: false, position: Array(2), index: -1}
isCheck.ts:150 5556No piece or color at square 5,3
isCheck.ts:135 5556Iterating over direction 9
isCheck.ts:146 5556squarePiece (2) [5, 5] {type: 'empty', color: 'none', hasMoved: false, position: Array(0), index: 16} {board: Array(8), history: Array(12), turn: 'white', username1: null, username2: '', …}
isCheck.ts:147 5556Iterating over square 5,5 with squarePiece color none {board: Array(8), history: Array(12), turn: 'white', username1: null, username2: '', …} {type: 'empty', color: 'none', hasMoved: false, position: Array(0), index: 16}
isCheck.ts:150 5556No piece or color at square 5,5
isCheck.ts:135 5556Iterating over direction 10
isCheck.ts:138 5556Row 10 is empty {board: Array(8), history: Array(12), turn: 'white', username1: null, username2: '', …}
isCheck.ts:135 5556Iterating over direction 11
isCheck.ts:138 5556Row 11 is empty {board: Array(8), history: Array(12), turn: 'white', username1: null, username2: '', …}
isCheck.ts:135 5556Iterating over direction 12
isCheck.ts:146 5556squarePiece (2) [6, 2] {type: 'empty', color: 'none', hasMoved: false, position: Array(2), index: -1} {board: Array(8), history: Array(12), turn: 'white', username1: null, username2: '', …}
isCheck.ts:147 5556Iterating over square 6,2 with squarePiece color none {board: Array(8), history: Array(12), turn: 'white', username1: null, username2: '', …} {type: 'empty', color: 'none', hasMoved: false, position: Array(2), index: -1}
isCheck.ts:150 5556No piece or color at square 6,2
isCheck.ts:135 5556Iterating over direction 13
isCheck.ts:146 5556squarePiece (2) [6, 6] {type: 'pawn', color: 'white', position: Array(2), hasMoved: false, index: 30} {board: Array(8), history: Array(12), turn: 'white', username1: null, username2: '', …}
isCheck.ts:147 5556Iterating over square 6,6 with squarePiece color white {board: Array(8), history: Array(12), turn: 'white', username1: null, username2: '', …} {type: 'pawn', color: 'white', position: Array(2), hasMoved: false, index: 30}
isCheck.ts:155 5556color white black white
isCheck.ts:157 5556Friendly's piece found at square 6,6 white
isCheck.ts:135 5556Iterating over direction 14
isCheck.ts:138 5556Row 14 is empty {board: Array(8), history: Array(12), turn: 'white', username1: null, username2: '', …}
isCheck.ts:135 5556Iterating over direction 15
isCheck.ts:138 5556Row 15 is empty {board: Array(8), history: Array(12), turn: 'white', username1: null, username2: '', …}
isCheck.ts:300 843firstTriggeringOpponentPiece undefined
isCheck.ts:301 843threateningSquares (16) [Array(4), Array(3), Array(7), Array(0), Array(4), Array(3), Array(0), Array(0), Array(1), Array(1), Array(0), Array(0), Array(1), Array(1), Array(0), Array(0)] {board: Array(8), history: Array(12), turn: 'white', username1: null, username2: '', …} undefined -1 true
isCheck.ts:326 843firstTriggeringOpponentPieceIndex: -1
isCheck.ts:327 843slicedCoordinates: []
isCheck.ts:350 843firstTriggeringOpponentPieceIndex -1
isCheck.ts:406 7322isKingInCheck false
isCheck.ts:412 7322King is not in check or checkmate.
isCheck.ts:414 843checkDirection -1 {board: Array(8), history: Array(12), turn: 'white', username1: null, username2: '', …}
validMoves.ts:151 843checkResult {isKingInCheck: false, loser: 'white', slicedThreateningSquares: Array(0), checkDirection: -1, firstTriggeringOpponentPiece: undefined, …} []
validMoves.ts:153 843moves (2) [Array(0), Array(0)]
validMoves.ts:567 843normalMoves (2) [Array(2), Array(2)] []
validMoves.ts:569 843normalMoves (2) [Array(2), Array(2)] []
enPassant.ts:4 Running enPassant function with piece: {id: 26, type: 'pawn', position: Array(2), color: 'white', hasMoved: true} and lastPosition: (2) [5, 2]
enPassant.ts:28 enPassantCondition: false enPassantDirection: -1 toX: 5 toY: 2 opponentColor: black
enPassant.ts:44 Was this the opponent's last move? false
validMoves.ts:758 843pawnMove (2) [5, 2]
validMoves.ts:281 843position (2) [5, 2] {board: Array(8), history: Array(12), turn: 'white', username1: null, username2: '', …}
validMoves.ts:381 843currentIndex -1 {type: 'empty', color: 'none', position: Array(2), hasMoved: true, index: -1, …} (2) [5, 2]
validMoves.ts:383 tempGameState {board: Array(8), history: Array(12), turn: 'white', username1: null, username2: '', …} 843tempGameState.turn white {board: Array(8), history: Array(12), turn: 'white', username1: null, username2: '', …} (2) [5, 2] (2) [5, 2] {type: 'empty', color: 'none', position: Array(2), hasMoved: true, index: -1, …}
validMoves.ts:393 843lastPosition {type: 'empty', color: 'none', position: Array(2), hasMoved: true, index: -1, …} white
validMoves.ts:413 843gameState.checkStatus[currentColor] false
validMoves.ts:425 843makingMoves [] [] (3) [Array(0), Array(0), Array(2)]
validMoves.ts:879 843moves (3) [Array(0), Array(0), Array(2)] (2) [Array(2), Array(2)]
validMoves.ts:887 Checking move 0: []
validMoves.ts:892 Comparing with normalMove 0: (2) [4, 2] (2) [Array(2), Array(2)]
validMoves.ts:892 Comparing with normalMove 1: (2) [4, 3] (2) [Array(2), Array(2)]
validMoves.ts:915 Move 0 not found in normalMoves, errorFound set to true
validMoves.ts:921 Some moves may have inconsistent format, but proceeding anyway
overrideMethod @ hook.js:608
validMoves @ validMoves.ts:921
(anonymous) @ aiEngine.ts:109
getAllLegalMoves @ aiEngine.ts:106
getBestMoveOneDepth @ aiEngine.ts:76
getAIMove @ aiEngine.ts:20
makeAIMove @ App.tsx:284
(anonymous) @ App.tsx:580
setTimeout
(anonymous) @ App.tsx:579
commitHookEffectListMount @ chunk-X3B7SAOS.js?v=3151037c:16904
commitPassiveMountOnFiber @ chunk-X3B7SAOS.js?v=3151037c:18152
commitPassiveMountEffects_complete @ chunk-X3B7SAOS.js?v=3151037c:18125
commitPassiveMountEffects_begin @ chunk-X3B7SAOS.js?v=3151037c:18115
commitPassiveMountEffects @ chunk-X3B7SAOS.js?v=3151037c:18105
flushPassiveEffectsImpl @ chunk-X3B7SAOS.js?v=3151037c:19486
flushPassiveEffects @ chunk-X3B7SAOS.js?v=3151037c:19443
(anonymous) @ chunk-X3B7SAOS.js?v=3151037c:19324
workLoop @ chunk-X3B7SAOS.js?v=3151037c:197
flushWork @ chunk-X3B7SAOS.js?v=3151037c:176
performWorkUntilDeadline @ chunk-X3B7SAOS.js?v=3151037c:384Understand this warningAI
validMoves.ts:12 302validMoves piece {id: 27, type: 'pawn', position: Array(2), color: 'white', hasMoved: true} position (2) [3, 3] gameState {board: Array(8), history: Array(12), turn: 'white', username1: null, username2: '', …} playerNumber 2 lastPosition (2) [3, 3]
validMoves.ts:35 7778tempGameState 7 7778pieceLastPosition 3 7778piece 4 7778tempKing 3 tempGameState {board: Array(8), history: Array(12), turn: 'white', username1: null, username2: '', …}
validMoves.ts:47 843hypotheticalGameState {board: Array(8), history: Array(12), turn: 'white', username1: null, username2: '', …} 843piece.position (2) [3, 3] 843lastPosition (2) [3, 3]
validMoves.ts:62 843checkDirection 0 843threateningPieceIndex 0 (16) [Array(4), Array(3), Array(7), Array(0), Array(4), Array(3), Array(0), Array(0), Array(1), Array(1), Array(0), Array(0), Array(1), Array(1), Array(0), Array(0)]
validMoves.ts:67 843piece {type: 'empty', color: 'none', hasMoved: false, position: Array(2), index: -1} 843piece.color none 843opponentColor black 843currentColor white
validMoves.ts:62 843checkDirection 0 843threateningPieceIndex 1 (16) [Array(4), Array(3), Array(7), Array(0), Array(4), Array(3), Array(0), Array(0), Array(1), Array(1), Array(0), Array(0), Array(1), Array(1), Array(0), Array(0)]
validMoves.ts:67 843piece {type: 'bishop', color: 'white', position: Array(2), hasMoved: false, index: 18} 843piece.color white 843opponentColor black 843currentColor white
validMoves.ts:62 843checkDirection 1 843threateningPieceIndex 0 (16) [Array(4), Array(3), Array(7), Array(0), Array(4), Array(3), Array(0), Array(0), Array(1), Array(1), Array(0), Array(0), Array(1), Array(1), Array(0), Array(0)]
validMoves.ts:67 843piece {type: 'bishop', color: 'white', position: Array(2), hasMoved: false, index: 21} 843piece.color white 843opponentColor black 843currentColor white
validMoves.ts:62 843checkDirection 2 843threateningPieceIndex 0 (16) [Array(4), Array(3), Array(7), Array(0), Array(4), Array(3), Array(0), Array(0), Array(1), Array(1), Array(0), Array(0), Array(1), Array(1), Array(0), Array(0)]
validMoves.ts:67 843piece {type: 'empty', color: 'none', hasMoved: false, position: Array(2), index: -1} 843piece.color none 843opponentColor black 843currentColor white
validMoves.ts:62 843checkDirection 2 843threateningPieceIndex 1 (16) [Array(4), Array(3), Array(7), Array(0), Array(4), Array(3), Array(0), Array(0), Array(1), Array(1), Array(0), Array(0), Array(1), Array(1), Array(0), Array(0)]
validMoves.ts:67 843piece {type: 'empty', color: 'none', hasMoved: false, position: Array(2), index: -1} 843piece.color none 843opponentColor black 843currentColor white
validMoves.ts:62 843checkDirection 2 843threateningPieceIndex 2 (16) [Array(4), Array(3), Array(7), Array(0), Array(4), Array(3), Array(0), Array(0), Array(1), Array(1), Array(0), Array(0), Array(1), Array(1), Array(0), Array(0)]
validMoves.ts:67 843piece {type: 'empty', color: 'none', position: Array(2), hasMoved: true, index: -1, …} 843piece.color none 843opponentColor black 843currentColor white
validMoves.ts:62 843checkDirection 2 843threateningPieceIndex 3 (16) [Array(4), Array(3), Array(7), Array(0), Array(4), Array(3), Array(0), Array(0), Array(1), Array(1), Array(0), Array(0), Array(1), Array(1), Array(0), Array(0)]
validMoves.ts:67 843piece {type: 'empty', color: 'none', hasMoved: true, position: Array(2), index: -1, …} 843piece.color none 843opponentColor black 843currentColor white
validMoves.ts:62 843checkDirection 2 843threateningPieceIndex 4 (16) [Array(4), Array(3), Array(7), Array(0), Array(4), Array(3), Array(0), Array(0), Array(1), Array(1), Array(0), Array(0), Array(1), Array(1), Array(0), Array(0)]
validMoves.ts:67 843piece {type: 'empty', color: 'none', hasMoved: false, position: Array(0), index: 16} 843piece.color none 843opponentColor black 843currentColor white
validMoves.ts:62 843checkDirection 2 843threateningPieceIndex 5 (16) [Array(4), Array(3), Array(7), Array(0), Array(4), Array(3), Array(0), Array(0), Array(1), Array(1), Array(0), Array(0), Array(1), Array(1), Array(0), Array(0)]
validMoves.ts:67 843piece {type: 'pawn', color: 'black', position: Array(2), hasMoved: false, index: 12} 843piece.color black 843opponentColor black 843currentColor white
validMoves.ts:54 77722piece.position (2) [0, 4]
validMoves.ts:62 843checkDirection 3 843threateningPieceIndex 0 (16) [Array(0), Array(7), Array(4), Array(3), Array(0), Array(0), Array(4), Array(3), Array(0), Array(0), Array(0), Array(0), Array(1), Array(1), Array(1), Array(1)]
validMoves.ts:67 843piece {type: 'bishop', color: 'black', position: Array(2), hasMoved: false, index: 5} 843piece.color black 843opponentColor black 843currentColor white
validMoves.ts:54 77722piece.position (2) [0, 4]
validMoves.ts:54 77722piece.position (2) [0, 4]
validMoves.ts:62 843checkDirection 6 843threateningPieceIndex 0 (16) [Array(0), Array(7), Array(4), Array(3), Array(0), Array(0), Array(4), Array(3), Array(0), Array(0), Array(0), Array(0), Array(1), Array(1), Array(1), Array(1)]
validMoves.ts:67 843piece {type: 'pawn', color: 'black', position: Array(2), hasMoved: false, index: 11} 843piece.color black 843opponentColor black 843currentColor white
validMoves.ts:62 843checkDirection 7 843threateningPieceIndex 0 (16) [Array(0), Array(7), Array(4), Array(3), Array(0), Array(0), Array(4), Array(3), Array(0), Array(0), Array(0), Array(0), Array(1), Array(1), Array(1), Array(1)]
validMoves.ts:67 843piece {type: 'pawn', color: 'black', position: Array(2), hasMoved: false, index: 13} 843piece.color black 843opponentColor black 843currentColor white
validMoves.ts:54 77722piece.position (2) [0, 4]
validMoves.ts:54 77722piece.position (2) [0, 4]
validMoves.ts:54 77722piece.position (2) [0, 4]
validMoves.ts:54 77722piece.position (2) [0, 4]
validMoves.ts:62 843checkDirection 12 843threateningPieceIndex 0 (16) [Array(0), Array(7), Array(4), Array(3), Array(0), Array(0), Array(4), Array(3), Array(0), Array(0), Array(0), Array(0), Array(1), Array(1), Array(1), Array(1)]
validMoves.ts:67 843piece {type: 'pawn', color: 'black', position: Array(2), hasMoved: false, index: 10} 843piece.color black 843opponentColor black 843currentColor white
validMoves.ts:62 843checkDirection 13 843threateningPieceIndex 0 (16) [Array(0), Array(7), Array(4), Array(3), Array(0), Array(0), Array(4), Array(3), Array(0), Array(0), Array(0), Array(0), Array(1), Array(1), Array(1), Array(1)]
validMoves.ts:67 843piece {type: 'pawn', color: 'black', position: Array(2), hasMoved: false, index: 14} 843piece.color black 843opponentColor black 843currentColor white
validMoves.ts:62 843checkDirection 14 843threateningPieceIndex 0 (16) [Array(0), Array(7), Array(4), Array(3), Array(0), Array(0), Array(4), Array(3), Array(0), Array(0), Array(0), Array(0), Array(1), Array(1), Array(1), Array(1)]
validMoves.ts:67 843piece {type: 'empty', color: 'none', hasMoved: false, position: Array(0), index: 16} 843piece.color none 843opponentColor black 843currentColor white
validMoves.ts:62 843checkDirection 15 843threateningPieceIndex 0 (16) [Array(0), Array(7), Array(4), Array(3), Array(0), Array(0), Array(4), Array(3), Array(0), Array(0), Array(0), Array(0), Array(1), Array(1), Array(1), Array(1)]
validMoves.ts:67 843piece {type: 'empty', color: 'none', hasMoved: true, position: Array(2), index: -1, …} 843piece.color none 843opponentColor black 843currentColor white
validMoves.ts:178 843matchFoundInDirection 1
validMoves.ts:439 847piece.type pawn checkPosition (2) [3, 3] lastPosition (2) [3, 3] gameState {board: Array(8), history: Array(12), turn: 'white', username1: null, username2: '', …} piece {id: 27, type: 'pawn', position: Array(2), color: 'white', hasMoved: true} position (2) [3, 3] playerNumber 2 lastPosition (2) [3, 3] matchFoundInDirection 1 currentColor white
isCheckOpponent.ts:69 7322isCheckParams {board: Array(8), history: Array(12), turn: 'white', username1: null, username2: '', …} (16) [Array(4), Array(3), Array(0), Array(7), Array(0), Array(0), Array(4), Array(3), Array(0), Array(0), Array(1), Array(1), Array(0), Array(0), Array(1), Array(1)] 1 (2) [3, 3] {id: 27, type: 'pawn', position: Array(2), color: 'white', hasMoved: true} (2) [3, 3] 2 (2) [3, 3] 1 white
isCheckOpponent.ts:70 7322threateningSquares (16) [Array(4), Array(3), Array(0), Array(7), Array(0), Array(0), Array(4), Array(3), Array(0), Array(0), Array(1), Array(1), Array(0), Array(0), Array(1), Array(1)]
isCheckOpponent.ts:71 7322gameState {board: Array(8), history: Array(12), turn: 'white', username1: null, username2: '', …}
isCheckOpponent.ts:82 5556pieceLastPosition (2) [3, 3] undefined
calculateThreateningSquares.ts:15 999King position: (2) [7, 4] (2) [3, 3] (2) [7, 4]
calculateThreateningSquares.ts:31 999Current direction: (2) [0, -1]
calculateThreateningSquares.ts:49 999New position: (2) [7, 3]
calculateThreateningSquares.ts:49 999New position: (2) [7, 2]
calculateThreateningSquares.ts:49 999New position: (2) [7, 1]
calculateThreateningSquares.ts:49 999New position: (2) [7, 0]
calculateThreateningSquares.ts:49 999New position: (2) [7, -1]
calculateThreateningSquares.ts:31 999Current direction: (2) [0, 1]
calculateThreateningSquares.ts:49 999New position: (2) [7, 5]
calculateThreateningSquares.ts:49 999New position: (2) [7, 6]
calculateThreateningSquares.ts:49 999New position: (2) [7, 7]
calculateThreateningSquares.ts:49 999New position: (2) [7, 8]
calculateThreateningSquares.ts:31 999Current direction: (2) [-1, 0]
calculateThreateningSquares.ts:49 999New position: (2) [6, 4]
calculateThreateningSquares.ts:49 999New position: (2) [5, 4]
calculateThreateningSquares.ts:49 999New position: (2) [4, 4]
calculateThreateningSquares.ts:49 999New position: (2) [3, 4]
calculateThreateningSquares.ts:49 999New position: (2) [2, 4]
calculateThreateningSquares.ts:49 999New position: (2) [1, 4]
calculateThreateningSquares.ts:49 999New position: (2) [0, 4]
calculateThreateningSquares.ts:31 999Current direction: (2) [1, 0]
calculateThreateningSquares.ts:49 999New position: (2) [8, 4]
calculateThreateningSquares.ts:31 999Current direction: (2) [-1, -1]
calculateThreateningSquares.ts:49 999New position: (2) [6, 3]
calculateThreateningSquares.ts:49 999New position: (2) [5, 2]
calculateThreateningSquares.ts:49 999New position: (2) [4, 1]
calculateThreateningSquares.ts:49 999New position: (2) [3, 0]
calculateThreateningSquares.ts:49 999New position: (2) [2, -1]
calculateThreateningSquares.ts:31 999Current direction: (2) [-1, 1]
calculateThreateningSquares.ts:49 999New position: (2) [6, 5]
calculateThreateningSquares.ts:49 999New position: (2) [5, 6]
calculateThreateningSquares.ts:49 999New position: (2) [4, 7]
calculateThreateningSquares.ts:49 999New position: (2) [3, 8]
calculateThreateningSquares.ts:31 999Current direction: (2) [1, -1]
calculateThreateningSquares.ts:49 999New position: (2) [8, 3]
calculateThreateningSquares.ts:31 999Current direction: (2) [1, 1]
calculateThreateningSquares.ts:49 999New position: (2) [8, 5]
calculateThreateningSquares.ts:31 999Current direction: (2) [-2, -1]
calculateThreateningSquares.ts:37 999New position: (2) [5, 3]
calculateThreateningSquares.ts:31 999Current direction: (2) [-2, 1]
calculateThreateningSquares.ts:37 999New position: (2) [5, 5]
calculateThreateningSquares.ts:31 999Current direction: (2) [2, -1]
calculateThreateningSquares.ts:37 999New position: (2) [9, 3]
calculateThreateningSquares.ts:31 999Current direction: (2) [2, 1]
calculateThreateningSquares.ts:37 999New position: (2) [9, 5]
calculateThreateningSquares.ts:31 999Current direction: (2) [-1, -2]
calculateThreateningSquares.ts:37 999New position: (2) [6, 2]
calculateThreateningSquares.ts:31 999Current direction: (2) [-1, 2]
calculateThreateningSquares.ts:37 999New position: (2) [6, 6]
calculateThreateningSquares.ts:31 999Current direction: (2) [1, -2]
calculateThreateningSquares.ts:37 999New position: (2) [8, 2]
calculateThreateningSquares.ts:31 999Current direction: (2) [1, 2]
calculateThreateningSquares.ts:37 999New position: (2) [8, 6]
calculateThreateningSquares.ts:59 999Calculated squares: (16) [Array(4), Array(3), Array(7), Array(0), Array(4), Array(3), Array(0), Array(0), Array(1), Array(1), Array(0), Array(0), Array(1), Array(1), Array(0), Array(0)]
isCheckOpponent.ts:143 Updated threateningSquaresCopy for check evaluation: (16) [Array(4), Array(3), Array(7), Array(0), Array(4), Array(3), Array(0), Array(0), Array(1), Array(1), Array(0), Array(0), Array(1), Array(1), Array(0), Array(0)]
isCheckOpponent.ts:371 7322gameState.history.length 12
isCheckOpponent.ts:214 7322canBlockParams (16) [Array(4), Array(3), Array(0), Array(7), Array(0), Array(0), Array(4), Array(3), Array(0), Array(0), Array(1), Array(1), Array(0), Array(0), Array(1), Array(1)] (2) [3, 3] white
isCheckOpponent.ts:226 7322currentPlayerPieces (16) [{…}, {…}, {…}, {…}, {…}, {…}, {…}, {…}, {…}, {…}, {…}, {…}, {…}, {…}, {…}, {…}]
isCheckOpponent.ts:227 5556threateningSquares (16) [Array(4), Array(3), Array(0), Array(7), Array(0), Array(0), Array(4), Array(3), Array(0), Array(0), Array(1), Array(1), Array(0), Array(0), Array(1), Array(1)] black
isCheckOpponent.ts:230 7322threateningSquaresCopy (16) [Array(4), Array(3), Array(0), Array(7), Array(0), Array(0), Array(4), Array(3), Array(0), Array(0), Array(1), Array(1), Array(0), Array(0), Array(1), Array(1)]
isCheckOpponent.ts:240 5556Iterating over direction 0 (4) [Array(2), Array(2), Array(2), Array(2)]
isCheckOpponent.ts:268 5556color white black black true
isCheckOpponent.ts:270 5556Opponent's piece found at square 0,3 white
isCheckOpponent.ts:240 5556Iterating over direction 1 (3) [Array(2), Array(2), Array(2)]
isCheckOpponent.ts:268 5556color white black black true
isCheckOpponent.ts:270 5556Opponent's piece found at square 0,5 white
isCheckOpponent.ts:240 5556Iterating over direction 2 []
isCheckOpponent.ts:243 5556Row 2 is empty {board: Array(8), history: Array(12), turn: 'white', username1: null, username2: '', …} []
isCheckOpponent.ts:240 5556Iterating over direction 3 (7) [Array(2), Array(2), Array(2), Array(2), Array(2), Array(2), Array(2)]
isCheckOpponent.ts:268 5556color white black black true
isCheckOpponent.ts:270 5556Opponent's piece found at square 1,4 white
isCheckOpponent.ts:240 5556Iterating over direction 4 []
isCheckOpponent.ts:243 5556Row 4 is empty {board: Array(8), history: Array(12), turn: 'white', username1: null, username2: '', …} []
isCheckOpponent.ts:240 5556Iterating over direction 5 []
isCheckOpponent.ts:243 5556Row 5 is empty {board: Array(8), history: Array(12), turn: 'white', username1: null, username2: '', …} []
isCheckOpponent.ts:240 5556Iterating over direction 6 (4) [Array(2), Array(2), Array(2), Array(2)]
isCheckOpponent.ts:268 5556color white black black true
isCheckOpponent.ts:270 5556Opponent's piece found at square 1,3 white
isCheckOpponent.ts:240 5556Iterating over direction 7 (3) [Array(2), Array(2), Array(2)]
isCheckOpponent.ts:268 5556color white black black true
isCheckOpponent.ts:270 5556Opponent's piece found at square 1,5 white
isCheckOpponent.ts:240 5556Iterating over direction 8 []
isCheckOpponent.ts:243 5556Row 8 is empty {board: Array(8), history: Array(12), turn: 'white', username1: null, username2: '', …} []
isCheckOpponent.ts:240 5556Iterating over direction 9 []
isCheckOpponent.ts:243 5556Row 9 is empty {board: Array(8), history: Array(12), turn: 'white', username1: null, username2: '', …} []
isCheckOpponent.ts:240 5556Iterating over direction 10 [Array(2)]
isCheckOpponent.ts:259 5556No opponent's knight at square 2,3 empty
isCheckOpponent.ts:240 5556Iterating over direction 11 [Array(2)]
isCheckOpponent.ts:259 5556No opponent's knight at square 2,5 empty
isCheckOpponent.ts:240 5556Iterating over direction 12 []
isCheckOpponent.ts:243 5556Row 12 is empty {board: Array(8), history: Array(12), turn: 'white', username1: null, username2: '', …} []
isCheckOpponent.ts:240 5556Iterating over direction 13 []
isCheckOpponent.ts:243 5556Row 13 is empty {board: Array(8), history: Array(12), turn: 'white', username1: null, username2: '', …} []
isCheckOpponent.ts:240 5556Iterating over direction 14 [Array(2)]
isCheckOpponent.ts:259 5556No opponent's knight at square 1,2 pawn
isCheckOpponent.ts:240 5556Iterating over direction 15 [Array(2)]
isCheckOpponent.ts:259 5556No opponent's knight at square 1,6 pawn
isCheckOpponent.ts:354 5556Last direction is blank or not an current player's knight at square 1,6
isCheckOpponent.ts:379 843firstTriggeringCurrentPiece undefined
isCheckOpponent.ts:416 843firstTriggeringCurrentPieceIndex: -1
isCheckOpponent.ts:417 843slicedCoordinates: []
isCheckOpponent.ts:439 843firstTriggeringCurrentPieceIndex -1
isCheckOpponent.ts:214 7322canBlockParams (16) [Array(4), Array(3), Array(0), Array(7), Array(0), Array(0), Array(4), Array(3), Array(0), Array(0), Array(1), Array(1), Array(0), Array(0), Array(1), Array(1)] (2) [3, 3] white
isCheckOpponent.ts:226 7322currentPlayerPieces (16) [{…}, {…}, {…}, {…}, {…}, {…}, {…}, {…}, {…}, {…}, {…}, {…}, {…}, {…}, {…}, {…}]
isCheckOpponent.ts:227 5556threateningSquares (16) [Array(4), Array(3), Array(0), Array(7), Array(0), Array(0), Array(4), Array(3), Array(0), Array(0), Array(1), Array(1), Array(0), Array(0), Array(1), Array(1)] black
isCheckOpponent.ts:230 7322threateningSquaresCopy (16) [Array(4), Array(3), Array(0), Array(7), Array(0), Array(0), Array(4), Array(3), Array(0), Array(0), Array(1), Array(1), Array(0), Array(0), Array(1), Array(1)]
isCheckOpponent.ts:240 5556Iterating over direction 0 (4) [Array(2), Array(2), Array(2), Array(2)]
isCheckOpponent.ts:268 5556color white black black true
isCheckOpponent.ts:270 5556Opponent's piece found at square 0,3 white
isCheckOpponent.ts:240 5556Iterating over direction 1 (3) [Array(2), Array(2), Array(2)]
isCheckOpponent.ts:268 5556color white black black true
isCheckOpponent.ts:270 5556Opponent's piece found at square 0,5 white
isCheckOpponent.ts:240 5556Iterating over direction 2 []
isCheckOpponent.ts:243 5556Row 2 is empty {board: Array(8), history: Array(12), turn: 'white', username1: null, username2: '', …} []
isCheckOpponent.ts:240 5556Iterating over direction 3 (7) [Array(2), Array(2), Array(2), Array(2), Array(2), Array(2), Array(2)]
isCheckOpponent.ts:268 5556color white black black true
isCheckOpponent.ts:270 5556Opponent's piece found at square 1,4 white
isCheckOpponent.ts:240 5556Iterating over direction 4 []
isCheckOpponent.ts:243 5556Row 4 is empty {board: Array(8), history: Array(12), turn: 'white', username1: null, username2: '', …} []
isCheckOpponent.ts:240 5556Iterating over direction 5 []
isCheckOpponent.ts:243 5556Row 5 is empty {board: Array(8), history: Array(12), turn: 'white', username1: null, username2: '', …} []
isCheckOpponent.ts:240 5556Iterating over direction 6 (4) [Array(2), Array(2), Array(2), Array(2)]
isCheckOpponent.ts:268 5556color white black black true
isCheckOpponent.ts:270 5556Opponent's piece found at square 1,3 white
isCheckOpponent.ts:240 5556Iterating over direction 7 (3) [Array(2), Array(2), Array(2)]
isCheckOpponent.ts:268 5556color white black black true
isCheckOpponent.ts:270 5556Opponent's piece found at square 1,5 white
isCheckOpponent.ts:240 5556Iterating over direction 8 []
isCheckOpponent.ts:243 5556Row 8 is empty {board: Array(8), history: Array(12), turn: 'white', username1: null, username2: '', …} []
isCheckOpponent.ts:240 5556Iterating over direction 9 []
isCheckOpponent.ts:243 5556Row 9 is empty {board: Array(8), history: Array(12), turn: 'white', username1: null, username2: '', …} []
isCheckOpponent.ts:240 5556Iterating over direction 10 [Array(2)]
isCheckOpponent.ts:259 5556No opponent's knight at square 2,3 empty
isCheckOpponent.ts:240 5556Iterating over direction 11 [Array(2)]
isCheckOpponent.ts:259 5556No opponent's knight at square 2,5 empty
isCheckOpponent.ts:240 5556Iterating over direction 12 []
isCheckOpponent.ts:243 5556Row 12 is empty {board: Array(8), history: Array(12), turn: 'white', username1: null, username2: '', …} []
isCheckOpponent.ts:240 5556Iterating over direction 13 []
isCheckOpponent.ts:243 5556Row 13 is empty {board: Array(8), history: Array(12), turn: 'white', username1: null, username2: '', …} []
isCheckOpponent.ts:240 5556Iterating over direction 14 [Array(2)]
isCheckOpponent.ts:259 5556No opponent's knight at square 1,2 pawn
isCheckOpponent.ts:240 5556Iterating over direction 15 [Array(2)]
isCheckOpponent.ts:259 5556No opponent's knight at square 1,6 pawn
isCheckOpponent.ts:354 5556Last direction is blank or not an current player's knight at square 1,6
isCheckOpponent.ts:463 7322isKingInCheck false
validMoves.ts:444 843isKingInCheck false 843slicedThreateningSquares undefined 843directionIndex -1
pieceMoves.ts:37 222getMovesForPiece {id: 27, type: 'pawn', position: Array(2), color: 'white', hasMoved: true} (2) [3, 3] {board: Array(8), history: Array(12), turn: 'white', username1: null, username2: '', …}
pieceMoves.ts:58 222PawnMovesCheck {id: 27, type: 'pawn', position: Array(2), color: 'white', hasMoved: true} (2) [3, 3] {board: Array(8), history: Array(12), turn: 'white', username1: null, username2: '', …}
pieceMoves.ts:65 222PawnMovesForwards (2) [2, 3] 2 3
pieceMoves.ts:126 222PawnMovesSent [Array(2)]
pieceMoves.ts:43 222getMovesForPieceMoves [Array(2)]
pieceMoves.ts:51 Returning moves: [Array(2)] {board: Array(8), history: Array(12), turn: 'white', username1: null, username2: '', …}
validMoves.ts:553 843normalMoves [Array(2)]
validMoves.ts:565 843filteredMoves []
validMoves.ts:89 843tempGameState {board: Array(8), history: Array(12), turn: 'white', username1: null, username2: '', …} 843currentColor white 843gameState.threateningPiecesPositions[currentColor] {black: Array(16), white: Array(16)} piece position (2) [2, 3]
calculateThreateningSquares.ts:15 999King position: (2) [7, 4] (2) [2, 3] (2) [7, 4]
calculateThreateningSquares.ts:31 999Current direction: (2) [0, -1]
calculateThreateningSquares.ts:49 999New position: (2) [7, 3]
calculateThreateningSquares.ts:49 999New position: (2) [7, 2]
calculateThreateningSquares.ts:49 999New position: (2) [7, 1]
calculateThreateningSquares.ts:49 999New position: (2) [7, 0]
calculateThreateningSquares.ts:49 999New position: (2) [7, -1]
calculateThreateningSquares.ts:31 999Current direction: (2) [0, 1]
calculateThreateningSquares.ts:49 999New position: (2) [7, 5]
calculateThreateningSquares.ts:49 999New position: (2) [7, 6]
calculateThreateningSquares.ts:49 999New position: (2) [7, 7]
calculateThreateningSquares.ts:49 999New position: (2) [7, 8]
calculateThreateningSquares.ts:31 999Current direction: (2) [-1, 0]
calculateThreateningSquares.ts:49 999New position: (2) [6, 4]
calculateThreateningSquares.ts:49 999New position: (2) [5, 4]
calculateThreateningSquares.ts:49 999New position: (2) [4, 4]
calculateThreateningSquares.ts:49 999New position: (2) [3, 4]
calculateThreateningSquares.ts:49 999New position: (2) [2, 4]
calculateThreateningSquares.ts:49 999New position: (2) [1, 4]
calculateThreateningSquares.ts:49 999New position: (2) [0, 4]
calculateThreateningSquares.ts:31 999Current direction: (2) [1, 0]
calculateThreateningSquares.ts:49 999New position: (2) [8, 4]
calculateThreateningSquares.ts:31 999Current direction: (2) [-1, -1]
calculateThreateningSquares.ts:49 999New position: (2) [6, 3]
calculateThreateningSquares.ts:49 999New position: (2) [5, 2]
calculateThreateningSquares.ts:49 999New position: (2) [4, 1]
calculateThreateningSquares.ts:49 999New position: (2) [3, 0]
calculateThreateningSquares.ts:49 999New position: (2) [2, -1]
calculateThreateningSquares.ts:31 999Current direction: (2) [-1, 1]
calculateThreateningSquares.ts:49 999New position: (2) [6, 5]
calculateThreateningSquares.ts:49 999New position: (2) [5, 6]
calculateThreateningSquares.ts:49 999New position: (2) [4, 7]
calculateThreateningSquares.ts:49 999New position: (2) [3, 8]
calculateThreateningSquares.ts:31 999Current direction: (2) [1, -1]
calculateThreateningSquares.ts:49 999New position: (2) [8, 3]
calculateThreateningSquares.ts:31 999Current direction: (2) [1, 1]
calculateThreateningSquares.ts:49 999New position: (2) [8, 5]
calculateThreateningSquares.ts:31 999Current direction: (2) [-2, -1]
calculateThreateningSquares.ts:37 999New position: (2) [5, 3]
calculateThreateningSquares.ts:31 999Current direction: (2) [-2, 1]
calculateThreateningSquares.ts:37 999New position: (2) [5, 5]
calculateThreateningSquares.ts:31 999Current direction: (2) [2, -1]
calculateThreateningSquares.ts:37 999New position: (2) [9, 3]
calculateThreateningSquares.ts:31 999Current direction: (2) [2, 1]
calculateThreateningSquares.ts:37 999New position: (2) [9, 5]
calculateThreateningSquares.ts:31 999Current direction: (2) [-1, -2]
calculateThreateningSquares.ts:37 999New position: (2) [6, 2]
calculateThreateningSquares.ts:31 999Current direction: (2) [-1, 2]
calculateThreateningSquares.ts:37 999New position: (2) [6, 6]
calculateThreateningSquares.ts:31 999Current direction: (2) [1, -2]
calculateThreateningSquares.ts:37 999New position: (2) [8, 2]
calculateThreateningSquares.ts:31 999Current direction: (2) [1, 2]
calculateThreateningSquares.ts:37 999New position: (2) [8, 6]
calculateThreateningSquares.ts:59 999Calculated squares: (16) [Array(4), Array(3), Array(7), Array(0), Array(4), Array(3), Array(0), Array(0), Array(1), Array(1), Array(0), Array(0), Array(1), Array(1), Array(0), Array(0)]
validMoves.ts:132 debugging 1: 7,3,7,2,7,1,7,0,7,5,7,6,7,7,6,4,5,4,4,4,3,4,2,4,1,4,0,4,,6,3,5,2,4,1,3,0,6,5,5,6,4,7,,,5,3,5,5,,,6,2,6,6,,
isCheck.ts:15 Game State: {board: Array(8), history: Array(12), turn: 'white', username1: null, username2: '', …} Threatening Squares: (16) [Array(4), Array(3), Array(7), Array(0), Array(4), Array(3), Array(0), Array(0), Array(1), Array(1), Array(0), Array(0), Array(1), Array(1), Array(0), Array(0)] Opponent Player Number: 1 Check Position: (2) [7, 4] Piece: {id: 27, type: 'pawn', position: Array(2), color: 'white', hasMoved: true} Position: (2) [3, 3] Player Number: 2 Last Position: (2) [2, 3] Match Found In Direction: 1 Current Player Color: white
isCheck.ts:26 7322threateningSquares (16) [Array(4), Array(3), Array(7), Array(0), Array(4), Array(3), Array(0), Array(0), Array(1), Array(1), Array(0), Array(0), Array(1), Array(1), Array(0), Array(0)]
isCheck.ts:27 7322gameState {board: Array(8), history: Array(12), turn: 'white', username1: null, username2: '', …}
isCheck.ts:35 5556pieceLastPosition (2) [2, 3]
isCheck.ts:293 7322gameState.history.length 12
isCheck.ts:92 7322gameState {board: Array(8), history: Array(12), turn: 'white', username1: null, username2: '', …}
isCheck.ts:93 7322piece {id: 27, type: 'pawn', position: Array(2), color: 'white', hasMoved: true} undefined
isCheck.ts:94 7322lastPosition (2) [2, 3]
isCheck.ts:95 7322canBlockParams {board: Array(8), history: Array(12), turn: 'white', username1: null, username2: '', …} (16) [Array(4), Array(3), Array(7), Array(0), Array(4), Array(3), Array(0), Array(0), Array(1), Array(1), Array(0), Array(0), Array(1), Array(1), Array(0), Array(0)] (2) [7, 4] black
isCheck.ts:97 7322threateningSquares (16) [Array(4), Array(3), Array(7), Array(0), Array(4), Array(3), Array(0), Array(0), Array(1), Array(1), Array(0), Array(0), Array(1), Array(1), Array(0), Array(0)]
isCheck.ts:75 7322gameState {board: Array(8), history: Array(12), turn: 'white', username1: null, username2: '', …}
isCheck.ts:127 7322currentPlayerPieces (15) [{…}, {…}, {…}, {…}, {…}, {…}, {…}, {…}, {…}, {…}, {…}, {…}, {…}, {…}, {…}]
isCheck.ts:128 5556threateningSquares (16) [Array(4), Array(3), Array(7), Array(0), Array(4), Array(3), Array(0), Array(0), Array(1), Array(1), Array(0), Array(0), Array(1), Array(1), Array(0), Array(0)] white
isCheck.ts:131 7322threateningSquaresCopy (16) [Array(4), Array(3), Array(7), Array(0), Array(4), Array(3), Array(0), Array(0), Array(1), Array(1), Array(0), Array(0), Array(1), Array(1), Array(0), Array(0)]
isCheck.ts:135 5556Iterating over direction 0
isCheck.ts:146 5556squarePiece (2) [7, 3] {type: 'empty', color: 'none', hasMoved: false, position: Array(2), index: -1} {board: Array(8), history: Array(12), turn: 'white', username1: null, username2: '', …}
isCheck.ts:147 5556Iterating over square 7,3 with squarePiece color none {board: Array(8), history: Array(12), turn: 'white', username1: null, username2: '', …} {type: 'empty', color: 'none', hasMoved: false, position: Array(2), index: -1}
isCheck.ts:150 5556No piece or color at square 7,3
isCheck.ts:146 5556squarePiece (2) [7, 2] {type: 'bishop', color: 'white', position: Array(2), hasMoved: false, index: 18} {board: Array(8), history: Array(12), turn: 'white', username1: null, username2: '', …}
isCheck.ts:147 5556Iterating over square 7,2 with squarePiece color white {board: Array(8), history: Array(12), turn: 'white', username1: null, username2: '', …} {type: 'bishop', color: 'white', position: Array(2), hasMoved: false, index: 18}
isCheck.ts:155 5556color white black white
isCheck.ts:157 5556Friendly's piece found at square 7,2 white
isCheck.ts:135 5556Iterating over direction 1
isCheck.ts:146 5556squarePiece (2) [7, 5] {type: 'bishop', color: 'white', position: Array(2), hasMoved: false, index: 21} {board: Array(8), history: Array(12), turn: 'white', username1: null, username2: '', …}
isCheck.ts:147 5556Iterating over square 7,5 with squarePiece color white {board: Array(8), history: Array(12), turn: 'white', username1: null, username2: '', …} {type: 'bishop', color: 'white', position: Array(2), hasMoved: false, index: 21}
isCheck.ts:155 5556color white black white
isCheck.ts:157 5556Friendly's piece found at square 7,5 white
isCheck.ts:135 5556Iterating over direction 2
isCheck.ts:146 5556squarePiece (2) [6, 4] {type: 'empty', color: 'none', hasMoved: false, position: Array(2), index: -1} {board: Array(8), history: Array(12), turn: 'white', username1: null, username2: '', …}
isCheck.ts:147 5556Iterating over square 6,4 with squarePiece color none {board: Array(8), history: Array(12), turn: 'white', username1: null, username2: '', …} {type: 'empty', color: 'none', hasMoved: false, position: Array(2), index: -1}
isCheck.ts:150 5556No piece or color at square 6,4
isCheck.ts:146 5556squarePiece (2) [5, 4] {type: 'empty', color: 'none', hasMoved: false, position: Array(2), index: -1} {board: Array(8), history: Array(12), turn: 'white', username1: null, username2: '', …}
isCheck.ts:147 5556Iterating over square 5,4 with squarePiece color none {board: Array(8), history: Array(12), turn: 'white', username1: null, username2: '', …} {type: 'empty', color: 'none', hasMoved: false, position: Array(2), index: -1}
isCheck.ts:150 5556No piece or color at square 5,4
isCheck.ts:146 5556squarePiece (2) [4, 4] {type: 'empty', color: 'none', position: Array(2), hasMoved: true, index: -1, …} {board: Array(8), history: Array(12), turn: 'white', username1: null, username2: '', …}
isCheck.ts:147 5556Iterating over square 4,4 with squarePiece color none {board: Array(8), history: Array(12), turn: 'white', username1: null, username2: '', …} {type: 'empty', color: 'none', position: Array(2), hasMoved: true, index: -1, …}
isCheck.ts:150 5556No piece or color at square 4,4
isCheck.ts:146 5556squarePiece (2) [3, 4] {type: 'empty', color: 'none', hasMoved: true, position: Array(2), index: -1, …} {board: Array(8), history: Array(12), turn: 'white', username1: null, username2: '', …}
isCheck.ts:147 5556Iterating over square 3,4 with squarePiece color none {board: Array(8), history: Array(12), turn: 'white', username1: null, username2: '', …} {type: 'empty', color: 'none', hasMoved: true, position: Array(2), index: -1, …}
isCheck.ts:150 5556No piece or color at square 3,4
isCheck.ts:146 5556squarePiece (2) [2, 4] {type: 'empty', color: 'none', hasMoved: false, position: Array(0), index: 16} {board: Array(8), history: Array(12), turn: 'white', username1: null, username2: '', …}
isCheck.ts:147 5556Iterating over square 2,4 with squarePiece color none {board: Array(8), history: Array(12), turn: 'white', username1: null, username2: '', …} {type: 'empty', color: 'none', hasMoved: false, position: Array(0), index: 16}
isCheck.ts:150 5556No piece or color at square 2,4
isCheck.ts:146 5556squarePiece (2) [1, 4] {type: 'pawn', color: 'black', position: Array(2), hasMoved: false, index: 12} {board: Array(8), history: Array(12), turn: 'white', username1: null, username2: '', …}
isCheck.ts:147 5556Iterating over square 1,4 with squarePiece color black {board: Array(8), history: Array(12), turn: 'white', username1: null, username2: '', …} {type: 'pawn', color: 'black', position: Array(2), hasMoved: false, index: 12}
isCheck.ts:155 5556color white black black
isCheck.ts:201 5556No opponent pieces hit in direction 2 at square 1,4
isCheck.ts:135 5556Iterating over direction 3
isCheck.ts:138 5556Row 3 is empty {board: Array(8), history: Array(12), turn: 'white', username1: null, username2: '', …}
isCheck.ts:135 5556Iterating over direction 4
isCheck.ts:146 5556squarePiece (2) [6, 3] {type: 'empty', color: 'none', hasMoved: false, position: Array(2), index: -1} {board: Array(8), history: Array(12), turn: 'white', username1: null, username2: '', …}
isCheck.ts:147 5556Iterating over square 6,3 with squarePiece color none {board: Array(8), history: Array(12), turn: 'white', username1: null, username2: '', …} {type: 'empty', color: 'none', hasMoved: false, position: Array(2), index: -1}
isCheck.ts:150 5556No piece or color at square 6,3
isCheck.ts:146 5556squarePiece (2) [5, 2] {type: 'empty', color: 'none', position: Array(2), hasMoved: true, index: -1, …} {board: Array(8), history: Array(12), turn: 'white', username1: null, username2: '', …}
isCheck.ts:147 5556Iterating over square 5,2 with squarePiece color none {board: Array(8), history: Array(12), turn: 'white', username1: null, username2: '', …} {type: 'empty', color: 'none', position: Array(2), hasMoved: true, index: -1, …}
isCheck.ts:150 5556No piece or color at square 5,2
isCheck.ts:146 5556squarePiece (2) [4, 1] {type: 'empty', color: 'none', hasMoved: false, position: Array(0), index: 16} {board: Array(8), history: Array(12), turn: 'white', username1: null, username2: '', …}
isCheck.ts:147 5556Iterating over square 4,1 with squarePiece color none {board: Array(8), history: Array(12), turn: 'white', username1: null, username2: '', …} {type: 'empty', color: 'none', hasMoved: false, position: Array(0), index: 16}
isCheck.ts:150 5556No piece or color at square 4,1
isCheck.ts:146 5556squarePiece (2) [3, 0] {type: 'empty', color: 'none', position: Array(2), hasMoved: true, index: -1, …} {board: Array(8), history: Array(12), turn: 'white', username1: null, username2: '', …}
isCheck.ts:147 5556Iterating over square 3,0 with squarePiece color none {board: Array(8), history: Array(12), turn: 'white', username1: null, username2: '', …} {type: 'empty', color: 'none', position: Array(2), hasMoved: true, index: -1, …}
isCheck.ts:150 5556No piece or color at square 3,0
isCheck.ts:135 5556Iterating over direction 5
isCheck.ts:146 5556squarePiece (2) [6, 5] {type: 'pawn', color: 'white', position: Array(2), hasMoved: false, index: 29} {board: Array(8), history: Array(12), turn: 'white', username1: null, username2: '', …}
isCheck.ts:147 5556Iterating over square 6,5 with squarePiece color white {board: Array(8), history: Array(12), turn: 'white', username1: null, username2: '', …} {type: 'pawn', color: 'white', position: Array(2), hasMoved: false, index: 29}
isCheck.ts:155 5556color white black white
isCheck.ts:157 5556Friendly's piece found at square 6,5 white
isCheck.ts:135 5556Iterating over direction 6
isCheck.ts:138 5556Row 6 is empty {board: Array(8), history: Array(12), turn: 'white', username1: null, username2: '', …}
isCheck.ts:135 5556Iterating over direction 7
isCheck.ts:138 5556Row 7 is empty {board: Array(8), history: Array(12), turn: 'white', username1: null, username2: '', …}
isCheck.ts:135 5556Iterating over direction 8
isCheck.ts:146 5556squarePiece (2) [5, 3] {type: 'empty', color: 'none', hasMoved: false, position: Array(2), index: -1} {board: Array(8), history: Array(12), turn: 'white', username1: null, username2: '', …}
isCheck.ts:147 5556Iterating over square 5,3 with squarePiece color none {board: Array(8), history: Array(12), turn: 'white', username1: null, username2: '', …} {type: 'empty', color: 'none', hasMoved: false, position: Array(2), index: -1}
isCheck.ts:150 5556No piece or color at square 5,3
isCheck.ts:135 5556Iterating over direction 9
isCheck.ts:146 5556squarePiece (2) [5, 5] {type: 'empty', color: 'none', hasMoved: false, position: Array(0), index: 16} {board: Array(8), history: Array(12), turn: 'white', username1: null, username2: '', …}
isCheck.ts:147 5556Iterating over square 5,5 with squarePiece color none {board: Array(8), history: Array(12), turn: 'white', username1: null, username2: '', …} {type: 'empty', color: 'none', hasMoved: false, position: Array(0), index: 16}
isCheck.ts:150 5556No piece or color at square 5,5
isCheck.ts:135 5556Iterating over direction 10
isCheck.ts:138 5556Row 10 is empty {board: Array(8), history: Array(12), turn: 'white', username1: null, username2: '', …}
isCheck.ts:135 5556Iterating over direction 11
isCheck.ts:138 5556Row 11 is empty {board: Array(8), history: Array(12), turn: 'white', username1: null, username2: '', …}
isCheck.ts:135 5556Iterating over direction 12
isCheck.ts:146 5556squarePiece (2) [6, 2] {type: 'empty', color: 'none', hasMoved: false, position: Array(2), index: -1} {board: Array(8), history: Array(12), turn: 'white', username1: null, username2: '', …}
isCheck.ts:147 5556Iterating over square 6,2 with squarePiece color none {board: Array(8), history: Array(12), turn: 'white', username1: null, username2: '', …} {type: 'empty', color: 'none', hasMoved: false, position: Array(2), index: -1}
isCheck.ts:150 5556No piece or color at square 6,2
isCheck.ts:135 5556Iterating over direction 13
isCheck.ts:146 5556squarePiece (2) [6, 6] {type: 'pawn', color: 'white', position: Array(2), hasMoved: false, index: 30} {board: Array(8), history: Array(12), turn: 'white', username1: null, username2: '', …}
isCheck.ts:147 5556Iterating over square 6,6 with squarePiece color white {board: Array(8), history: Array(12), turn: 'white', username1: null, username2: '', …} {type: 'pawn', color: 'white', position: Array(2), hasMoved: false, index: 30}
isCheck.ts:155 5556color white black white
isCheck.ts:157 5556Friendly's piece found at square 6,6 white
isCheck.ts:135 5556Iterating over direction 14
isCheck.ts:138 5556Row 14 is empty {board: Array(8), history: Array(12), turn: 'white', username1: null, username2: '', …}
isCheck.ts:135 5556Iterating over direction 15
isCheck.ts:138 5556Row 15 is empty {board: Array(8), history: Array(12), turn: 'white', username1: null, username2: '', …}
isCheck.ts:300 843firstTriggeringOpponentPiece undefined
isCheck.ts:301 843threateningSquares (16) [Array(4), Array(3), Array(7), Array(0), Array(4), Array(3), Array(0), Array(0), Array(1), Array(1), Array(0), Array(0), Array(1), Array(1), Array(0), Array(0)] {board: Array(8), history: Array(12), turn: 'white', username1: null, username2: '', …} undefined -1 true
isCheck.ts:326 843firstTriggeringOpponentPieceIndex: -1
isCheck.ts:327 843slicedCoordinates: []
isCheck.ts:350 843firstTriggeringOpponentPieceIndex -1
isCheck.ts:406 7322isKingInCheck false
isCheck.ts:412 7322King is not in check or checkmate.
isCheck.ts:414 843checkDirection -1 {board: Array(8), history: Array(12), turn: 'white', username1: null, username2: '', …}
validMoves.ts:151 843checkResult {isKingInCheck: false, loser: 'white', slicedThreateningSquares: Array(0), checkDirection: -1, firstTriggeringOpponentPiece: undefined, …} []
validMoves.ts:153 843moves [Array(0)]
validMoves.ts:567 843normalMoves [Array(2)] []
validMoves.ts:569 843normalMoves [Array(2)] []
enPassant.ts:4 Running enPassant function with piece: {id: 27, type: 'pawn', position: Array(2), color: 'white', hasMoved: true} and lastPosition: (2) [3, 3]
enPassant.ts:28 enPassantCondition: false enPassantDirection: -1 toX: 3 toY: 3 opponentColor: black
enPassant.ts:44 Was this the opponent's last move? false
validMoves.ts:758 843pawnMove (2) [3, 3]
validMoves.ts:281 843position (2) [3, 3] {board: Array(8), history: Array(12), turn: 'white', username1: null, username2: '', …}
validMoves.ts:381 843currentIndex 27 {type: 'pawn', color: 'white', position: Array(2), hasMoved: true, index: 27, …} (2) [3, 3]
validMoves.ts:383 tempGameState {board: Array(8), history: Array(12), turn: 'white', username1: null, username2: '', …} 843tempGameState.turn white {board: Array(8), history: Array(12), turn: 'white', username1: null, username2: '', …} (2) [3, 3] (2) [3, 3] {type: 'pawn', color: 'white', position: Array(2), hasMoved: true, index: 27, …}
validMoves.ts:879 843moves [Array(0)] [Array(2)]
validMoves.ts:887 Checking move 0: []
validMoves.ts:892 Comparing with normalMove 0: (2) [2, 3] [Array(2)]
validMoves.ts:915 Move 0 not found in normalMoves, errorFound set to true
validMoves.ts:921 Some moves may have inconsistent format, but proceeding anyway
overrideMethod @ hook.js:608
validMoves @ validMoves.ts:921
(anonymous) @ aiEngine.ts:109
getAllLegalMoves @ aiEngine.ts:106
getBestMoveOneDepth @ aiEngine.ts:76
getAIMove @ aiEngine.ts:20
makeAIMove @ App.tsx:284
(anonymous) @ App.tsx:580
setTimeout
(anonymous) @ App.tsx:579
commitHookEffectListMount @ chunk-X3B7SAOS.js?v=3151037c:16904
commitPassiveMountOnFiber @ chunk-X3B7SAOS.js?v=3151037c:18152
commitPassiveMountEffects_complete @ chunk-X3B7SAOS.js?v=3151037c:18125
commitPassiveMountEffects_begin @ chunk-X3B7SAOS.js?v=3151037c:18115
commitPassiveMountEffects @ chunk-X3B7SAOS.js?v=3151037c:18105
flushPassiveEffectsImpl @ chunk-X3B7SAOS.js?v=3151037c:19486
flushPassiveEffects @ chunk-X3B7SAOS.js?v=3151037c:19443
(anonymous) @ chunk-X3B7SAOS.js?v=3151037c:19324
workLoop @ chunk-X3B7SAOS.js?v=3151037c:197
flushWork @ chunk-X3B7SAOS.js?v=3151037c:176
performWorkUntilDeadline @ chunk-X3B7SAOS.js?v=3151037c:384Understand this warningAI
validMoves.ts:12 302validMoves piece {id: 28, type: 'pawn', position: Array(2), color: 'white', hasMoved: true} position (2) [4, 4] gameState {board: Array(8), history: Array(12), turn: 'white', username1: null, username2: '', …} playerNumber 2 lastPosition (2) [4, 4]
validMoves.ts:35 7778tempGameState 7 7778pieceLastPosition 4 7778piece 4 7778tempKing 4 tempGameState {board: Array(8), history: Array(12), turn: 'white', username1: null, username2: '', …}
validMoves.ts:47 843hypotheticalGameState {board: Array(8), history: Array(12), turn: 'white', username1: null, username2: '', …} 843piece.position (2) [4, 4] 843lastPosition (2) [4, 4]
validMoves.ts:62 843checkDirection 0 843threateningPieceIndex 0 (16) [Array(4), Array(3), Array(7), Array(0), Array(4), Array(3), Array(0), Array(0), Array(1), Array(1), Array(0), Array(0), Array(1), Array(1), Array(0), Array(0)]
validMoves.ts:67 843piece {type: 'empty', color: 'none', hasMoved: false, position: Array(2), index: -1} 843piece.color none 843opponentColor black 843currentColor white
validMoves.ts:62 843checkDirection 0 843threateningPieceIndex 1 (16) [Array(4), Array(3), Array(7), Array(0), Array(4), Array(3), Array(0), Array(0), Array(1), Array(1), Array(0), Array(0), Array(1), Array(1), Array(0), Array(0)]
validMoves.ts:67 843piece {type: 'bishop', color: 'white', position: Array(2), hasMoved: false, index: 18} 843piece.color white 843opponentColor black 843currentColor white
validMoves.ts:62 843checkDirection 1 843threateningPieceIndex 0 (16) [Array(4), Array(3), Array(7), Array(0), Array(4), Array(3), Array(0), Array(0), Array(1), Array(1), Array(0), Array(0), Array(1), Array(1), Array(0), Array(0)]
validMoves.ts:67 843piece {type: 'bishop', color: 'white', position: Array(2), hasMoved: false, index: 21} 843piece.color white 843opponentColor black 843currentColor white
validMoves.ts:62 843checkDirection 2 843threateningPieceIndex 0 (16) [Array(4), Array(3), Array(7), Array(0), Array(4), Array(3), Array(0), Array(0), Array(1), Array(1), Array(0), Array(0), Array(1), Array(1), Array(0), Array(0)]
validMoves.ts:67 843piece {type: 'empty', color: 'none', hasMoved: false, position: Array(2), index: -1} 843piece.color none 843opponentColor black 843currentColor white
validMoves.ts:62 843checkDirection 2 843threateningPieceIndex 1 (16) [Array(4), Array(3), Array(7), Array(0), Array(4), Array(3), Array(0), Array(0), Array(1), Array(1), Array(0), Array(0), Array(1), Array(1), Array(0), Array(0)]
validMoves.ts:67 843piece {type: 'empty', color: 'none', hasMoved: false, position: Array(2), index: -1} 843piece.color none 843opponentColor black 843currentColor white
validMoves.ts:62 843checkDirection 2 843threateningPieceIndex 2 (16) [Array(4), Array(3), Array(7), Array(0), Array(4), Array(3), Array(0), Array(0), Array(1), Array(1), Array(0), Array(0), Array(1), Array(1), Array(0), Array(0)]
validMoves.ts:67 843piece {id: 28, type: 'pawn', position: Array(2), color: 'white', hasMoved: true} 843piece.color white 843opponentColor black 843currentColor white
validMoves.ts:54 77722piece.position (2) [0, 4]
validMoves.ts:62 843checkDirection 3 843threateningPieceIndex 0 (16) [Array(0), Array(7), Array(4), Array(3), Array(0), Array(0), Array(4), Array(3), Array(0), Array(0), Array(0), Array(0), Array(1), Array(1), Array(1), Array(1)]
validMoves.ts:67 843piece {type: 'bishop', color: 'black', position: Array(2), hasMoved: false, index: 5} 843piece.color black 843opponentColor black 843currentColor white
validMoves.ts:54 77722piece.position (2) [0, 4]
validMoves.ts:54 77722piece.position (2) [0, 4]
validMoves.ts:62 843checkDirection 6 843threateningPieceIndex 0 (16) [Array(0), Array(7), Array(4), Array(3), Array(0), Array(0), Array(4), Array(3), Array(0), Array(0), Array(0), Array(0), Array(1), Array(1), Array(1), Array(1)]
validMoves.ts:67 843piece {type: 'pawn', color: 'black', position: Array(2), hasMoved: false, index: 11} 843piece.color black 843opponentColor black 843currentColor white
validMoves.ts:62 843checkDirection 7 843threateningPieceIndex 0 (16) [Array(0), Array(7), Array(4), Array(3), Array(0), Array(0), Array(4), Array(3), Array(0), Array(0), Array(0), Array(0), Array(1), Array(1), Array(1), Array(1)]
validMoves.ts:67 843piece {type: 'pawn', color: 'black', position: Array(2), hasMoved: false, index: 13} 843piece.color black 843opponentColor black 843currentColor white
validMoves.ts:54 77722piece.position (2) [0, 4]
validMoves.ts:54 77722piece.position (2) [0, 4]
validMoves.ts:54 77722piece.position (2) [0, 4]
validMoves.ts:54 77722piece.position (2) [0, 4]
validMoves.ts:62 843checkDirection 12 843threateningPieceIndex 0 (16) [Array(0), Array(7), Array(4), Array(3), Array(0), Array(0), Array(4), Array(3), Array(0), Array(0), Array(0), Array(0), Array(1), Array(1), Array(1), Array(1)]
validMoves.ts:67 843piece {type: 'pawn', color: 'black', position: Array(2), hasMoved: false, index: 10} 843piece.color black 843opponentColor black 843currentColor white
validMoves.ts:62 843checkDirection 13 843threateningPieceIndex 0 (16) [Array(0), Array(7), Array(4), Array(3), Array(0), Array(0), Array(4), Array(3), Array(0), Array(0), Array(0), Array(0), Array(1), Array(1), Array(1), Array(1)]
validMoves.ts:67 843piece {type: 'pawn', color: 'black', position: Array(2), hasMoved: false, index: 14} 843piece.color black 843opponentColor black 843currentColor white
validMoves.ts:62 843checkDirection 14 843threateningPieceIndex 0 (16) [Array(0), Array(7), Array(4), Array(3), Array(0), Array(0), Array(4), Array(3), Array(0), Array(0), Array(0), Array(0), Array(1), Array(1), Array(1), Array(1)]
validMoves.ts:67 843piece {type: 'empty', color: 'none', hasMoved: false, position: Array(0), index: 16} 843piece.color none 843opponentColor black 843currentColor white
validMoves.ts:62 843checkDirection 15 843threateningPieceIndex 0 (16) [Array(0), Array(7), Array(4), Array(3), Array(0), Array(0), Array(4), Array(3), Array(0), Array(0), Array(0), Array(0), Array(1), Array(1), Array(1), Array(1)]
validMoves.ts:67 843piece {type: 'empty', color: 'none', hasMoved: true, position: Array(2), index: -1, …} 843piece.color none 843opponentColor black 843currentColor white
validMoves.ts:178 843matchFoundInDirection 2
validMoves.ts:439 847piece.type pawn checkPosition (2) [4, 4] lastPosition (2) [4, 4] gameState {board: Array(8), history: Array(12), turn: 'white', username1: null, username2: '', …} piece {id: 28, type: 'pawn', position: Array(2), color: 'white', hasMoved: true} position (2) [4, 4] playerNumber 2 lastPosition (2) [4, 4] matchFoundInDirection 2 currentColor white
isCheckOpponent.ts:69 7322isCheckParams {board: Array(8), history: Array(12), turn: 'white', username1: null, username2: '', …} (16) [Array(4), Array(3), Array(0), Array(7), Array(0), Array(0), Array(4), Array(3), Array(0), Array(0), Array(1), Array(1), Array(0), Array(0), Array(1), Array(1)] 1 (2) [4, 4] {id: 28, type: 'pawn', position: Array(2), color: 'white', hasMoved: true} (2) [4, 4] 2 (2) [4, 4] 2 white
isCheckOpponent.ts:70 7322threateningSquares (16) [Array(4), Array(3), Array(0), Array(7), Array(0), Array(0), Array(4), Array(3), Array(0), Array(0), Array(1), Array(1), Array(0), Array(0), Array(1), Array(1)]
isCheckOpponent.ts:71 7322gameState {board: Array(8), history: Array(12), turn: 'white', username1: null, username2: '', …}
isCheckOpponent.ts:82 5556pieceLastPosition (2) [4, 4] undefined
calculateThreateningSquares.ts:15 999King position: (2) [7, 4] (2) [4, 4] (2) [7, 4]
calculateThreateningSquares.ts:31 999Current direction: (2) [0, -1]
calculateThreateningSquares.ts:49 999New position: (2) [7, 3]
calculateThreateningSquares.ts:49 999New position: (2) [7, 2]
calculateThreateningSquares.ts:49 999New position: (2) [7, 1]
calculateThreateningSquares.ts:49 999New position: (2) [7, 0]
calculateThreateningSquares.ts:49 999New position: (2) [7, -1]
calculateThreateningSquares.ts:31 999Current direction: (2) [0, 1]
calculateThreateningSquares.ts:49 999New position: (2) [7, 5]
calculateThreateningSquares.ts:49 999New position: (2) [7, 6]
calculateThreateningSquares.ts:49 999New position: (2) [7, 7]
calculateThreateningSquares.ts:49 999New position: (2) [7, 8]
calculateThreateningSquares.ts:31 999Current direction: (2) [-1, 0]
calculateThreateningSquares.ts:49 999New position: (2) [6, 4]
calculateThreateningSquares.ts:49 999New position: (2) [5, 4]
calculateThreateningSquares.ts:49 999New position: (2) [4, 4]
calculateThreateningSquares.ts:49 999New position: (2) [3, 4]
calculateThreateningSquares.ts:49 999New position: (2) [2, 4]
calculateThreateningSquares.ts:49 999New position: (2) [1, 4]
calculateThreateningSquares.ts:49 999New position: (2) [0, 4]
calculateThreateningSquares.ts:31 999Current direction: (2) [1, 0]
calculateThreateningSquares.ts:49 999New position: (2) [8, 4]
calculateThreateningSquares.ts:31 999Current direction: (2) [-1, -1]
calculateThreateningSquares.ts:49 999New position: (2) [6, 3]
calculateThreateningSquares.ts:49 999New position: (2) [5, 2]
calculateThreateningSquares.ts:49 999New position: (2) [4, 1]
calculateThreateningSquares.ts:49 999New position: (2) [3, 0]
calculateThreateningSquares.ts:49 999New position: (2) [2, -1]
calculateThreateningSquares.ts:31 999Current direction: (2) [-1, 1]
calculateThreateningSquares.ts:49 999New position: (2) [6, 5]
calculateThreateningSquares.ts:49 999New position: (2) [5, 6]
calculateThreateningSquares.ts:49 999New position: (2) [4, 7]
calculateThreateningSquares.ts:49 999New position: (2) [3, 8]
calculateThreateningSquares.ts:31 999Current direction: (2) [1, -1]
calculateThreateningSquares.ts:49 999New position: (2) [8, 3]
calculateThreateningSquares.ts:31 999Current direction: (2) [1, 1]
calculateThreateningSquares.ts:49 999New position: (2) [8, 5]
calculateThreateningSquares.ts:31 999Current direction: (2) [-2, -1]
calculateThreateningSquares.ts:37 999New position: (2) [5, 3]
calculateThreateningSquares.ts:31 999Current direction: (2) [-2, 1]
calculateThreateningSquares.ts:37 999New position: (2) [5, 5]
calculateThreateningSquares.ts:31 999Current direction: (2) [2, -1]
calculateThreateningSquares.ts:37 999New position: (2) [9, 3]
calculateThreateningSquares.ts:31 999Current direction: (2) [2, 1]
calculateThreateningSquares.ts:37 999New position: (2) [9, 5]
calculateThreateningSquares.ts:31 999Current direction: (2) [-1, -2]
calculateThreateningSquares.ts:37 999New position: (2) [6, 2]
calculateThreateningSquares.ts:31 999Current direction: (2) [-1, 2]
calculateThreateningSquares.ts:37 999New position: (2) [6, 6]
calculateThreateningSquares.ts:31 999Current direction: (2) [1, -2]
calculateThreateningSquares.ts:37 999New position: (2) [8, 2]
calculateThreateningSquares.ts:31 999Current direction: (2) [1, 2]
calculateThreateningSquares.ts:37 999New position: (2) [8, 6]
calculateThreateningSquares.ts:59 999Calculated squares: (16) [Array(4), Array(3), Array(7), Array(0), Array(4), Array(3), Array(0), Array(0), Array(1), Array(1), Array(0), Array(0), Array(1), Array(1), Array(0), Array(0)]
isCheckOpponent.ts:143 Updated threateningSquaresCopy for check evaluation: (16) [Array(4), Array(3), Array(7), Array(0), Array(4), Array(3), Array(0), Array(0), Array(1), Array(1), Array(0), Array(0), Array(1), Array(1), Array(0), Array(0)]
isCheckOpponent.ts:371 7322gameState.history.length 12
isCheckOpponent.ts:214 7322canBlockParams (16) [Array(4), Array(3), Array(0), Array(7), Array(0), Array(0), Array(4), Array(3), Array(0), Array(0), Array(1), Array(1), Array(0), Array(0), Array(1), Array(1)] (2) [4, 4] white
isCheckOpponent.ts:226 7322currentPlayerPieces (16) [{…}, {…}, {…}, {…}, {…}, {…}, {…}, {…}, {…}, {…}, {…}, {…}, {…}, {…}, {…}, {…}]
isCheckOpponent.ts:227 5556threateningSquares (16) [Array(4), Array(3), Array(0), Array(7), Array(0), Array(0), Array(4), Array(3), Array(0), Array(0), Array(1), Array(1), Array(0), Array(0), Array(1), Array(1)] black
isCheckOpponent.ts:230 7322threateningSquaresCopy (16) [Array(4), Array(3), Array(0), Array(7), Array(0), Array(0), Array(4), Array(3), Array(0), Array(0), Array(1), Array(1), Array(0), Array(0), Array(1), Array(1)]
isCheckOpponent.ts:240 5556Iterating over direction 0 (4) [Array(2), Array(2), Array(2), Array(2)]
isCheckOpponent.ts:268 5556color white black black true
isCheckOpponent.ts:270 5556Opponent's piece found at square 0,3 white
isCheckOpponent.ts:240 5556Iterating over direction 1 (3) [Array(2), Array(2), Array(2)]
isCheckOpponent.ts:268 5556color white black black true
isCheckOpponent.ts:270 5556Opponent's piece found at square 0,5 white
isCheckOpponent.ts:240 5556Iterating over direction 2 []
isCheckOpponent.ts:243 5556Row 2 is empty {board: Array(8), history: Array(12), turn: 'white', username1: null, username2: '', …} []
isCheckOpponent.ts:240 5556Iterating over direction 3 (7) [Array(2), Array(2), Array(2), Array(2), Array(2), Array(2), Array(2)]
isCheckOpponent.ts:268 5556color white black black true
isCheckOpponent.ts:270 5556Opponent's piece found at square 1,4 white
isCheckOpponent.ts:240 5556Iterating over direction 4 []
isCheckOpponent.ts:243 5556Row 4 is empty {board: Array(8), history: Array(12), turn: 'white', username1: null, username2: '', …} []
isCheckOpponent.ts:240 5556Iterating over direction 5 []
isCheckOpponent.ts:243 5556Row 5 is empty {board: Array(8), history: Array(12), turn: 'white', username1: null, username2: '', …} []
isCheckOpponent.ts:240 5556Iterating over direction 6 (4) [Array(2), Array(2), Array(2), Array(2)]
isCheckOpponent.ts:268 5556color white black black true
isCheckOpponent.ts:270 5556Opponent's piece found at square 1,3 white
isCheckOpponent.ts:240 5556Iterating over direction 7 (3) [Array(2), Array(2), Array(2)]
isCheckOpponent.ts:268 5556color white black black true
isCheckOpponent.ts:270 5556Opponent's piece found at square 1,5 white
isCheckOpponent.ts:240 5556Iterating over direction 8 []
isCheckOpponent.ts:243 5556Row 8 is empty {board: Array(8), history: Array(12), turn: 'white', username1: null, username2: '', …} []
isCheckOpponent.ts:240 5556Iterating over direction 9 []
isCheckOpponent.ts:243 5556Row 9 is empty {board: Array(8), history: Array(12), turn: 'white', username1: null, username2: '', …} []
isCheckOpponent.ts:240 5556Iterating over direction 10 [Array(2)]
isCheckOpponent.ts:259 5556No opponent's knight at square 2,3 empty
isCheckOpponent.ts:240 5556Iterating over direction 11 [Array(2)]
isCheckOpponent.ts:259 5556No opponent's knight at square 2,5 empty
isCheckOpponent.ts:240 5556Iterating over direction 12 []
isCheckOpponent.ts:243 5556Row 12 is empty {board: Array(8), history: Array(12), turn: 'white', username1: null, username2: '', …} []
isCheckOpponent.ts:240 5556Iterating over direction 13 []
isCheckOpponent.ts:243 5556Row 13 is empty {board: Array(8), history: Array(12), turn: 'white', username1: null, username2: '', …} []
isCheckOpponent.ts:240 5556Iterating over direction 14 [Array(2)]
isCheckOpponent.ts:259 5556No opponent's knight at square 1,2 pawn
isCheckOpponent.ts:240 5556Iterating over direction 15 [Array(2)]
isCheckOpponent.ts:259 5556No opponent's knight at square 1,6 pawn
isCheckOpponent.ts:354 5556Last direction is blank or not an current player's knight at square 1,6
isCheckOpponent.ts:379 843firstTriggeringCurrentPiece undefined
isCheckOpponent.ts:416 843firstTriggeringCurrentPieceIndex: -1
isCheckOpponent.ts:417 843slicedCoordinates: []
isCheckOpponent.ts:439 843firstTriggeringCurrentPieceIndex -1
isCheckOpponent.ts:214 7322canBlockParams (16) [Array(4), Array(3), Array(0), Array(7), Array(0), Array(0), Array(4), Array(3), Array(0), Array(0), Array(1), Array(1), Array(0), Array(0), Array(1), Array(1)] (2) [4, 4] white
isCheckOpponent.ts:226 7322currentPlayerPieces (16) [{…}, {…}, {…}, {…}, {…}, {…}, {…}, {…}, {…}, {…}, {…}, {…}, {…}, {…}, {…}, {…}]
isCheckOpponent.ts:227 5556threateningSquares (16) [Array(4), Array(3), Array(0), Array(7), Array(0), Array(0), Array(4), Array(3), Array(0), Array(0), Array(1), Array(1), Array(0), Array(0), Array(1), Array(1)] black
isCheckOpponent.ts:230 7322threateningSquaresCopy (16) [Array(4), Array(3), Array(0), Array(7), Array(0), Array(0), Array(4), Array(3), Array(0), Array(0), Array(1), Array(1), Array(0), Array(0), Array(1), Array(1)]
isCheckOpponent.ts:240 5556Iterating over direction 0 (4) [Array(2), Array(2), Array(2), Array(2)]
isCheckOpponent.ts:268 5556color white black black true
isCheckOpponent.ts:270 5556Opponent's piece found at square 0,3 white
isCheckOpponent.ts:240 5556Iterating over direction 1 (3) [Array(2), Array(2), Array(2)]
isCheckOpponent.ts:268 5556color white black black true
isCheckOpponent.ts:270 5556Opponent's piece found at square 0,5 white
isCheckOpponent.ts:240 5556Iterating over direction 2 []
isCheckOpponent.ts:243 5556Row 2 is empty {board: Array(8), history: Array(12), turn: 'white', username1: null, username2: '', …} []
isCheckOpponent.ts:240 5556Iterating over direction 3 (7) [Array(2), Array(2), Array(2), Array(2), Array(2), Array(2), Array(2)]
isCheckOpponent.ts:268 5556color white black black true
isCheckOpponent.ts:270 5556Opponent's piece found at square 1,4 white
isCheckOpponent.ts:240 5556Iterating over direction 4 []
isCheckOpponent.ts:243 5556Row 4 is empty {board: Array(8), history: Array(12), turn: 'white', username1: null, username2: '', …} []
isCheckOpponent.ts:240 5556Iterating over direction 5 []
isCheckOpponent.ts:243 5556Row 5 is empty {board: Array(8), history: Array(12), turn: 'white', username1: null, username2: '', …} []
isCheckOpponent.ts:240 5556Iterating over direction 6 (4) [Array(2), Array(2), Array(2), Array(2)]
isCheckOpponent.ts:268 5556color white black black true
isCheckOpponent.ts:270 5556Opponent's piece found at square 1,3 white
isCheckOpponent.ts:240 5556Iterating over direction 7 (3) [Array(2), Array(2), Array(2)]
isCheckOpponent.ts:268 5556color white black black true
isCheckOpponent.ts:270 5556Opponent's piece found at square 1,5 white
isCheckOpponent.ts:240 5556Iterating over direction 8 []
isCheckOpponent.ts:243 5556Row 8 is empty {board: Array(8), history: Array(12), turn: 'white', username1: null, username2: '', …} []
isCheckOpponent.ts:240 5556Iterating over direction 9 []
isCheckOpponent.ts:243 5556Row 9 is empty {board: Array(8), history: Array(12), turn: 'white', username1: null, username2: '', …} []
isCheckOpponent.ts:240 5556Iterating over direction 10 [Array(2)]
isCheckOpponent.ts:259 5556No opponent's knight at square 2,3 empty
isCheckOpponent.ts:240 5556Iterating over direction 11 [Array(2)]
isCheckOpponent.ts:259 5556No opponent's knight at square 2,5 empty
isCheckOpponent.ts:240 5556Iterating over direction 12 []
isCheckOpponent.ts:243 5556Row 12 is empty {board: Array(8), history: Array(12), turn: 'white', username1: null, username2: '', …} []
isCheckOpponent.ts:240 5556Iterating over direction 13 []
isCheckOpponent.ts:243 5556Row 13 is empty {board: Array(8), history: Array(12), turn: 'white', username1: null, username2: '', …} []
isCheckOpponent.ts:240 5556Iterating over direction 14 [Array(2)]
isCheckOpponent.ts:259 5556No opponent's knight at square 1,2 pawn
isCheckOpponent.ts:240 5556Iterating over direction 15 [Array(2)]
isCheckOpponent.ts:259 5556No opponent's knight at square 1,6 pawn
isCheckOpponent.ts:354 5556Last direction is blank or not an current player's knight at square 1,6
isCheckOpponent.ts:463 7322isKingInCheck false
validMoves.ts:444 843isKingInCheck false 843slicedThreateningSquares undefined 843directionIndex -1
pieceMoves.ts:37 222getMovesForPiece {id: 28, type: 'pawn', position: Array(2), color: 'white', hasMoved: true} (2) [4, 4] {board: Array(8), history: Array(12), turn: 'white', username1: null, username2: '', …}
pieceMoves.ts:58 222PawnMovesCheck {id: 28, type: 'pawn', position: Array(2), color: 'white', hasMoved: true} (2) [4, 4] {board: Array(8), history: Array(12), turn: 'white', username1: null, username2: '', …}
pieceMoves.ts:65 222PawnMovesForwards (2) [3, 4] 3 4
pieceMoves.ts:126 222PawnMovesSent (2) [Array(2), Array(2)]
pieceMoves.ts:43 222getMovesForPieceMoves (2) [Array(2), Array(2)]
pieceMoves.ts:51 Returning moves: (2) [Array(2), Array(2)] {board: Array(8), history: Array(12), turn: 'white', username1: null, username2: '', …}
validMoves.ts:553 843normalMoves (2) [Array(2), Array(2)]
validMoves.ts:565 843filteredMoves []
validMoves.ts:89 843tempGameState {board: Array(8), history: Array(12), turn: 'white', username1: null, username2: '', …} 843currentColor white 843gameState.threateningPiecesPositions[currentColor] {black: Array(16), white: Array(16)} piece position (2) [3, 4]
calculateThreateningSquares.ts:15 999King position: (2) [7, 4] (2) [3, 4] (2) [7, 4]
calculateThreateningSquares.ts:31 999Current direction: (2) [0, -1]
calculateThreateningSquares.ts:49 999New position: (2) [7, 3]
calculateThreateningSquares.ts:49 999New position: (2) [7, 2]
calculateThreateningSquares.ts:49 999New position: (2) [7, 1]
calculateThreateningSquares.ts:49 999New position: (2) [7, 0]
calculateThreateningSquares.ts:49 999New position: (2) [7, -1]
calculateThreateningSquares.ts:31 999Current direction: (2) [0, 1]
calculateThreateningSquares.ts:49 999New position: (2) [7, 5]
calculateThreateningSquares.ts:49 999New position: (2) [7, 6]
calculateThreateningSquares.ts:49 999New position: (2) [7, 7]
calculateThreateningSquares.ts:49 999New position: (2) [7, 8]
calculateThreateningSquares.ts:31 999Current direction: (2) [-1, 0]
calculateThreateningSquares.ts:49 999New position: (2) [6, 4]
calculateThreateningSquares.ts:49 999New position: (2) [5, 4]
calculateThreateningSquares.ts:49 999New position: (2) [4, 4]
calculateThreateningSquares.ts:49 999New position: (2) [3, 4]
calculateThreateningSquares.ts:49 999New position: (2) [2, 4]
calculateThreateningSquares.ts:49 999New position: (2) [1, 4]
calculateThreateningSquares.ts:49 999New position: (2) [0, 4]
calculateThreateningSquares.ts:31 999Current direction: (2) [1, 0]
calculateThreateningSquares.ts:49 999New position: (2) [8, 4]
calculateThreateningSquares.ts:31 999Current direction: (2) [-1, -1]
calculateThreateningSquares.ts:49 999New position: (2) [6, 3]
calculateThreateningSquares.ts:49 999New position: (2) [5, 2]
calculateThreateningSquares.ts:49 999New position: (2) [4, 1]
calculateThreateningSquares.ts:49 999New position: (2) [3, 0]
calculateThreateningSquares.ts:49 999New position: (2) [2, -1]
calculateThreateningSquares.ts:31 999Current direction: (2) [-1, 1]
calculateThreateningSquares.ts:49 999New position: (2) [6, 5]
calculateThreateningSquares.ts:49 999New position: (2) [5, 6]
calculateThreateningSquares.ts:49 999New position: (2) [4, 7]
calculateThreateningSquares.ts:49 999New position: (2) [3, 8]
calculateThreateningSquares.ts:31 999Current direction: (2) [1, -1]
calculateThreateningSquares.ts:49 999New position: (2) [8, 3]
calculateThreateningSquares.ts:31 999Current direction: (2) [1, 1]
calculateThreateningSquares.ts:49 999New position: (2) [8, 5]
calculateThreateningSquares.ts:31 999Current direction: (2) [-2, -1]
calculateThreateningSquares.ts:37 999New position: (2) [5, 3]
calculateThreateningSquares.ts:31 999Current direction: (2) [-2, 1]
calculateThreateningSquares.ts:37 999New position: (2) [5, 5]
calculateThreateningSquares.ts:31 999Current direction: (2) [2, -1]
calculateThreateningSquares.ts:37 999New position: (2) [9, 3]
calculateThreateningSquares.ts:31 999Current direction: (2) [2, 1]
calculateThreateningSquares.ts:37 999New position: (2) [9, 5]
calculateThreateningSquares.ts:31 999Current direction: (2) [-1, -2]
calculateThreateningSquares.ts:37 999New position: (2) [6, 2]
calculateThreateningSquares.ts:31 999Current direction: (2) [-1, 2]
calculateThreateningSquares.ts:37 999New position: (2) [6, 6]
calculateThreateningSquares.ts:31 999Current direction: (2) [1, -2]
calculateThreateningSquares.ts:37 999New position: (2) [8, 2]
calculateThreateningSquares.ts:31 999Current direction: (2) [1, 2]
calculateThreateningSquares.ts:37 999New position: (2) [8, 6]
calculateThreateningSquares.ts:59 999Calculated squares: (16) [Array(4), Array(3), Array(7), Array(0), Array(4), Array(3), Array(0), Array(0), Array(1), Array(1), Array(0), Array(0), Array(1), Array(1), Array(0), Array(0)]
validMoves.ts:132 debugging 1: 7,3,7,2,7,1,7,0,7,5,7,6,7,7,6,4,5,4,4,4,3,4,2,4,1,4,0,4,,6,3,5,2,4,1,3,0,6,5,5,6,4,7,,,5,3,5,5,,,6,2,6,6,,
isCheck.ts:15 Game State: {board: Array(8), history: Array(12), turn: 'white', username1: null, username2: '', …} Threatening Squares: (16) [Array(4), Array(3), Array(7), Array(0), Array(4), Array(3), Array(0), Array(0), Array(1), Array(1), Array(0), Array(0), Array(1), Array(1), Array(0), Array(0)] Opponent Player Number: 1 Check Position: (2) [7, 4] Piece: {id: 28, type: 'pawn', position: Array(2), color: 'white', hasMoved: true} Position: (2) [4, 4] Player Number: 2 Last Position: (2) [3, 4] Match Found In Direction: 2 Current Player Color: white
isCheck.ts:26 7322threateningSquares (16) [Array(4), Array(3), Array(7), Array(0), Array(4), Array(3), Array(0), Array(0), Array(1), Array(1), Array(0), Array(0), Array(1), Array(1), Array(0), Array(0)]
isCheck.ts:27 7322gameState {board: Array(8), history: Array(12), turn: 'white', username1: null, username2: '', …}
isCheck.ts:35 5556pieceLastPosition (2) [3, 4]
isCheck.ts:293 7322gameState.history.length 12
isCheck.ts:92 7322gameState {board: Array(8), history: Array(12), turn: 'white', username1: null, username2: '', …}
isCheck.ts:93 7322piece {id: 28, type: 'pawn', position: Array(2), color: 'white', hasMoved: true} undefined
isCheck.ts:94 7322lastPosition (2) [3, 4]
isCheck.ts:95 7322canBlockParams {board: Array(8), history: Array(12), turn: 'white', username1: null, username2: '', …} (16) [Array(4), Array(3), Array(7), Array(0), Array(4), Array(3), Array(0), Array(0), Array(1), Array(1), Array(0), Array(0), Array(1), Array(1), Array(0), Array(0)] (2) [7, 4] black
isCheck.ts:97 7322threateningSquares (16) [Array(4), Array(3), Array(7), Array(0), Array(4), Array(3), Array(0), Array(0), Array(1), Array(1), Array(0), Array(0), Array(1), Array(1), Array(0), Array(0)]
isCheck.ts:75 7322gameState {board: Array(8), history: Array(12), turn: 'white', username1: null, username2: '', …}
isCheck.ts:127 7322currentPlayerPieces (15) [{…}, {…}, {…}, {…}, {…}, {…}, {…}, {…}, {…}, {…}, {…}, {…}, {…}, {…}, {…}]
isCheck.ts:128 5556threateningSquares (16) [Array(4), Array(3), Array(7), Array(0), Array(4), Array(3), Array(0), Array(0), Array(1), Array(1), Array(0), Array(0), Array(1), Array(1), Array(0), Array(0)] white
isCheck.ts:131 7322threateningSquaresCopy (16) [Array(4), Array(3), Array(7), Array(0), Array(4), Array(3), Array(0), Array(0), Array(1), Array(1), Array(0), Array(0), Array(1), Array(1), Array(0), Array(0)]
isCheck.ts:135 5556Iterating over direction 0
isCheck.ts:146 5556squarePiece (2) [7, 3] {type: 'empty', color: 'none', hasMoved: false, position: Array(2), index: -1} {board: Array(8), history: Array(12), turn: 'white', username1: null, username2: '', …}
isCheck.ts:147 5556Iterating over square 7,3 with squarePiece color none {board: Array(8), history: Array(12), turn: 'white', username1: null, username2: '', …} {type: 'empty', color: 'none', hasMoved: false, position: Array(2), index: -1}
isCheck.ts:150 5556No piece or color at square 7,3
isCheck.ts:146 5556squarePiece (2) [7, 2] {type: 'bishop', color: 'white', position: Array(2), hasMoved: false, index: 18} {board: Array(8), history: Array(12), turn: 'white', username1: null, username2: '', …}
isCheck.ts:147 5556Iterating over square 7,2 with squarePiece color white {board: Array(8), history: Array(12), turn: 'white', username1: null, username2: '', …} {type: 'bishop', color: 'white', position: Array(2), hasMoved: false, index: 18}
isCheck.ts:155 5556color white black white
isCheck.ts:157 5556Friendly's piece found at square 7,2 white
isCheck.ts:135 5556Iterating over direction 1
isCheck.ts:146 5556squarePiece (2) [7, 5] {type: 'bishop', color: 'white', position: Array(2), hasMoved: false, index: 21} {board: Array(8), history: Array(12), turn: 'white', username1: null, username2: '', …}
isCheck.ts:147 5556Iterating over square 7,5 with squarePiece color white {board: Array(8), history: Array(12), turn: 'white', username1: null, username2: '', …} {type: 'bishop', color: 'white', position: Array(2), hasMoved: false, index: 21}
isCheck.ts:155 5556color white black white
isCheck.ts:157 5556Friendly's piece found at square 7,5 white
isCheck.ts:135 5556Iterating over direction 2
isCheck.ts:146 5556squarePiece (2) [6, 4] {type: 'empty', color: 'none', hasMoved: false, position: Array(2), index: -1} {board: Array(8), history: Array(12), turn: 'white', username1: null, username2: '', …}
isCheck.ts:147 5556Iterating over square 6,4 with squarePiece color none {board: Array(8), history: Array(12), turn: 'white', username1: null, username2: '', …} {type: 'empty', color: 'none', hasMoved: false, position: Array(2), index: -1}
isCheck.ts:150 5556No piece or color at square 6,4
isCheck.ts:146 5556squarePiece (2) [5, 4] {type: 'empty', color: 'none', hasMoved: false, position: Array(2), index: -1} {board: Array(8), history: Array(12), turn: 'white', username1: null, username2: '', …}
isCheck.ts:147 5556Iterating over square 5,4 with squarePiece color none {board: Array(8), history: Array(12), turn: 'white', username1: null, username2: '', …} {type: 'empty', color: 'none', hasMoved: false, position: Array(2), index: -1}
isCheck.ts:150 5556No piece or color at square 5,4
isCheck.ts:146 5556squarePiece (2) [4, 4] {type: 'empty', color: 'none', hasMoved: false, position: Array(2)} {board: Array(8), history: Array(12), turn: 'white', username1: null, username2: '', …}
isCheck.ts:147 5556Iterating over square 4,4 with squarePiece color none {board: Array(8), history: Array(12), turn: 'white', username1: null, username2: '', …} {type: 'empty', color: 'none', hasMoved: false, position: Array(2)}
isCheck.ts:150 5556No piece or color at square 4,4
isCheck.ts:146 5556squarePiece (2) [3, 4] {type: 'pawn', color: 'white', position: Array(2), hasMoved: true, isHighlighted: false, …} {board: Array(8), history: Array(12), turn: 'white', username1: null, username2: '', …}
isCheck.ts:147 5556Iterating over square 3,4 with squarePiece color white {board: Array(8), history: Array(12), turn: 'white', username1: null, username2: '', …} {type: 'pawn', color: 'white', position: Array(2), hasMoved: true, isHighlighted: false, …}
isCheck.ts:155 5556color white black white
isCheck.ts:157 5556Friendly's piece found at square 3,4 white
isCheck.ts:135 5556Iterating over direction 3
isCheck.ts:138 5556Row 3 is empty {board: Array(8), history: Array(12), turn: 'white', username1: null, username2: '', …}
isCheck.ts:135 5556Iterating over direction 4
isCheck.ts:146 5556squarePiece (2) [6, 3] {type: 'empty', color: 'none', hasMoved: false, position: Array(2), index: -1} {board: Array(8), history: Array(12), turn: 'white', username1: null, username2: '', …}
isCheck.ts:147 5556Iterating over square 6,3 with squarePiece color none {board: Array(8), history: Array(12), turn: 'white', username1: null, username2: '', …} {type: 'empty', color: 'none', hasMoved: false, position: Array(2), index: -1}
isCheck.ts:150 5556No piece or color at square 6,3
isCheck.ts:146 5556squarePiece (2) [5, 2] {type: 'empty', color: 'none', position: Array(2), hasMoved: true, index: -1, …} {board: Array(8), history: Array(12), turn: 'white', username1: null, username2: '', …}
isCheck.ts:147 5556Iterating over square 5,2 with squarePiece color none {board: Array(8), history: Array(12), turn: 'white', username1: null, username2: '', …} {type: 'empty', color: 'none', position: Array(2), hasMoved: true, index: -1, …}
isCheck.ts:150 5556No piece or color at square 5,2
isCheck.ts:146 5556squarePiece (2) [4, 1] {type: 'empty', color: 'none', hasMoved: false, position: Array(0), index: 16} {board: Array(8), history: Array(12), turn: 'white', username1: null, username2: '', …}
isCheck.ts:147 5556Iterating over square 4,1 with squarePiece color none {board: Array(8), history: Array(12), turn: 'white', username1: null, username2: '', …} {type: 'empty', color: 'none', hasMoved: false, position: Array(0), index: 16}
isCheck.ts:150 5556No piece or color at square 4,1
isCheck.ts:146 5556squarePiece (2) [3, 0] {type: 'empty', color: 'none', position: Array(2), hasMoved: true, index: -1, …} {board: Array(8), history: Array(12), turn: 'white', username1: null, username2: '', …}
isCheck.ts:147 5556Iterating over square 3,0 with squarePiece color none {board: Array(8), history: Array(12), turn: 'white', username1: null, username2: '', …} {type: 'empty', color: 'none', position: Array(2), hasMoved: true, index: -1, …}
isCheck.ts:150 5556No piece or color at square 3,0
isCheck.ts:135 5556Iterating over direction 5
isCheck.ts:146 5556squarePiece (2) [6, 5] {type: 'pawn', color: 'white', position: Array(2), hasMoved: false, index: 29} {board: Array(8), history: Array(12), turn: 'white', username1: null, username2: '', …}
isCheck.ts:147 5556Iterating over square 6,5 with squarePiece color white {board: Array(8), history: Array(12), turn: 'white', username1: null, username2: '', …} {type: 'pawn', color: 'white', position: Array(2), hasMoved: false, index: 29}
isCheck.ts:155 5556color white black white
isCheck.ts:157 5556Friendly's piece found at square 6,5 white
isCheck.ts:135 5556Iterating over direction 6
isCheck.ts:138 5556Row 6 is empty {board: Array(8), history: Array(12), turn: 'white', username1: null, username2: '', …}
isCheck.ts:135 5556Iterating over direction 7
isCheck.ts:138 5556Row 7 is empty {board: Array(8), history: Array(12), turn: 'white', username1: null, username2: '', …}
isCheck.ts:135 5556Iterating over direction 8
isCheck.ts:146 5556squarePiece (2) [5, 3] {type: 'empty', color: 'none', hasMoved: false, position: Array(2), index: -1} {board: Array(8), history: Array(12), turn: 'white', username1: null, username2: '', …}
isCheck.ts:147 5556Iterating over square 5,3 with squarePiece color none {board: Array(8), history: Array(12), turn: 'white', username1: null, username2: '', …} {type: 'empty', color: 'none', hasMoved: false, position: Array(2), index: -1}
isCheck.ts:150 5556No piece or color at square 5,3
isCheck.ts:135 5556Iterating over direction 9
isCheck.ts:146 5556squarePiece (2) [5, 5] {type: 'empty', color: 'none', hasMoved: false, position: Array(0), index: 16} {board: Array(8), history: Array(12), turn: 'white', username1: null, username2: '', …}
isCheck.ts:147 5556Iterating over square 5,5 with squarePiece color none {board: Array(8), history: Array(12), turn: 'white', username1: null, username2: '', …} {type: 'empty', color: 'none', hasMoved: false, position: Array(0), index: 16}
isCheck.ts:150 5556No piece or color at square 5,5
isCheck.ts:135 5556Iterating over direction 10
isCheck.ts:138 5556Row 10 is empty {board: Array(8), history: Array(12), turn: 'white', username1: null, username2: '', …}
isCheck.ts:135 5556Iterating over direction 11
isCheck.ts:138 5556Row 11 is empty {board: Array(8), history: Array(12), turn: 'white', username1: null, username2: '', …}
isCheck.ts:135 5556Iterating over direction 12
isCheck.ts:146 5556squarePiece (2) [6, 2] {type: 'empty', color: 'none', hasMoved: false, position: Array(2), index: -1} {board: Array(8), history: Array(12), turn: 'white', username1: null, username2: '', …}
isCheck.ts:147 5556Iterating over square 6,2 with squarePiece color none {board: Array(8), history: Array(12), turn: 'white', username1: null, username2: '', …} {type: 'empty', color: 'none', hasMoved: false, position: Array(2), index: -1}
isCheck.ts:150 5556No piece or color at square 6,2
isCheck.ts:135 5556Iterating over direction 13
isCheck.ts:146 5556squarePiece (2) [6, 6] {type: 'pawn', color: 'white', position: Array(2), hasMoved: false, index: 30} {board: Array(8), history: Array(12), turn: 'white', username1: null, username2: '', …}
isCheck.ts:147 5556Iterating over square 6,6 with squarePiece color white {board: Array(8), history: Array(12), turn: 'white', username1: null, username2: '', …} {type: 'pawn', color: 'white', position: Array(2), hasMoved: false, index: 30}
isCheck.ts:155 5556color white black white
isCheck.ts:157 5556Friendly's piece found at square 6,6 white
isCheck.ts:135 5556Iterating over direction 14
isCheck.ts:138 5556Row 14 is empty {board: Array(8), history: Array(12), turn: 'white', username1: null, username2: '', …}
isCheck.ts:135 5556Iterating over direction 15
isCheck.ts:138 5556Row 15 is empty {board: Array(8), history: Array(12), turn: 'white', username1: null, username2: '', …}
isCheck.ts:300 843firstTriggeringOpponentPiece undefined
isCheck.ts:301 843threateningSquares (16) [Array(4), Array(3), Array(7), Array(0), Array(4), Array(3), Array(0), Array(0), Array(1), Array(1), Array(0), Array(0), Array(1), Array(1), Array(0), Array(0)] {board: Array(8), history: Array(12), turn: 'white', username1: null, username2: '', …} undefined -1 true
isCheck.ts:326 843firstTriggeringOpponentPieceIndex: -1
isCheck.ts:327 843slicedCoordinates: []
isCheck.ts:350 843firstTriggeringOpponentPieceIndex -1
isCheck.ts:406 7322isKingInCheck false
isCheck.ts:412 7322King is not in check or checkmate.
isCheck.ts:414 843checkDirection -1 {board: Array(8), history: Array(12), turn: 'white', username1: null, username2: '', …}
validMoves.ts:151 843checkResult {isKingInCheck: false, loser: 'white', slicedThreateningSquares: Array(0), checkDirection: -1, firstTriggeringOpponentPiece: undefined, …} []
validMoves.ts:153 843moves [Array(0)]
validMoves.ts:89 843tempGameState {board: Array(8), history: Array(12), turn: 'white', username1: null, username2: '', …} 843currentColor white 843gameState.threateningPiecesPositions[currentColor] {black: Array(16), white: Array(16)} piece position (2) [3, 3]
calculateThreateningSquares.ts:15 999King position: (2) [7, 4] (2) [3, 3] (2) [7, 4]
calculateThreateningSquares.ts:31 999Current direction: (2) [0, -1]
calculateThreateningSquares.ts:49 999New position: (2) [7, 3]
calculateThreateningSquares.ts:49 999New position: (2) [7, 2]
calculateThreateningSquares.ts:49 999New position: (2) [7, 1]
calculateThreateningSquares.ts:49 999New position: (2) [7, 0]
calculateThreateningSquares.ts:49 999New position: (2) [7, -1]
calculateThreateningSquares.ts:31 999Current direction: (2) [0, 1]
calculateThreateningSquares.ts:49 999New position: (2) [7, 5]
calculateThreateningSquares.ts:49 999New position: (2) [7, 6]
calculateThreateningSquares.ts:49 999New position: (2) [7, 7]
calculateThreateningSquares.ts:49 999New position: (2) [7, 8]
calculateThreateningSquares.ts:31 999Current direction: (2) [-1, 0]
calculateThreateningSquares.ts:49 999New position: (2) [6, 4]
calculateThreateningSquares.ts:49 999New position: (2) [5, 4]
calculateThreateningSquares.ts:49 999New position: (2) [4, 4]
calculateThreateningSquares.ts:49 999New position: (2) [3, 4]
calculateThreateningSquares.ts:49 999New position: (2) [2, 4]
calculateThreateningSquares.ts:49 999New position: (2) [1, 4]
calculateThreateningSquares.ts:49 999New position: (2) [0, 4]
calculateThreateningSquares.ts:31 999Current direction: (2) [1, 0]
calculateThreateningSquares.ts:49 999New position: (2) [8, 4]
calculateThreateningSquares.ts:31 999Current direction: (2) [-1, -1]
calculateThreateningSquares.ts:49 999New position: (2) [6, 3]
calculateThreateningSquares.ts:49 999New position: (2) [5, 2]
calculateThreateningSquares.ts:49 999New position: (2) [4, 1]
calculateThreateningSquares.ts:49 999New position: (2) [3, 0]
calculateThreateningSquares.ts:49 999New position: (2) [2, -1]
calculateThreateningSquares.ts:31 999Current direction: (2) [-1, 1]
calculateThreateningSquares.ts:49 999New position: (2) [6, 5]
calculateThreateningSquares.ts:49 999New position: (2) [5, 6]
calculateThreateningSquares.ts:49 999New position: (2) [4, 7]
calculateThreateningSquares.ts:49 999New position: (2) [3, 8]
calculateThreateningSquares.ts:31 999Current direction: (2) [1, -1]
calculateThreateningSquares.ts:49 999New position: (2) [8, 3]
calculateThreateningSquares.ts:31 999Current direction: (2) [1, 1]
calculateThreateningSquares.ts:49 999New position: (2) [8, 5]
calculateThreateningSquares.ts:31 999Current direction: (2) [-2, -1]
calculateThreateningSquares.ts:37 999New position: (2) [5, 3]
calculateThreateningSquares.ts:31 999Current direction: (2) [-2, 1]
calculateThreateningSquares.ts:37 999New position: (2) [5, 5]
calculateThreateningSquares.ts:31 999Current direction: (2) [2, -1]
calculateThreateningSquares.ts:37 999New position: (2) [9, 3]
calculateThreateningSquares.ts:31 999Current direction: (2) [2, 1]
calculateThreateningSquares.ts:37 999New position: (2) [9, 5]
calculateThreateningSquares.ts:31 999Current direction: (2) [-1, -2]
calculateThreateningSquares.ts:37 999New position: (2) [6, 2]
calculateThreateningSquares.ts:31 999Current direction: (2) [-1, 2]
calculateThreateningSquares.ts:37 999New position: (2) [6, 6]
calculateThreateningSquares.ts:31 999Current direction: (2) [1, -2]
calculateThreateningSquares.ts:37 999New position: (2) [8, 2]
calculateThreateningSquares.ts:31 999Current direction: (2) [1, 2]
calculateThreateningSquares.ts:37 999New position: (2) [8, 6]
calculateThreateningSquares.ts:59 999Calculated squares: (16) [Array(4), Array(3), Array(7), Array(0), Array(4), Array(3), Array(0), Array(0), Array(1), Array(1), Array(0), Array(0), Array(1), Array(1), Array(0), Array(0)]
validMoves.ts:132 debugging 1: 7,3,7,2,7,1,7,0,7,5,7,6,7,7,6,4,5,4,4,4,3,4,2,4,1,4,0,4,,6,3,5,2,4,1,3,0,6,5,5,6,4,7,,,5,3,5,5,,,6,2,6,6,,
isCheck.ts:15 Game State: {board: Array(8), history: Array(12), turn: 'white', username1: null, username2: '', …} Threatening Squares: (16) [Array(4), Array(3), Array(7), Array(0), Array(4), Array(3), Array(0), Array(0), Array(1), Array(1), Array(0), Array(0), Array(1), Array(1), Array(0), Array(0)] Opponent Player Number: 1 Check Position: (2) [7, 4] Piece: {id: 28, type: 'pawn', position: Array(2), color: 'white', hasMoved: true} Position: (2) [4, 4] Player Number: 2 Last Position: (2) [3, 3] Match Found In Direction: 2 Current Player Color: white
isCheck.ts:26 7322threateningSquares (16) [Array(4), Array(3), Array(7), Array(0), Array(4), Array(3), Array(0), Array(0), Array(1), Array(1), Array(0), Array(0), Array(1), Array(1), Array(0), Array(0)]
isCheck.ts:27 7322gameState {board: Array(8), history: Array(12), turn: 'white', username1: null, username2: '', …}
isCheck.ts:35 5556pieceLastPosition (2) [3, 3]
isCheck.ts:293 7322gameState.history.length 12
isCheck.ts:92 7322gameState {board: Array(8), history: Array(12), turn: 'white', username1: null, username2: '', …}
isCheck.ts:93 7322piece {id: 28, type: 'pawn', position: Array(2), color: 'white', hasMoved: true} undefined
isCheck.ts:94 7322lastPosition (2) [3, 3]
isCheck.ts:95 7322canBlockParams {board: Array(8), history: Array(12), turn: 'white', username1: null, username2: '', …} (16) [Array(4), Array(3), Array(7), Array(0), Array(4), Array(3), Array(0), Array(0), Array(1), Array(1), Array(0), Array(0), Array(1), Array(1), Array(0), Array(0)] (2) [7, 4] black
isCheck.ts:97 7322threateningSquares (16) [Array(4), Array(3), Array(7), Array(0), Array(4), Array(3), Array(0), Array(0), Array(1), Array(1), Array(0), Array(0), Array(1), Array(1), Array(0), Array(0)]
isCheck.ts:75 7322gameState {board: Array(8), history: Array(12), turn: 'white', username1: null, username2: '', …}
isCheck.ts:127 7322currentPlayerPieces (15) [{…}, {…}, {…}, {…}, {…}, {…}, {…}, {…}, {…}, {…}, {…}, {…}, {…}, {…}, {…}]
isCheck.ts:128 5556threateningSquares (16) [Array(4), Array(3), Array(7), Array(0), Array(4), Array(3), Array(0), Array(0), Array(1), Array(1), Array(0), Array(0), Array(1), Array(1), Array(0), Array(0)] white
isCheck.ts:131 7322threateningSquaresCopy (16) [Array(4), Array(3), Array(7), Array(0), Array(4), Array(3), Array(0), Array(0), Array(1), Array(1), Array(0), Array(0), Array(1), Array(1), Array(0), Array(0)]
isCheck.ts:135 5556Iterating over direction 0
isCheck.ts:146 5556squarePiece (2) [7, 3] {type: 'empty', color: 'none', hasMoved: false, position: Array(2), index: -1} {board: Array(8), history: Array(12), turn: 'white', username1: null, username2: '', …}
isCheck.ts:147 5556Iterating over square 7,3 with squarePiece color none {board: Array(8), history: Array(12), turn: 'white', username1: null, username2: '', …} {type: 'empty', color: 'none', hasMoved: false, position: Array(2), index: -1}
isCheck.ts:150 5556No piece or color at square 7,3
isCheck.ts:146 5556squarePiece (2) [7, 2] {type: 'bishop', color: 'white', position: Array(2), hasMoved: false, index: 18} {board: Array(8), history: Array(12), turn: 'white', username1: null, username2: '', …}
isCheck.ts:147 5556Iterating over square 7,2 with squarePiece color white {board: Array(8), history: Array(12), turn: 'white', username1: null, username2: '', …} {type: 'bishop', color: 'white', position: Array(2), hasMoved: false, index: 18}
isCheck.ts:155 5556color white black white
isCheck.ts:157 5556Friendly's piece found at square 7,2 white
isCheck.ts:135 5556Iterating over direction 1
isCheck.ts:146 5556squarePiece (2) [7, 5] {type: 'bishop', color: 'white', position: Array(2), hasMoved: false, index: 21} {board: Array(8), history: Array(12), turn: 'white', username1: null, username2: '', …}
isCheck.ts:147 5556Iterating over square 7,5 with squarePiece color white {board: Array(8), history: Array(12), turn: 'white', username1: null, username2: '', …} {type: 'bishop', color: 'white', position: Array(2), hasMoved: false, index: 21}
isCheck.ts:155 5556color white black white
isCheck.ts:157 5556Friendly's piece found at square 7,5 white
isCheck.ts:135 5556Iterating over direction 2
isCheck.ts:146 5556squarePiece (2) [6, 4] {type: 'empty', color: 'none', hasMoved: false, position: Array(2), index: -1} {board: Array(8), history: Array(12), turn: 'white', username1: null, username2: '', …}
isCheck.ts:147 5556Iterating over square 6,4 with squarePiece color none {board: Array(8), history: Array(12), turn: 'white', username1: null, username2: '', …} {type: 'empty', color: 'none', hasMoved: false, position: Array(2), index: -1}
isCheck.ts:150 5556No piece or color at square 6,4
isCheck.ts:146 5556squarePiece (2) [5, 4] {type: 'empty', color: 'none', hasMoved: false, position: Array(2), index: -1} {board: Array(8), history: Array(12), turn: 'white', username1: null, username2: '', …}
isCheck.ts:147 5556Iterating over square 5,4 with squarePiece color none {board: Array(8), history: Array(12), turn: 'white', username1: null, username2: '', …} {type: 'empty', color: 'none', hasMoved: false, position: Array(2), index: -1}
isCheck.ts:150 5556No piece or color at square 5,4
isCheck.ts:146 5556squarePiece (2) [4, 4] {type: 'empty', color: 'none', hasMoved: false, position: Array(2)} {board: Array(8), history: Array(12), turn: 'white', username1: null, username2: '', …}
isCheck.ts:147 5556Iterating over square 4,4 with squarePiece color none {board: Array(8), history: Array(12), turn: 'white', username1: null, username2: '', …} {type: 'empty', color: 'none', hasMoved: false, position: Array(2)}
isCheck.ts:150 5556No piece or color at square 4,4
isCheck.ts:146 5556squarePiece (2) [3, 4] {type: 'empty', color: 'none', hasMoved: true, position: Array(2), index: -1, …} {board: Array(8), history: Array(12), turn: 'white', username1: null, username2: '', …}
isCheck.ts:147 5556Iterating over square 3,4 with squarePiece color none {board: Array(8), history: Array(12), turn: 'white', username1: null, username2: '', …} {type: 'empty', color: 'none', hasMoved: true, position: Array(2), index: -1, …}
isCheck.ts:150 5556No piece or color at square 3,4
isCheck.ts:146 5556squarePiece (2) [2, 4] {type: 'empty', color: 'none', hasMoved: false, position: Array(0), index: 16} {board: Array(8), history: Array(12), turn: 'white', username1: null, username2: '', …}
isCheck.ts:147 5556Iterating over square 2,4 with squarePiece color none {board: Array(8), history: Array(12), turn: 'white', username1: null, username2: '', …} {type: 'empty', color: 'none', hasMoved: false, position: Array(0), index: 16}
isCheck.ts:150 5556No piece or color at square 2,4
isCheck.ts:146 5556squarePiece (2) [1, 4] {type: 'pawn', color: 'black', position: Array(2), hasMoved: false, index: 12} {board: Array(8), history: Array(12), turn: 'white', username1: null, username2: '', …}
isCheck.ts:147 5556Iterating over square 1,4 with squarePiece color black {board: Array(8), history: Array(12), turn: 'white', username1: null, username2: '', …} {type: 'pawn', color: 'black', position: Array(2), hasMoved: false, index: 12}
isCheck.ts:155 5556color white black black
isCheck.ts:201 5556No opponent pieces hit in direction 2 at square 1,4
isCheck.ts:135 5556Iterating over direction 3
isCheck.ts:138 5556Row 3 is empty {board: Array(8), history: Array(12), turn: 'white', username1: null, username2: '', …}
isCheck.ts:135 5556Iterating over direction 4
isCheck.ts:146 5556squarePiece (2) [6, 3] {type: 'empty', color: 'none', hasMoved: false, position: Array(2), index: -1} {board: Array(8), history: Array(12), turn: 'white', username1: null, username2: '', …}
isCheck.ts:147 5556Iterating over square 6,3 with squarePiece color none {board: Array(8), history: Array(12), turn: 'white', username1: null, username2: '', …} {type: 'empty', color: 'none', hasMoved: false, position: Array(2), index: -1}
isCheck.ts:150 5556No piece or color at square 6,3
isCheck.ts:146 5556squarePiece (2) [5, 2] {type: 'empty', color: 'none', position: Array(2), hasMoved: true, index: -1, …} {board: Array(8), history: Array(12), turn: 'white', username1: null, username2: '', …}
isCheck.ts:147 5556Iterating over square 5,2 with squarePiece color none {board: Array(8), history: Array(12), turn: 'white', username1: null, username2: '', …} {type: 'empty', color: 'none', position: Array(2), hasMoved: true, index: -1, …}
isCheck.ts:150 5556No piece or color at square 5,2
isCheck.ts:146 5556squarePiece (2) [4, 1] {type: 'empty', color: 'none', hasMoved: false, position: Array(0), index: 16} {board: Array(8), history: Array(12), turn: 'white', username1: null, username2: '', …}
isCheck.ts:147 5556Iterating over square 4,1 with squarePiece color none {board: Array(8), history: Array(12), turn: 'white', username1: null, username2: '', …} {type: 'empty', color: 'none', hasMoved: false, position: Array(0), index: 16}
isCheck.ts:150 5556No piece or color at square 4,1
isCheck.ts:146 5556squarePiece (2) [3, 0] {type: 'empty', color: 'none', position: Array(2), hasMoved: true, index: -1, …} {board: Array(8), history: Array(12), turn: 'white', username1: null, username2: '', …}
isCheck.ts:147 5556Iterating over square 3,0 with squarePiece color none {board: Array(8), history: Array(12), turn: 'white', username1: null, username2: '', …} {type: 'empty', color: 'none', position: Array(2), hasMoved: true, index: -1, …}
isCheck.ts:150 5556No piece or color at square 3,0
isCheck.ts:135 5556Iterating over direction 5
isCheck.ts:146 5556squarePiece (2) [6, 5] {type: 'pawn', color: 'white', position: Array(2), hasMoved: false, index: 29} {board: Array(8), history: Array(12), turn: 'white', username1: null, username2: '', …}
isCheck.ts:147 5556Iterating over square 6,5 with squarePiece color white {board: Array(8), history: Array(12), turn: 'white', username1: null, username2: '', …} {type: 'pawn', color: 'white', position: Array(2), hasMoved: false, index: 29}
isCheck.ts:155 5556color white black white
isCheck.ts:157 5556Friendly's piece found at square 6,5 white
isCheck.ts:135 5556Iterating over direction 6
isCheck.ts:138 5556Row 6 is empty {board: Array(8), history: Array(12), turn: 'white', username1: null, username2: '', …}
isCheck.ts:135 5556Iterating over direction 7
isCheck.ts:138 5556Row 7 is empty {board: Array(8), history: Array(12), turn: 'white', username1: null, username2: '', …}
isCheck.ts:135 5556Iterating over direction 8
isCheck.ts:146 5556squarePiece (2) [5, 3] {type: 'empty', color: 'none', hasMoved: false, position: Array(2), index: -1} {board: Array(8), history: Array(12), turn: 'white', username1: null, username2: '', …}
isCheck.ts:147 5556Iterating over square 5,3 with squarePiece color none {board: Array(8), history: Array(12), turn: 'white', username1: null, username2: '', …} {type: 'empty', color: 'none', hasMoved: false, position: Array(2), index: -1}
isCheck.ts:150 5556No piece or color at square 5,3
isCheck.ts:135 5556Iterating over direction 9
isCheck.ts:146 5556squarePiece (2) [5, 5] {type: 'empty', color: 'none', hasMoved: false, position: Array(0), index: 16} {board: Array(8), history: Array(12), turn: 'white', username1: null, username2: '', …}
isCheck.ts:147 5556Iterating over square 5,5 with squarePiece color none {board: Array(8), history: Array(12), turn: 'white', username1: null, username2: '', …} {type: 'empty', color: 'none', hasMoved: false, position: Array(0), index: 16}
isCheck.ts:150 5556No piece or color at square 5,5
isCheck.ts:135 5556Iterating over direction 10
isCheck.ts:138 5556Row 10 is empty {board: Array(8), history: Array(12), turn: 'white', username1: null, username2: '', …}
isCheck.ts:135 5556Iterating over direction 11
isCheck.ts:138 5556Row 11 is empty {board: Array(8), history: Array(12), turn: 'white', username1: null, username2: '', …}
isCheck.ts:135 5556Iterating over direction 12
isCheck.ts:146 5556squarePiece (2) [6, 2] {type: 'empty', color: 'none', hasMoved: false, position: Array(2), index: -1} {board: Array(8), history: Array(12), turn: 'white', username1: null, username2: '', …}
isCheck.ts:147 5556Iterating over square 6,2 with squarePiece color none {board: Array(8), history: Array(12), turn: 'white', username1: null, username2: '', …} {type: 'empty', color: 'none', hasMoved: false, position: Array(2), index: -1}
isCheck.ts:150 5556No piece or color at square 6,2
isCheck.ts:135 5556Iterating over direction 13
isCheck.ts:146 5556squarePiece (2) [6, 6] {type: 'pawn', color: 'white', position: Array(2), hasMoved: false, index: 30} {board: Array(8), history: Array(12), turn: 'white', username1: null, username2: '', …}
isCheck.ts:147 5556Iterating over square 6,6 with squarePiece color white {board: Array(8), history: Array(12), turn: 'white', username1: null, username2: '', …} {type: 'pawn', color: 'white', position: Array(2), hasMoved: false, index: 30}
isCheck.ts:155 5556color white black white
isCheck.ts:157 5556Friendly's piece found at square 6,6 white
isCheck.ts:135 5556Iterating over direction 14
isCheck.ts:138 5556Row 14 is empty {board: Array(8), history: Array(12), turn: 'white', username1: null, username2: '', …}
isCheck.ts:135 5556Iterating over direction 15
isCheck.ts:138 5556Row 15 is empty {board: Array(8), history: Array(12), turn: 'white', username1: null, username2: '', …}
isCheck.ts:300 843firstTriggeringOpponentPiece undefined
isCheck.ts:301 843threateningSquares (16) [Array(4), Array(3), Array(7), Array(0), Array(4), Array(3), Array(0), Array(0), Array(1), Array(1), Array(0), Array(0), Array(1), Array(1), Array(0), Array(0)] {board: Array(8), history: Array(12), turn: 'white', username1: null, username2: '', …} undefined -1 true
isCheck.ts:326 843firstTriggeringOpponentPieceIndex: -1
isCheck.ts:327 843slicedCoordinates: []
isCheck.ts:350 843firstTriggeringOpponentPieceIndex -1
isCheck.ts:406 7322isKingInCheck false
isCheck.ts:412 7322King is not in check or checkmate.
isCheck.ts:414 843checkDirection -1 {board: Array(8), history: Array(12), turn: 'white', username1: null, username2: '', …}
validMoves.ts:151 843checkResult {isKingInCheck: false, loser: 'white', slicedThreateningSquares: Array(0), checkDirection: -1, firstTriggeringOpponentPiece: undefined, …} []
validMoves.ts:153 843moves (2) [Array(0), Array(0)]
validMoves.ts:567 843normalMoves (2) [Array(2), Array(2)] []
validMoves.ts:569 843normalMoves (2) [Array(2), Array(2)] []
enPassant.ts:4 Running enPassant function with piece: {id: 28, type: 'pawn', position: Array(2), color: 'white', hasMoved: true} and lastPosition: (2) [4, 4]
enPassant.ts:28 enPassantCondition: false enPassantDirection: -1 toX: 4 toY: 4 opponentColor: black
enPassant.ts:44 Was this the opponent's last move? false
validMoves.ts:758 843pawnMove (2) [4, 4]
validMoves.ts:281 843position (2) [4, 4] {board: Array(8), history: Array(12), turn: 'white', username1: null, username2: '', …}
validMoves.ts:381 843currentIndex -1 {type: 'empty', color: 'none', position: Array(2), hasMoved: true, index: -1, …} (2) [4, 4]
validMoves.ts:383 tempGameState {board: Array(8), history: Array(12), turn: 'white', username1: null, username2: '', …} 843tempGameState.turn white {board: Array(8), history: Array(12), turn: 'white', username1: null, username2: '', …} (2) [4, 4] (2) [4, 4] {type: 'empty', color: 'none', position: Array(2), hasMoved: true, index: -1, …}
validMoves.ts:393 843lastPosition {type: 'empty', color: 'none', position: Array(2), hasMoved: true, index: -1, …} white
validMoves.ts:413 843gameState.checkStatus[currentColor] false
validMoves.ts:425 843makingMoves [] [] (3) [Array(0), Array(0), Array(2)]
validMoves.ts:879 843moves (3) [Array(0), Array(0), Array(2)] (2) [Array(2), Array(2)]
validMoves.ts:887 Checking move 0: []
validMoves.ts:892 Comparing with normalMove 0: (2) [3, 4] (2) [Array(2), Array(2)]
validMoves.ts:892 Comparing with normalMove 1: (2) [3, 3] (2) [Array(2), Array(2)]
validMoves.ts:915 Move 0 not found in normalMoves, errorFound set to true
validMoves.ts:921 Some moves may have inconsistent format, but proceeding anyway
overrideMethod @ hook.js:608
validMoves @ validMoves.ts:921
(anonymous) @ aiEngine.ts:109
getAllLegalMoves @ aiEngine.ts:106
getBestMoveOneDepth @ aiEngine.ts:76
getAIMove @ aiEngine.ts:20
makeAIMove @ App.tsx:284
(anonymous) @ App.tsx:580
setTimeout
(anonymous) @ App.tsx:579
commitHookEffectListMount @ chunk-X3B7SAOS.js?v=3151037c:16904
commitPassiveMountOnFiber @ chunk-X3B7SAOS.js?v=3151037c:18152
commitPassiveMountEffects_complete @ chunk-X3B7SAOS.js?v=3151037c:18125
commitPassiveMountEffects_begin @ chunk-X3B7SAOS.js?v=3151037c:18115
commitPassiveMountEffects @ chunk-X3B7SAOS.js?v=3151037c:18105
flushPassiveEffectsImpl @ chunk-X3B7SAOS.js?v=3151037c:19486
flushPassiveEffects @ chunk-X3B7SAOS.js?v=3151037c:19443
(anonymous) @ chunk-X3B7SAOS.js?v=3151037c:19324
workLoop @ chunk-X3B7SAOS.js?v=3151037c:197
flushWork @ chunk-X3B7SAOS.js?v=3151037c:176
performWorkUntilDeadline @ chunk-X3B7SAOS.js?v=3151037c:384Understand this warningAI
validMoves.ts:12 302validMoves piece {id: 29, type: 'pawn', position: Array(2), color: 'white'} position (2) [6, 5] gameState {board: Array(8), history: Array(12), turn: 'white', username1: null, username2: '', …} playerNumber 2 lastPosition (2) [6, 5]
validMoves.ts:35 7778tempGameState 7 7778pieceLastPosition 6 7778piece 4 7778tempKing 5 tempGameState {board: Array(8), history: Array(12), turn: 'white', username1: null, username2: '', …}
validMoves.ts:47 843hypotheticalGameState {board: Array(8), history: Array(12), turn: 'white', username1: null, username2: '', …} 843piece.position (2) [6, 5] 843lastPosition (2) [6, 5]
validMoves.ts:62 843checkDirection 0 843threateningPieceIndex 0 (16) [Array(4), Array(3), Array(7), Array(0), Array(4), Array(3), Array(0), Array(0), Array(1), Array(1), Array(0), Array(0), Array(1), Array(1), Array(0), Array(0)]
validMoves.ts:67 843piece {type: 'empty', color: 'none', hasMoved: false, position: Array(2), index: -1} 843piece.color none 843opponentColor black 843currentColor white
validMoves.ts:62 843checkDirection 0 843threateningPieceIndex 1 (16) [Array(4), Array(3), Array(7), Array(0), Array(4), Array(3), Array(0), Array(0), Array(1), Array(1), Array(0), Array(0), Array(1), Array(1), Array(0), Array(0)]
validMoves.ts:67 843piece {type: 'bishop', color: 'white', position: Array(2), hasMoved: false, index: 18} 843piece.color white 843opponentColor black 843currentColor white
validMoves.ts:62 843checkDirection 1 843threateningPieceIndex 0 (16) [Array(4), Array(3), Array(7), Array(0), Array(4), Array(3), Array(0), Array(0), Array(1), Array(1), Array(0), Array(0), Array(1), Array(1), Array(0), Array(0)]
validMoves.ts:67 843piece {type: 'bishop', color: 'white', position: Array(2), hasMoved: false, index: 21} 843piece.color white 843opponentColor black 843currentColor white
validMoves.ts:62 843checkDirection 2 843threateningPieceIndex 0 (16) [Array(4), Array(3), Array(7), Array(0), Array(4), Array(3), Array(0), Array(0), Array(1), Array(1), Array(0), Array(0), Array(1), Array(1), Array(0), Array(0)]
validMoves.ts:67 843piece {type: 'empty', color: 'none', hasMoved: false, position: Array(2), index: -1} 843piece.color none 843opponentColor black 843currentColor white
validMoves.ts:62 843checkDirection 2 843threateningPieceIndex 1 (16) [Array(4), Array(3), Array(7), Array(0), Array(4), Array(3), Array(0), Array(0), Array(1), Array(1), Array(0), Array(0), Array(1), Array(1), Array(0), Array(0)]
validMoves.ts:67 843piece {type: 'empty', color: 'none', hasMoved: false, position: Array(2), index: -1} 843piece.color none 843opponentColor black 843currentColor white
validMoves.ts:62 843checkDirection 2 843threateningPieceIndex 2 (16) [Array(4), Array(3), Array(7), Array(0), Array(4), Array(3), Array(0), Array(0), Array(1), Array(1), Array(0), Array(0), Array(1), Array(1), Array(0), Array(0)]
validMoves.ts:67 843piece {type: 'empty', color: 'none', position: Array(2), hasMoved: true, index: -1, …} 843piece.color none 843opponentColor black 843currentColor white
validMoves.ts:62 843checkDirection 2 843threateningPieceIndex 3 (16) [Array(4), Array(3), Array(7), Array(0), Array(4), Array(3), Array(0), Array(0), Array(1), Array(1), Array(0), Array(0), Array(1), Array(1), Array(0), Array(0)]
validMoves.ts:67 843piece {type: 'empty', color: 'none', hasMoved: true, position: Array(2), index: -1, …} 843piece.color none 843opponentColor black 843currentColor white
validMoves.ts:62 843checkDirection 2 843threateningPieceIndex 4 (16) [Array(4), Array(3), Array(7), Array(0), Array(4), Array(3), Array(0), Array(0), Array(1), Array(1), Array(0), Array(0), Array(1), Array(1), Array(0), Array(0)]
validMoves.ts:67 843piece {type: 'empty', color: 'none', hasMoved: false, position: Array(0), index: 16} 843piece.color none 843opponentColor black 843currentColor white
validMoves.ts:62 843checkDirection 2 843threateningPieceIndex 5 (16) [Array(4), Array(3), Array(7), Array(0), Array(4), Array(3), Array(0), Array(0), Array(1), Array(1), Array(0), Array(0), Array(1), Array(1), Array(0), Array(0)]
validMoves.ts:67 843piece {type: 'pawn', color: 'black', position: Array(2), hasMoved: false, index: 12} 843piece.color black 843opponentColor black 843currentColor white
validMoves.ts:54 77722piece.position (2) [0, 4]
validMoves.ts:62 843checkDirection 3 843threateningPieceIndex 0 (16) [Array(0), Array(7), Array(4), Array(3), Array(0), Array(0), Array(4), Array(3), Array(0), Array(0), Array(0), Array(0), Array(1), Array(1), Array(1), Array(1)]
validMoves.ts:67 843piece {type: 'bishop', color: 'black', position: Array(2), hasMoved: false, index: 5} 843piece.color black 843opponentColor black 843currentColor white
validMoves.ts:54 77722piece.position (2) [0, 4]
validMoves.ts:54 77722piece.position (2) [0, 4]
validMoves.ts:62 843checkDirection 6 843threateningPieceIndex 0 (16) [Array(0), Array(7), Array(4), Array(3), Array(0), Array(0), Array(4), Array(3), Array(0), Array(0), Array(0), Array(0), Array(1), Array(1), Array(1), Array(1)]
validMoves.ts:67 843piece {type: 'pawn', color: 'black', position: Array(2), hasMoved: false, index: 11} 843piece.color black 843opponentColor black 843currentColor white
validMoves.ts:62 843checkDirection 7 843threateningPieceIndex 0 (16) [Array(0), Array(7), Array(4), Array(3), Array(0), Array(0), Array(4), Array(3), Array(0), Array(0), Array(0), Array(0), Array(1), Array(1), Array(1), Array(1)]
validMoves.ts:67 843piece {type: 'pawn', color: 'black', position: Array(2), hasMoved: false, index: 13} 843piece.color black 843opponentColor black 843currentColor white
validMoves.ts:54 77722piece.position (2) [0, 4]
validMoves.ts:54 77722piece.position (2) [0, 4]
validMoves.ts:54 77722piece.position (2) [0, 4]
validMoves.ts:54 77722piece.position (2) [0, 4]
validMoves.ts:62 843checkDirection 12 843threateningPieceIndex 0 (16) [Array(0), Array(7), Array(4), Array(3), Array(0), Array(0), Array(4), Array(3), Array(0), Array(0), Array(0), Array(0), Array(1), Array(1), Array(1), Array(1)]
validMoves.ts:67 843piece {type: 'pawn', color: 'black', position: Array(2), hasMoved: false, index: 10} 843piece.color black 843opponentColor black 843currentColor white
validMoves.ts:62 843checkDirection 13 843threateningPieceIndex 0 (16) [Array(0), Array(7), Array(4), Array(3), Array(0), Array(0), Array(4), Array(3), Array(0), Array(0), Array(0), Array(0), Array(1), Array(1), Array(1), Array(1)]
validMoves.ts:67 843piece {type: 'pawn', color: 'black', position: Array(2), hasMoved: false, index: 14} 843piece.color black 843opponentColor black 843currentColor white
validMoves.ts:62 843checkDirection 14 843threateningPieceIndex 0 (16) [Array(0), Array(7), Array(4), Array(3), Array(0), Array(0), Array(4), Array(3), Array(0), Array(0), Array(0), Array(0), Array(1), Array(1), Array(1), Array(1)]
validMoves.ts:67 843piece {type: 'empty', color: 'none', hasMoved: false, position: Array(0), index: 16} 843piece.color none 843opponentColor black 843currentColor white
validMoves.ts:62 843checkDirection 15 843threateningPieceIndex 0 (16) [Array(0), Array(7), Array(4), Array(3), Array(0), Array(0), Array(4), Array(3), Array(0), Array(0), Array(0), Array(0), Array(1), Array(1), Array(1), Array(1)]
validMoves.ts:67 843piece {type: 'empty', color: 'none', hasMoved: true, position: Array(2), index: -1, …} 843piece.color none 843opponentColor black 843currentColor white
validMoves.ts:178 843matchFoundInDirection 1
validMoves.ts:439 847piece.type pawn checkPosition (2) [6, 5] lastPosition (2) [6, 5] gameState {board: Array(8), history: Array(12), turn: 'white', username1: null, username2: '', …} piece {id: 29, type: 'pawn', position: Array(2), color: 'white'} position (2) [6, 5] playerNumber 2 lastPosition (2) [6, 5] matchFoundInDirection 1 currentColor white
isCheckOpponent.ts:69 7322isCheckParams {board: Array(8), history: Array(12), turn: 'white', username1: null, username2: '', …} (16) [Array(4), Array(3), Array(0), Array(7), Array(0), Array(0), Array(4), Array(3), Array(0), Array(0), Array(1), Array(1), Array(0), Array(0), Array(1), Array(1)] 1 (2) [6, 5] {id: 29, type: 'pawn', position: Array(2), color: 'white'} (2) [6, 5] 2 (2) [6, 5] 1 white
isCheckOpponent.ts:70 7322threateningSquares (16) [Array(4), Array(3), Array(0), Array(7), Array(0), Array(0), Array(4), Array(3), Array(0), Array(0), Array(1), Array(1), Array(0), Array(0), Array(1), Array(1)]
isCheckOpponent.ts:71 7322gameState {board: Array(8), history: Array(12), turn: 'white', username1: null, username2: '', …}
isCheckOpponent.ts:82 5556pieceLastPosition (2) [6, 5] undefined
calculateThreateningSquares.ts:15 999King position: (2) [7, 4] (2) [6, 5] (2) [7, 4]
calculateThreateningSquares.ts:31 999Current direction: (2) [0, -1]
calculateThreateningSquares.ts:49 999New position: (2) [7, 3]
calculateThreateningSquares.ts:49 999New position: (2) [7, 2]
calculateThreateningSquares.ts:49 999New position: (2) [7, 1]
calculateThreateningSquares.ts:49 999New position: (2) [7, 0]
calculateThreateningSquares.ts:49 999New position: (2) [7, -1]
calculateThreateningSquares.ts:31 999Current direction: (2) [0, 1]
calculateThreateningSquares.ts:49 999New position: (2) [7, 5]
calculateThreateningSquares.ts:49 999New position: (2) [7, 6]
calculateThreateningSquares.ts:49 999New position: (2) [7, 7]
calculateThreateningSquares.ts:49 999New position: (2) [7, 8]
calculateThreateningSquares.ts:31 999Current direction: (2) [-1, 0]
calculateThreateningSquares.ts:49 999New position: (2) [6, 4]
calculateThreateningSquares.ts:49 999New position: (2) [5, 4]
calculateThreateningSquares.ts:49 999New position: (2) [4, 4]
calculateThreateningSquares.ts:49 999New position: (2) [3, 4]
calculateThreateningSquares.ts:49 999New position: (2) [2, 4]
calculateThreateningSquares.ts:49 999New position: (2) [1, 4]
calculateThreateningSquares.ts:49 999New position: (2) [0, 4]
calculateThreateningSquares.ts:31 999Current direction: (2) [1, 0]
calculateThreateningSquares.ts:49 999New position: (2) [8, 4]
calculateThreateningSquares.ts:31 999Current direction: (2) [-1, -1]
calculateThreateningSquares.ts:49 999New position: (2) [6, 3]
calculateThreateningSquares.ts:49 999New position: (2) [5, 2]
calculateThreateningSquares.ts:49 999New position: (2) [4, 1]
calculateThreateningSquares.ts:49 999New position: (2) [3, 0]
calculateThreateningSquares.ts:49 999New position: (2) [2, -1]
calculateThreateningSquares.ts:31 999Current direction: (2) [-1, 1]
calculateThreateningSquares.ts:49 999New position: (2) [6, 5]
calculateThreateningSquares.ts:49 999New position: (2) [5, 6]
calculateThreateningSquares.ts:49 999New position: (2) [4, 7]
calculateThreateningSquares.ts:49 999New position: (2) [3, 8]
calculateThreateningSquares.ts:31 999Current direction: (2) [1, -1]
calculateThreateningSquares.ts:49 999New position: (2) [8, 3]
calculateThreateningSquares.ts:31 999Current direction: (2) [1, 1]
calculateThreateningSquares.ts:49 999New position: (2) [8, 5]
calculateThreateningSquares.ts:31 999Current direction: (2) [-2, -1]
calculateThreateningSquares.ts:37 999New position: (2) [5, 3]
calculateThreateningSquares.ts:31 999Current direction: (2) [-2, 1]
calculateThreateningSquares.ts:37 999New position: (2) [5, 5]
calculateThreateningSquares.ts:31 999Current direction: (2) [2, -1]
calculateThreateningSquares.ts:37 999New position: (2) [9, 3]
calculateThreateningSquares.ts:31 999Current direction: (2) [2, 1]
calculateThreateningSquares.ts:37 999New position: (2) [9, 5]
calculateThreateningSquares.ts:31 999Current direction: (2) [-1, -2]
calculateThreateningSquares.ts:37 999New position: (2) [6, 2]
calculateThreateningSquares.ts:31 999Current direction: (2) [-1, 2]
calculateThreateningSquares.ts:37 999New position: (2) [6, 6]
calculateThreateningSquares.ts:31 999Current direction: (2) [1, -2]
calculateThreateningSquares.ts:37 999New position: (2) [8, 2]
calculateThreateningSquares.ts:31 999Current direction: (2) [1, 2]
calculateThreateningSquares.ts:37 999New position: (2) [8, 6]
calculateThreateningSquares.ts:59 999Calculated squares: (16) [Array(4), Array(3), Array(7), Array(0), Array(4), Array(3), Array(0), Array(0), Array(1), Array(1), Array(0), Array(0), Array(1), Array(1), Array(0), Array(0)]
isCheckOpponent.ts:143 Updated threateningSquaresCopy for check evaluation: (16) [Array(4), Array(3), Array(7), Array(0), Array(4), Array(3), Array(0), Array(0), Array(1), Array(1), Array(0), Array(0), Array(1), Array(1), Array(0), Array(0)]
isCheckOpponent.ts:371 7322gameState.history.length 12
isCheckOpponent.ts:214 7322canBlockParams (16) [Array(4), Array(3), Array(0), Array(7), Array(0), Array(0), Array(4), Array(3), Array(0), Array(0), Array(1), Array(1), Array(0), Array(0), Array(1), Array(1)] (2) [6, 5] white
isCheckOpponent.ts:226 7322currentPlayerPieces (16) [{…}, {…}, {…}, {…}, {…}, {…}, {…}, {…}, {…}, {…}, {…}, {…}, {…}, {…}, {…}, {…}]
isCheckOpponent.ts:227 5556threateningSquares (16) [Array(4), Array(3), Array(0), Array(7), Array(0), Array(0), Array(4), Array(3), Array(0), Array(0), Array(1), Array(1), Array(0), Array(0), Array(1), Array(1)] black
isCheckOpponent.ts:230 7322threateningSquaresCopy (16) [Array(4), Array(3), Array(0), Array(7), Array(0), Array(0), Array(4), Array(3), Array(0), Array(0), Array(1), Array(1), Array(0), Array(0), Array(1), Array(1)]
isCheckOpponent.ts:240 5556Iterating over direction 0 (4) [Array(2), Array(2), Array(2), Array(2)]
isCheckOpponent.ts:268 5556color white black black true
isCheckOpponent.ts:270 5556Opponent's piece found at square 0,3 white
isCheckOpponent.ts:240 5556Iterating over direction 1 (3) [Array(2), Array(2), Array(2)]
isCheckOpponent.ts:268 5556color white black black true
isCheckOpponent.ts:270 5556Opponent's piece found at square 0,5 white
isCheckOpponent.ts:240 5556Iterating over direction 2 []
isCheckOpponent.ts:243 5556Row 2 is empty {board: Array(8), history: Array(12), turn: 'white', username1: null, username2: '', …} []
isCheckOpponent.ts:240 5556Iterating over direction 3 (7) [Array(2), Array(2), Array(2), Array(2), Array(2), Array(2), Array(2)]
isCheckOpponent.ts:268 5556color white black black true
isCheckOpponent.ts:270 5556Opponent's piece found at square 1,4 white
isCheckOpponent.ts:240 5556Iterating over direction 4 []
isCheckOpponent.ts:243 5556Row 4 is empty {board: Array(8), history: Array(12), turn: 'white', username1: null, username2: '', …} []
isCheckOpponent.ts:240 5556Iterating over direction 5 []
isCheckOpponent.ts:243 5556Row 5 is empty {board: Array(8), history: Array(12), turn: 'white', username1: null, username2: '', …} []
isCheckOpponent.ts:240 5556Iterating over direction 6 (4) [Array(2), Array(2), Array(2), Array(2)]
isCheckOpponent.ts:268 5556color white black black true
isCheckOpponent.ts:270 5556Opponent's piece found at square 1,3 white
isCheckOpponent.ts:240 5556Iterating over direction 7 (3) [Array(2), Array(2), Array(2)]
isCheckOpponent.ts:268 5556color white black black true
isCheckOpponent.ts:270 5556Opponent's piece found at square 1,5 white
isCheckOpponent.ts:240 5556Iterating over direction 8 []
isCheckOpponent.ts:243 5556Row 8 is empty {board: Array(8), history: Array(12), turn: 'white', username1: null, username2: '', …} []
isCheckOpponent.ts:240 5556Iterating over direction 9 []
isCheckOpponent.ts:243 5556Row 9 is empty {board: Array(8), history: Array(12), turn: 'white', username1: null, username2: '', …} []
isCheckOpponent.ts:240 5556Iterating over direction 10 [Array(2)]
isCheckOpponent.ts:259 5556No opponent's knight at square 2,3 empty
isCheckOpponent.ts:240 5556Iterating over direction 11 [Array(2)]
isCheckOpponent.ts:259 5556No opponent's knight at square 2,5 empty
isCheckOpponent.ts:240 5556Iterating over direction 12 []
isCheckOpponent.ts:243 5556Row 12 is empty {board: Array(8), history: Array(12), turn: 'white', username1: null, username2: '', …} []
isCheckOpponent.ts:240 5556Iterating over direction 13 []
isCheckOpponent.ts:243 5556Row 13 is empty {board: Array(8), history: Array(12), turn: 'white', username1: null, username2: '', …} []
isCheckOpponent.ts:240 5556Iterating over direction 14 [Array(2)]
isCheckOpponent.ts:259 5556No opponent's knight at square 1,2 pawn
isCheckOpponent.ts:240 5556Iterating over direction 15 [Array(2)]
isCheckOpponent.ts:259 5556No opponent's knight at square 1,6 pawn
isCheckOpponent.ts:354 5556Last direction is blank or not an current player's knight at square 1,6
isCheckOpponent.ts:379 843firstTriggeringCurrentPiece undefined
isCheckOpponent.ts:416 843firstTriggeringCurrentPieceIndex: -1
isCheckOpponent.ts:417 843slicedCoordinates: []
isCheckOpponent.ts:439 843firstTriggeringCurrentPieceIndex -1
isCheckOpponent.ts:214 7322canBlockParams (16) [Array(4), Array(3), Array(0), Array(7), Array(0), Array(0), Array(4), Array(3), Array(0), Array(0), Array(1), Array(1), Array(0), Array(0), Array(1), Array(1)] (2) [6, 5] white
isCheckOpponent.ts:226 7322currentPlayerPieces (16) [{…}, {…}, {…}, {…}, {…}, {…}, {…}, {…}, {…}, {…}, {…}, {…}, {…}, {…}, {…}, {…}]
isCheckOpponent.ts:227 5556threateningSquares (16) [Array(4), Array(3), Array(0), Array(7), Array(0), Array(0), Array(4), Array(3), Array(0), Array(0), Array(1), Array(1), Array(0), Array(0), Array(1), Array(1)] black
isCheckOpponent.ts:230 7322threateningSquaresCopy (16) [Array(4), Array(3), Array(0), Array(7), Array(0), Array(0), Array(4), Array(3), Array(0), Array(0), Array(1), Array(1), Array(0), Array(0), Array(1), Array(1)]
isCheckOpponent.ts:240 5556Iterating over direction 0 (4) [Array(2), Array(2), Array(2), Array(2)]
isCheckOpponent.ts:268 5556color white black black true
isCheckOpponent.ts:270 5556Opponent's piece found at square 0,3 white
isCheckOpponent.ts:240 5556Iterating over direction 1 (3) [Array(2), Array(2), Array(2)]
isCheckOpponent.ts:268 5556color white black black true
isCheckOpponent.ts:270 5556Opponent's piece found at square 0,5 white
isCheckOpponent.ts:240 5556Iterating over direction 2 []
isCheckOpponent.ts:243 5556Row 2 is empty {board: Array(8), history: Array(12), turn: 'white', username1: null, username2: '', …} []
isCheckOpponent.ts:240 5556Iterating over direction 3 (7) [Array(2), Array(2), Array(2), Array(2), Array(2), Array(2), Array(2)]
isCheckOpponent.ts:268 5556color white black black true
isCheckOpponent.ts:270 5556Opponent's piece found at square 1,4 white
isCheckOpponent.ts:240 5556Iterating over direction 4 []
isCheckOpponent.ts:243 5556Row 4 is empty {board: Array(8), history: Array(12), turn: 'white', username1: null, username2: '', …} []
isCheckOpponent.ts:240 5556Iterating over direction 5 []
isCheckOpponent.ts:243 5556Row 5 is empty {board: Array(8), history: Array(12), turn: 'white', username1: null, username2: '', …} []
isCheckOpponent.ts:240 5556Iterating over direction 6 (4) [Array(2), Array(2), Array(2), Array(2)]
isCheckOpponent.ts:268 5556color white black black true
isCheckOpponent.ts:270 5556Opponent's piece found at square 1,3 white
isCheckOpponent.ts:240 5556Iterating over direction 7 (3) [Array(2), Array(2), Array(2)]
isCheckOpponent.ts:268 5556color white black black true
isCheckOpponent.ts:270 5556Opponent's piece found at square 1,5 white
isCheckOpponent.ts:240 5556Iterating over direction 8 []
isCheckOpponent.ts:243 5556Row 8 is empty {board: Array(8), history: Array(12), turn: 'white', username1: null, username2: '', …} []
isCheckOpponent.ts:240 5556Iterating over direction 9 []
isCheckOpponent.ts:243 5556Row 9 is empty {board: Array(8), history: Array(12), turn: 'white', username1: null, username2: '', …} []
isCheckOpponent.ts:240 5556Iterating over direction 10 [Array(2)]
isCheckOpponent.ts:259 5556No opponent's knight at square 2,3 empty
isCheckOpponent.ts:240 5556Iterating over direction 11 [Array(2)]
isCheckOpponent.ts:259 5556No opponent's knight at square 2,5 empty
isCheckOpponent.ts:240 5556Iterating over direction 12 []
isCheckOpponent.ts:243 5556Row 12 is empty {board: Array(8), history: Array(12), turn: 'white', username1: null, username2: '', …} []
isCheckOpponent.ts:240 5556Iterating over direction 13 []
isCheckOpponent.ts:243 5556Row 13 is empty {board: Array(8), history: Array(12), turn: 'white', username1: null, username2: '', …} []
isCheckOpponent.ts:240 5556Iterating over direction 14 [Array(2)]
isCheckOpponent.ts:259 5556No opponent's knight at square 1,2 pawn
isCheckOpponent.ts:240 5556Iterating over direction 15 [Array(2)]
isCheckOpponent.ts:259 5556No opponent's knight at square 1,6 pawn
isCheckOpponent.ts:354 5556Last direction is blank or not an current player's knight at square 1,6
isCheckOpponent.ts:463 7322isKingInCheck false
validMoves.ts:444 843isKingInCheck false 843slicedThreateningSquares undefined 843directionIndex -1
pieceMoves.ts:37 222getMovesForPiece {id: 29, type: 'pawn', position: Array(2), color: 'white'} (2) [6, 5] {board: Array(8), history: Array(12), turn: 'white', username1: null, username2: '', …}
pieceMoves.ts:58 222PawnMovesCheck {id: 29, type: 'pawn', position: Array(2), color: 'white'} (2) [6, 5] {board: Array(8), history: Array(12), turn: 'white', username1: null, username2: '', …}
pieceMoves.ts:65 222PawnMovesForwards (2) [5, 5] 5 5
pieceMoves.ts:126 222PawnMovesSent [Array(2)]
pieceMoves.ts:43 222getMovesForPieceMoves [Array(2)]
pieceMoves.ts:51 Returning moves: [Array(2)] {board: Array(8), history: Array(12), turn: 'white', username1: null, username2: '', …}
validMoves.ts:553 843normalMoves [Array(2)]
validMoves.ts:565 843filteredMoves []
validMoves.ts:89 843tempGameState {board: Array(8), history: Array(12), turn: 'white', username1: null, username2: '', …} 843currentColor white 843gameState.threateningPiecesPositions[currentColor] {black: Array(16), white: Array(16)} piece position (2) [5, 5]
calculateThreateningSquares.ts:15 999King position: (2) [7, 4] (2) [5, 5] (2) [7, 4]
calculateThreateningSquares.ts:31 999Current direction: (2) [0, -1]
calculateThreateningSquares.ts:49 999New position: (2) [7, 3]
calculateThreateningSquares.ts:49 999New position: (2) [7, 2]
calculateThreateningSquares.ts:49 999New position: (2) [7, 1]
calculateThreateningSquares.ts:49 999New position: (2) [7, 0]
calculateThreateningSquares.ts:49 999New position: (2) [7, -1]
calculateThreateningSquares.ts:31 999Current direction: (2) [0, 1]
calculateThreateningSquares.ts:49 999New position: (2) [7, 5]
calculateThreateningSquares.ts:49 999New position: (2) [7, 6]
calculateThreateningSquares.ts:49 999New position: (2) [7, 7]
calculateThreateningSquares.ts:49 999New position: (2) [7, 8]
calculateThreateningSquares.ts:31 999Current direction: (2) [-1, 0]
calculateThreateningSquares.ts:49 999New position: (2) [6, 4]
calculateThreateningSquares.ts:49 999New position: (2) [5, 4]
calculateThreateningSquares.ts:49 999New position: (2) [4, 4]
calculateThreateningSquares.ts:49 999New position: (2) [3, 4]
calculateThreateningSquares.ts:49 999New position: (2) [2, 4]
calculateThreateningSquares.ts:49 999New position: (2) [1, 4]
calculateThreateningSquares.ts:49 999New position: (2) [0, 4]
calculateThreateningSquares.ts:31 999Current direction: (2) [1, 0]
calculateThreateningSquares.ts:49 999New position: (2) [8, 4]
calculateThreateningSquares.ts:31 999Current direction: (2) [-1, -1]
calculateThreateningSquares.ts:49 999New position: (2) [6, 3]
calculateThreateningSquares.ts:49 999New position: (2) [5, 2]
calculateThreateningSquares.ts:49 999New position: (2) [4, 1]
calculateThreateningSquares.ts:49 999New position: (2) [3, 0]
calculateThreateningSquares.ts:49 999New position: (2) [2, -1]
calculateThreateningSquares.ts:31 999Current direction: (2) [-1, 1]
calculateThreateningSquares.ts:49 999New position: (2) [6, 5]
calculateThreateningSquares.ts:49 999New position: (2) [5, 6]
calculateThreateningSquares.ts:49 999New position: (2) [4, 7]
calculateThreateningSquares.ts:49 999New position: (2) [3, 8]
calculateThreateningSquares.ts:31 999Current direction: (2) [1, -1]
calculateThreateningSquares.ts:49 999New position: (2) [8, 3]
calculateThreateningSquares.ts:31 999Current direction: (2) [1, 1]
calculateThreateningSquares.ts:49 999New position: (2) [8, 5]
calculateThreateningSquares.ts:31 999Current direction: (2) [-2, -1]
calculateThreateningSquares.ts:37 999New position: (2) [5, 3]
calculateThreateningSquares.ts:31 999Current direction: (2) [-2, 1]
calculateThreateningSquares.ts:37 999New position: (2) [5, 5]
calculateThreateningSquares.ts:31 999Current direction: (2) [2, -1]
calculateThreateningSquares.ts:37 999New position: (2) [9, 3]
calculateThreateningSquares.ts:31 999Current direction: (2) [2, 1]
calculateThreateningSquares.ts:37 999New position: (2) [9, 5]
calculateThreateningSquares.ts:31 999Current direction: (2) [-1, -2]
calculateThreateningSquares.ts:37 999New position: (2) [6, 2]
calculateThreateningSquares.ts:31 999Current direction: (2) [-1, 2]
calculateThreateningSquares.ts:37 999New position: (2) [6, 6]
calculateThreateningSquares.ts:31 999Current direction: (2) [1, -2]
calculateThreateningSquares.ts:37 999New position: (2) [8, 2]
calculateThreateningSquares.ts:31 999Current direction: (2) [1, 2]
calculateThreateningSquares.ts:37 999New position: (2) [8, 6]
calculateThreateningSquares.ts:59 999Calculated squares: (16) [Array(4), Array(3), Array(7), Array(0), Array(4), Array(3), Array(0), Array(0), Array(1), Array(1), Array(0), Array(0), Array(1), Array(1), Array(0), Array(0)]
validMoves.ts:132 debugging 1: 7,3,7,2,7,1,7,0,7,5,7,6,7,7,6,4,5,4,4,4,3,4,2,4,1,4,0,4,,6,3,5,2,4,1,3,0,6,5,5,6,4,7,,,5,3,5,5,,,6,2,6,6,,
isCheck.ts:15 Game State: {board: Array(8), history: Array(12), turn: 'white', username1: null, username2: '', …} Threatening Squares: (16) [Array(4), Array(3), Array(7), Array(0), Array(4), Array(3), Array(0), Array(0), Array(1), Array(1), Array(0), Array(0), Array(1), Array(1), Array(0), Array(0)] Opponent Player Number: 1 Check Position: (2) [7, 4] Piece: {id: 29, type: 'pawn', position: Array(2), color: 'white'} Position: (2) [6, 5] Player Number: 2 Last Position: (2) [5, 5] Match Found In Direction: 1 Current Player Color: white
isCheck.ts:26 7322threateningSquares (16) [Array(4), Array(3), Array(7), Array(0), Array(4), Array(3), Array(0), Array(0), Array(1), Array(1), Array(0), Array(0), Array(1), Array(1), Array(0), Array(0)]
isCheck.ts:27 7322gameState {board: Array(8), history: Array(12), turn: 'white', username1: null, username2: '', …}
isCheck.ts:35 5556pieceLastPosition (2) [5, 5]
isCheck.ts:293 7322gameState.history.length 12
isCheck.ts:92 7322gameState {board: Array(8), history: Array(12), turn: 'white', username1: null, username2: '', …}
isCheck.ts:93 7322piece {id: 29, type: 'pawn', position: Array(2), color: 'white'} undefined
isCheck.ts:94 7322lastPosition (2) [5, 5]
isCheck.ts:95 7322canBlockParams {board: Array(8), history: Array(12), turn: 'white', username1: null, username2: '', …} (16) [Array(4), Array(3), Array(7), Array(0), Array(4), Array(3), Array(0), Array(0), Array(1), Array(1), Array(0), Array(0), Array(1), Array(1), Array(0), Array(0)] (2) [7, 4] black
isCheck.ts:97 7322threateningSquares (16) [Array(4), Array(3), Array(7), Array(0), Array(4), Array(3), Array(0), Array(0), Array(1), Array(1), Array(0), Array(0), Array(1), Array(1), Array(0), Array(0)]
isCheck.ts:75 7322gameState {board: Array(8), history: Array(12), turn: 'white', username1: null, username2: '', …}
isCheck.ts:127 7322currentPlayerPieces (15) [{…}, {…}, {…}, {…}, {…}, {…}, {…}, {…}, {…}, {…}, {…}, {…}, {…}, {…}, {…}]
isCheck.ts:128 5556threateningSquares (16) [Array(4), Array(3), Array(7), Array(0), Array(4), Array(3), Array(0), Array(0), Array(1), Array(1), Array(0), Array(0), Array(1), Array(1), Array(0), Array(0)] white
isCheck.ts:131 7322threateningSquaresCopy (16) [Array(4), Array(3), Array(7), Array(0), Array(4), Array(3), Array(0), Array(0), Array(1), Array(1), Array(0), Array(0), Array(1), Array(1), Array(0), Array(0)]
isCheck.ts:135 5556Iterating over direction 0
isCheck.ts:146 5556squarePiece (2) [7, 3] {type: 'empty', color: 'none', hasMoved: false, position: Array(2), index: -1} {board: Array(8), history: Array(12), turn: 'white', username1: null, username2: '', …}
isCheck.ts:147 5556Iterating over square 7,3 with squarePiece color none {board: Array(8), history: Array(12), turn: 'white', username1: null, username2: '', …} {type: 'empty', color: 'none', hasMoved: false, position: Array(2), index: -1}
isCheck.ts:150 5556No piece or color at square 7,3
isCheck.ts:146 5556squarePiece (2) [7, 2] {type: 'bishop', color: 'white', position: Array(2), hasMoved: false, index: 18} {board: Array(8), history: Array(12), turn: 'white', username1: null, username2: '', …}
isCheck.ts:147 5556Iterating over square 7,2 with squarePiece color white {board: Array(8), history: Array(12), turn: 'white', username1: null, username2: '', …} {type: 'bishop', color: 'white', position: Array(2), hasMoved: false, index: 18}
isCheck.ts:155 5556color white black white
isCheck.ts:157 5556Friendly's piece found at square 7,2 white
isCheck.ts:135 5556Iterating over direction 1
isCheck.ts:146 5556squarePiece (2) [7, 5] {type: 'bishop', color: 'white', position: Array(2), hasMoved: false, index: 21} {board: Array(8), history: Array(12), turn: 'white', username1: null, username2: '', …}
isCheck.ts:147 5556Iterating over square 7,5 with squarePiece color white {board: Array(8), history: Array(12), turn: 'white', username1: null, username2: '', …} {type: 'bishop', color: 'white', position: Array(2), hasMoved: false, index: 21}
isCheck.ts:155 5556color white black white
isCheck.ts:157 5556Friendly's piece found at square 7,5 white
isCheck.ts:135 5556Iterating over direction 2
isCheck.ts:146 5556squarePiece (2) [6, 4] {type: 'empty', color: 'none', hasMoved: false, position: Array(2), index: -1} {board: Array(8), history: Array(12), turn: 'white', username1: null, username2: '', …}
isCheck.ts:147 5556Iterating over square 6,4 with squarePiece color none {board: Array(8), history: Array(12), turn: 'white', username1: null, username2: '', …} {type: 'empty', color: 'none', hasMoved: false, position: Array(2), index: -1}
isCheck.ts:150 5556No piece or color at square 6,4
isCheck.ts:146 5556squarePiece (2) [5, 4] {type: 'empty', color: 'none', hasMoved: false, position: Array(2), index: -1} {board: Array(8), history: Array(12), turn: 'white', username1: null, username2: '', …}
isCheck.ts:147 5556Iterating over square 5,4 with squarePiece color none {board: Array(8), history: Array(12), turn: 'white', username1: null, username2: '', …} {type: 'empty', color: 'none', hasMoved: false, position: Array(2), index: -1}
isCheck.ts:150 5556No piece or color at square 5,4
isCheck.ts:146 5556squarePiece (2) [4, 4] {type: 'empty', color: 'none', position: Array(2), hasMoved: true, index: -1, …} {board: Array(8), history: Array(12), turn: 'white', username1: null, username2: '', …}
isCheck.ts:147 5556Iterating over square 4,4 with squarePiece color none {board: Array(8), history: Array(12), turn: 'white', username1: null, username2: '', …} {type: 'empty', color: 'none', position: Array(2), hasMoved: true, index: -1, …}
isCheck.ts:150 5556No piece or color at square 4,4
isCheck.ts:146 5556squarePiece (2) [3, 4] {type: 'empty', color: 'none', hasMoved: true, position: Array(2), index: -1, …} {board: Array(8), history: Array(12), turn: 'white', username1: null, username2: '', …}
isCheck.ts:147 5556Iterating over square 3,4 with squarePiece color none {board: Array(8), history: Array(12), turn: 'white', username1: null, username2: '', …} {type: 'empty', color: 'none', hasMoved: true, position: Array(2), index: -1, …}
isCheck.ts:150 5556No piece or color at square 3,4
isCheck.ts:146 5556squarePiece (2) [2, 4] {type: 'empty', color: 'none', hasMoved: false, position: Array(0), index: 16} {board: Array(8), history: Array(12), turn: 'white', username1: null, username2: '', …}
isCheck.ts:147 5556Iterating over square 2,4 with squarePiece color none {board: Array(8), history: Array(12), turn: 'white', username1: null, username2: '', …} {type: 'empty', color: 'none', hasMoved: false, position: Array(0), index: 16}
isCheck.ts:150 5556No piece or color at square 2,4
isCheck.ts:146 5556squarePiece (2) [1, 4] {type: 'pawn', color: 'black', position: Array(2), hasMoved: false, index: 12} {board: Array(8), history: Array(12), turn: 'white', username1: null, username2: '', …}
isCheck.ts:147 5556Iterating over square 1,4 with squarePiece color black {board: Array(8), history: Array(12), turn: 'white', username1: null, username2: '', …} {type: 'pawn', color: 'black', position: Array(2), hasMoved: false, index: 12}
isCheck.ts:155 5556color white black black
isCheck.ts:201 5556No opponent pieces hit in direction 2 at square 1,4
isCheck.ts:135 5556Iterating over direction 3
isCheck.ts:138 5556Row 3 is empty {board: Array(8), history: Array(12), turn: 'white', username1: null, username2: '', …}
isCheck.ts:135 5556Iterating over direction 4
isCheck.ts:146 5556squarePiece (2) [6, 3] {type: 'empty', color: 'none', hasMoved: false, position: Array(2), index: -1} {board: Array(8), history: Array(12), turn: 'white', username1: null, username2: '', …}
isCheck.ts:147 5556Iterating over square 6,3 with squarePiece color none {board: Array(8), history: Array(12), turn: 'white', username1: null, username2: '', …} {type: 'empty', color: 'none', hasMoved: false, position: Array(2), index: -1}
isCheck.ts:150 5556No piece or color at square 6,3
isCheck.ts:146 5556squarePiece (2) [5, 2] {type: 'empty', color: 'none', position: Array(2), hasMoved: true, index: -1, …} {board: Array(8), history: Array(12), turn: 'white', username1: null, username2: '', …}
isCheck.ts:147 5556Iterating over square 5,2 with squarePiece color none {board: Array(8), history: Array(12), turn: 'white', username1: null, username2: '', …} {type: 'empty', color: 'none', position: Array(2), hasMoved: true, index: -1, …}
isCheck.ts:150 5556No piece or color at square 5,2
isCheck.ts:146 5556squarePiece (2) [4, 1] {type: 'empty', color: 'none', hasMoved: false, position: Array(0), index: 16} {board: Array(8), history: Array(12), turn: 'white', username1: null, username2: '', …}
isCheck.ts:147 5556Iterating over square 4,1 with squarePiece color none {board: Array(8), history: Array(12), turn: 'white', username1: null, username2: '', …} {type: 'empty', color: 'none', hasMoved: false, position: Array(0), index: 16}
isCheck.ts:150 5556No piece or color at square 4,1
isCheck.ts:146 5556squarePiece (2) [3, 0] {type: 'empty', color: 'none', position: Array(2), hasMoved: true, index: -1, …} {board: Array(8), history: Array(12), turn: 'white', username1: null, username2: '', …}
isCheck.ts:147 5556Iterating over square 3,0 with squarePiece color none {board: Array(8), history: Array(12), turn: 'white', username1: null, username2: '', …} {type: 'empty', color: 'none', position: Array(2), hasMoved: true, index: -1, …}
isCheck.ts:150 5556No piece or color at square 3,0
isCheck.ts:135 5556Iterating over direction 5
isCheck.ts:146 5556squarePiece (2) [6, 5] {type: 'empty', color: 'none', hasMoved: false, position: Array(2)} {board: Array(8), history: Array(12), turn: 'white', username1: null, username2: '', …}
isCheck.ts:147 5556Iterating over square 6,5 with squarePiece color none {board: Array(8), history: Array(12), turn: 'white', username1: null, username2: '', …} {type: 'empty', color: 'none', hasMoved: false, position: Array(2)}
isCheck.ts:150 5556No piece or color at square 6,5
isCheck.ts:146 5556squarePiece (2) [5, 6] {type: 'empty', color: 'none', hasMoved: false, position: Array(0), index: 16} {board: Array(8), history: Array(12), turn: 'white', username1: null, username2: '', …}
isCheck.ts:147 5556Iterating over square 5,6 with squarePiece color none {board: Array(8), history: Array(12), turn: 'white', username1: null, username2: '', …} {type: 'empty', color: 'none', hasMoved: false, position: Array(0), index: 16}
isCheck.ts:150 5556No piece or color at square 5,6
isCheck.ts:146 5556squarePiece (2) [4, 7] {type: 'empty', color: 'none', hasMoved: false, position: Array(0), index: 16} {board: Array(8), history: Array(12), turn: 'white', username1: null, username2: '', …}
isCheck.ts:147 5556Iterating over square 4,7 with squarePiece color none {board: Array(8), history: Array(12), turn: 'white', username1: null, username2: '', …} {type: 'empty', color: 'none', hasMoved: false, position: Array(0), index: 16}
isCheck.ts:150 5556No piece or color at square 4,7
isCheck.ts:135 5556Iterating over direction 6
isCheck.ts:138 5556Row 6 is empty {board: Array(8), history: Array(12), turn: 'white', username1: null, username2: '', …}
isCheck.ts:135 5556Iterating over direction 7
isCheck.ts:138 5556Row 7 is empty {board: Array(8), history: Array(12), turn: 'white', username1: null, username2: '', …}
isCheck.ts:135 5556Iterating over direction 8
isCheck.ts:146 5556squarePiece (2) [5, 3] {type: 'empty', color: 'none', hasMoved: false, position: Array(2), index: -1} {board: Array(8), history: Array(12), turn: 'white', username1: null, username2: '', …}
isCheck.ts:147 5556Iterating over square 5,3 with squarePiece color none {board: Array(8), history: Array(12), turn: 'white', username1: null, username2: '', …} {type: 'empty', color: 'none', hasMoved: false, position: Array(2), index: -1}
isCheck.ts:150 5556No piece or color at square 5,3
isCheck.ts:135 5556Iterating over direction 9
isCheck.ts:146 5556squarePiece (2) [5, 5] {type: 'pawn', color: 'white', position: Array(2), hasMoved: true, isHighlighted: false, …} {board: Array(8), history: Array(12), turn: 'white', username1: null, username2: '', …}
isCheck.ts:147 5556Iterating over square 5,5 with squarePiece color white {board: Array(8), history: Array(12), turn: 'white', username1: null, username2: '', …} {type: 'pawn', color: 'white', position: Array(2), hasMoved: true, isHighlighted: false, …}
isCheck.ts:155 5556color white black white
isCheck.ts:157 5556Friendly's piece found at square 5,5 white
isCheck.ts:135 5556Iterating over direction 10
isCheck.ts:138 5556Row 10 is empty {board: Array(8), history: Array(12), turn: 'white', username1: null, username2: '', …}
isCheck.ts:135 5556Iterating over direction 11
isCheck.ts:138 5556Row 11 is empty {board: Array(8), history: Array(12), turn: 'white', username1: null, username2: '', …}
isCheck.ts:135 5556Iterating over direction 12
isCheck.ts:146 5556squarePiece (2) [6, 2] {type: 'empty', color: 'none', hasMoved: false, position: Array(2), index: -1} {board: Array(8), history: Array(12), turn: 'white', username1: null, username2: '', …}
isCheck.ts:147 5556Iterating over square 6,2 with squarePiece color none {board: Array(8), history: Array(12), turn: 'white', username1: null, username2: '', …} {type: 'empty', color: 'none', hasMoved: false, position: Array(2), index: -1}
isCheck.ts:150 5556No piece or color at square 6,2
isCheck.ts:135 5556Iterating over direction 13
isCheck.ts:146 5556squarePiece (2) [6, 6] {type: 'pawn', color: 'white', position: Array(2), hasMoved: false, index: 30} {board: Array(8), history: Array(12), turn: 'white', username1: null, username2: '', …}
isCheck.ts:147 5556Iterating over square 6,6 with squarePiece color white {board: Array(8), history: Array(12), turn: 'white', username1: null, username2: '', …} {type: 'pawn', color: 'white', position: Array(2), hasMoved: false, index: 30}
isCheck.ts:155 5556color white black white
isCheck.ts:157 5556Friendly's piece found at square 6,6 white
isCheck.ts:135 5556Iterating over direction 14
isCheck.ts:138 5556Row 14 is empty {board: Array(8), history: Array(12), turn: 'white', username1: null, username2: '', …}
isCheck.ts:135 5556Iterating over direction 15
isCheck.ts:138 5556Row 15 is empty {board: Array(8), history: Array(12), turn: 'white', username1: null, username2: '', …}
isCheck.ts:300 843firstTriggeringOpponentPiece undefined
isCheck.ts:301 843threateningSquares (16) [Array(4), Array(3), Array(7), Array(0), Array(4), Array(3), Array(0), Array(0), Array(1), Array(1), Array(0), Array(0), Array(1), Array(1), Array(0), Array(0)] {board: Array(8), history: Array(12), turn: 'white', username1: null, username2: '', …} undefined -1 true
isCheck.ts:326 843firstTriggeringOpponentPieceIndex: -1
isCheck.ts:327 843slicedCoordinates: []
isCheck.ts:350 843firstTriggeringOpponentPieceIndex -1
isCheck.ts:406 7322isKingInCheck false
isCheck.ts:412 7322King is not in check or checkmate.
isCheck.ts:414 843checkDirection -1 {board: Array(8), history: Array(12), turn: 'white', username1: null, username2: '', …}
validMoves.ts:151 843checkResult {isKingInCheck: false, loser: 'white', slicedThreateningSquares: Array(0), checkDirection: -1, firstTriggeringOpponentPiece: undefined, …} []
validMoves.ts:153 843moves [Array(0)]
validMoves.ts:567 843normalMoves [Array(2)] []
validMoves.ts:569 843normalMoves [Array(2)] []
enPassant.ts:4 Running enPassant function with piece: {id: 29, type: 'pawn', position: Array(2), color: 'white'} and lastPosition: (2) [6, 5]
enPassant.ts:28 enPassantCondition: false enPassantDirection: -1 toX: 6 toY: 5 opponentColor: black
enPassant.ts:44 Was this the opponent's last move? false
validMoves.ts:758 843pawnMove (2) [6, 5]
validMoves.ts:281 843position (2) [6, 5] {board: Array(8), history: Array(12), turn: 'white', username1: null, username2: '', …}
validMoves.ts:381 843currentIndex 29 {type: 'pawn', color: 'white', position: Array(2), hasMoved: false, index: 29} (2) [6, 5]
validMoves.ts:383 tempGameState {board: Array(8), history: Array(12), turn: 'white', username1: null, username2: '', …} 843tempGameState.turn white {board: Array(8), history: Array(12), turn: 'white', username1: null, username2: '', …} (2) [6, 5] (2) [6, 5] {type: 'pawn', color: 'white', position: Array(2), hasMoved: false, index: 29}
validMoves.ts:879 843moves [Array(0)] [Array(2)]
validMoves.ts:887 Checking move 0: []
validMoves.ts:892 Comparing with normalMove 0: (2) [5, 5] [Array(2)]
validMoves.ts:915 Move 0 not found in normalMoves, errorFound set to true
validMoves.ts:921 Some moves may have inconsistent format, but proceeding anyway
overrideMethod @ hook.js:608
validMoves @ validMoves.ts:921
(anonymous) @ aiEngine.ts:109
getAllLegalMoves @ aiEngine.ts:106
getBestMoveOneDepth @ aiEngine.ts:76
getAIMove @ aiEngine.ts:20
makeAIMove @ App.tsx:284
(anonymous) @ App.tsx:580
setTimeout
(anonymous) @ App.tsx:579
commitHookEffectListMount @ chunk-X3B7SAOS.js?v=3151037c:16904
commitPassiveMountOnFiber @ chunk-X3B7SAOS.js?v=3151037c:18152
commitPassiveMountEffects_complete @ chunk-X3B7SAOS.js?v=3151037c:18125
commitPassiveMountEffects_begin @ chunk-X3B7SAOS.js?v=3151037c:18115
commitPassiveMountEffects @ chunk-X3B7SAOS.js?v=3151037c:18105
flushPassiveEffectsImpl @ chunk-X3B7SAOS.js?v=3151037c:19486
flushPassiveEffects @ chunk-X3B7SAOS.js?v=3151037c:19443
(anonymous) @ chunk-X3B7SAOS.js?v=3151037c:19324
workLoop @ chunk-X3B7SAOS.js?v=3151037c:197
flushWork @ chunk-X3B7SAOS.js?v=3151037c:176
performWorkUntilDeadline @ chunk-X3B7SAOS.js?v=3151037c:384Understand this warningAI
validMoves.ts:12 302validMoves piece {id: 30, type: 'pawn', position: Array(2), color: 'white'} position (2) [6, 6] gameState {board: Array(8), history: Array(12), turn: 'white', username1: null, username2: '', …} playerNumber 2 lastPosition (2) [6, 6]
validMoves.ts:35 7778tempGameState 7 7778pieceLastPosition 6 7778piece 4 7778tempKing 6 tempGameState {board: Array(8), history: Array(12), turn: 'white', username1: null, username2: '', …}
validMoves.ts:47 843hypotheticalGameState {board: Array(8), history: Array(12), turn: 'white', username1: null, username2: '', …} 843piece.position (2) [6, 6] 843lastPosition (2) [6, 6]
validMoves.ts:62 843checkDirection 0 843threateningPieceIndex 0 (16) [Array(4), Array(3), Array(7), Array(0), Array(4), Array(3), Array(0), Array(0), Array(1), Array(1), Array(0), Array(0), Array(1), Array(1), Array(0), Array(0)]
validMoves.ts:67 843piece {type: 'empty', color: 'none', hasMoved: false, position: Array(2), index: -1} 843piece.color none 843opponentColor black 843currentColor white
validMoves.ts:62 843checkDirection 0 843threateningPieceIndex 1 (16) [Array(4), Array(3), Array(7), Array(0), Array(4), Array(3), Array(0), Array(0), Array(1), Array(1), Array(0), Array(0), Array(1), Array(1), Array(0), Array(0)]
validMoves.ts:67 843piece {type: 'bishop', color: 'white', position: Array(2), hasMoved: false, index: 18} 843piece.color white 843opponentColor black 843currentColor white
validMoves.ts:62 843checkDirection 1 843threateningPieceIndex 0 (16) [Array(4), Array(3), Array(7), Array(0), Array(4), Array(3), Array(0), Array(0), Array(1), Array(1), Array(0), Array(0), Array(1), Array(1), Array(0), Array(0)]
validMoves.ts:67 843piece {type: 'bishop', color: 'white', position: Array(2), hasMoved: false, index: 21} 843piece.color white 843opponentColor black 843currentColor white
validMoves.ts:62 843checkDirection 2 843threateningPieceIndex 0 (16) [Array(4), Array(3), Array(7), Array(0), Array(4), Array(3), Array(0), Array(0), Array(1), Array(1), Array(0), Array(0), Array(1), Array(1), Array(0), Array(0)]
validMoves.ts:67 843piece {type: 'empty', color: 'none', hasMoved: false, position: Array(2), index: -1} 843piece.color none 843opponentColor black 843currentColor white
validMoves.ts:62 843checkDirection 2 843threateningPieceIndex 1 (16) [Array(4), Array(3), Array(7), Array(0), Array(4), Array(3), Array(0), Array(0), Array(1), Array(1), Array(0), Array(0), Array(1), Array(1), Array(0), Array(0)]
validMoves.ts:67 843piece {type: 'empty', color: 'none', hasMoved: false, position: Array(2), index: -1} 843piece.color none 843opponentColor black 843currentColor white
validMoves.ts:62 843checkDirection 2 843threateningPieceIndex 2 (16) [Array(4), Array(3), Array(7), Array(0), Array(4), Array(3), Array(0), Array(0), Array(1), Array(1), Array(0), Array(0), Array(1), Array(1), Array(0), Array(0)]
validMoves.ts:67 843piece {type: 'empty', color: 'none', position: Array(2), hasMoved: true, index: -1, …} 843piece.color none 843opponentColor black 843currentColor white
validMoves.ts:62 843checkDirection 2 843threateningPieceIndex 3 (16) [Array(4), Array(3), Array(7), Array(0), Array(4), Array(3), Array(0), Array(0), Array(1), Array(1), Array(0), Array(0), Array(1), Array(1), Array(0), Array(0)]
validMoves.ts:67 843piece {type: 'empty', color: 'none', hasMoved: true, position: Array(2), index: -1, …} 843piece.color none 843opponentColor black 843currentColor white
validMoves.ts:62 843checkDirection 2 843threateningPieceIndex 4 (16) [Array(4), Array(3), Array(7), Array(0), Array(4), Array(3), Array(0), Array(0), Array(1), Array(1), Array(0), Array(0), Array(1), Array(1), Array(0), Array(0)]
validMoves.ts:67 843piece {type: 'empty', color: 'none', hasMoved: false, position: Array(0), index: 16} 843piece.color none 843opponentColor black 843currentColor white
validMoves.ts:62 843checkDirection 2 843threateningPieceIndex 5 (16) [Array(4), Array(3), Array(7), Array(0), Array(4), Array(3), Array(0), Array(0), Array(1), Array(1), Array(0), Array(0), Array(1), Array(1), Array(0), Array(0)]
validMoves.ts:67 843piece {type: 'pawn', color: 'black', position: Array(2), hasMoved: false, index: 12} 843piece.color black 843opponentColor black 843currentColor white
validMoves.ts:54 77722piece.position (2) [0, 4]
validMoves.ts:62 843checkDirection 3 843threateningPieceIndex 0 (16) [Array(0), Array(7), Array(4), Array(3), Array(0), Array(0), Array(4), Array(3), Array(0), Array(0), Array(0), Array(0), Array(1), Array(1), Array(1), Array(1)]
validMoves.ts:67 843piece {type: 'bishop', color: 'black', position: Array(2), hasMoved: false, index: 5} 843piece.color black 843opponentColor black 843currentColor white
validMoves.ts:54 77722piece.position (2) [0, 4]
validMoves.ts:54 77722piece.position (2) [0, 4]
validMoves.ts:62 843checkDirection 6 843threateningPieceIndex 0 (16) [Array(0), Array(7), Array(4), Array(3), Array(0), Array(0), Array(4), Array(3), Array(0), Array(0), Array(0), Array(0), Array(1), Array(1), Array(1), Array(1)]
validMoves.ts:67 843piece {type: 'pawn', color: 'black', position: Array(2), hasMoved: false, index: 11} 843piece.color black 843opponentColor black 843currentColor white
validMoves.ts:62 843checkDirection 7 843threateningPieceIndex 0 (16) [Array(0), Array(7), Array(4), Array(3), Array(0), Array(0), Array(4), Array(3), Array(0), Array(0), Array(0), Array(0), Array(1), Array(1), Array(1), Array(1)]
validMoves.ts:67 843piece {type: 'pawn', color: 'black', position: Array(2), hasMoved: false, index: 13} 843piece.color black 843opponentColor black 843currentColor white
validMoves.ts:54 77722piece.position (2) [0, 4]
validMoves.ts:54 77722piece.position (2) [0, 4]
validMoves.ts:54 77722piece.position (2) [0, 4]
validMoves.ts:54 77722piece.position (2) [0, 4]
validMoves.ts:62 843checkDirection 12 843threateningPieceIndex 0 (16) [Array(0), Array(7), Array(4), Array(3), Array(0), Array(0), Array(4), Array(3), Array(0), Array(0), Array(0), Array(0), Array(1), Array(1), Array(1), Array(1)]
validMoves.ts:67 843piece {type: 'pawn', color: 'black', position: Array(2), hasMoved: false, index: 10} 843piece.color black 843opponentColor black 843currentColor white
validMoves.ts:62 843checkDirection 13 843threateningPieceIndex 0 (16) [Array(0), Array(7), Array(4), Array(3), Array(0), Array(0), Array(4), Array(3), Array(0), Array(0), Array(0), Array(0), Array(1), Array(1), Array(1), Array(1)]
validMoves.ts:67 843piece {type: 'pawn', color: 'black', position: Array(2), hasMoved: false, index: 14} 843piece.color black 843opponentColor black 843currentColor white
validMoves.ts:62 843checkDirection 14 843threateningPieceIndex 0 (16) [Array(0), Array(7), Array(4), Array(3), Array(0), Array(0), Array(4), Array(3), Array(0), Array(0), Array(0), Array(0), Array(1), Array(1), Array(1), Array(1)]
validMoves.ts:67 843piece {type: 'empty', color: 'none', hasMoved: false, position: Array(0), index: 16} 843piece.color none 843opponentColor black 843currentColor white
validMoves.ts:62 843checkDirection 15 843threateningPieceIndex 0 (16) [Array(0), Array(7), Array(4), Array(3), Array(0), Array(0), Array(4), Array(3), Array(0), Array(0), Array(0), Array(0), Array(1), Array(1), Array(1), Array(1)]
validMoves.ts:67 843piece {type: 'empty', color: 'none', hasMoved: true, position: Array(2), index: -1, …} 843piece.color none 843opponentColor black 843currentColor white
validMoves.ts:178 843matchFoundInDirection 1
validMoves.ts:439 847piece.type pawn checkPosition (2) [6, 6] lastPosition (2) [6, 6] gameState {board: Array(8), history: Array(12), turn: 'white', username1: null, username2: '', …} piece {id: 30, type: 'pawn', position: Array(2), color: 'white'} position (2) [6, 6] playerNumber 2 lastPosition (2) [6, 6] matchFoundInDirection 1 currentColor white
isCheckOpponent.ts:69 7322isCheckParams {board: Array(8), history: Array(12), turn: 'white', username1: null, username2: '', …} (16) [Array(4), Array(3), Array(0), Array(7), Array(0), Array(0), Array(4), Array(3), Array(0), Array(0), Array(1), Array(1), Array(0), Array(0), Array(1), Array(1)] 1 (2) [6, 6] {id: 30, type: 'pawn', position: Array(2), color: 'white'} (2) [6, 6] 2 (2) [6, 6] 1 white
isCheckOpponent.ts:70 7322threateningSquares (16) [Array(4), Array(3), Array(0), Array(7), Array(0), Array(0), Array(4), Array(3), Array(0), Array(0), Array(1), Array(1), Array(0), Array(0), Array(1), Array(1)]
isCheckOpponent.ts:71 7322gameState {board: Array(8), history: Array(12), turn: 'white', username1: null, username2: '', …}
isCheckOpponent.ts:82 5556pieceLastPosition (2) [6, 6] undefined
calculateThreateningSquares.ts:15 999King position: (2) [7, 4] (2) [6, 6] (2) [7, 4]
calculateThreateningSquares.ts:31 999Current direction: (2) [0, -1]
calculateThreateningSquares.ts:49 999New position: (2) [7, 3]
calculateThreateningSquares.ts:49 999New position: (2) [7, 2]
calculateThreateningSquares.ts:49 999New position: (2) [7, 1]
calculateThreateningSquares.ts:49 999New position: (2) [7, 0]
calculateThreateningSquares.ts:49 999New position: (2) [7, -1]
calculateThreateningSquares.ts:31 999Current direction: (2) [0, 1]
calculateThreateningSquares.ts:49 999New position: (2) [7, 5]
calculateThreateningSquares.ts:49 999New position: (2) [7, 6]
calculateThreateningSquares.ts:49 999New position: (2) [7, 7]
calculateThreateningSquares.ts:49 999New position: (2) [7, 8]
calculateThreateningSquares.ts:31 999Current direction: (2) [-1, 0]
calculateThreateningSquares.ts:49 999New position: (2) [6, 4]
calculateThreateningSquares.ts:49 999New position: (2) [5, 4]
calculateThreateningSquares.ts:49 999New position: (2) [4, 4]
calculateThreateningSquares.ts:49 999New position: (2) [3, 4]
calculateThreateningSquares.ts:49 999New position: (2) [2, 4]
calculateThreateningSquares.ts:49 999New position: (2) [1, 4]
calculateThreateningSquares.ts:49 999New position: (2) [0, 4]
calculateThreateningSquares.ts:31 999Current direction: (2) [1, 0]
calculateThreateningSquares.ts:49 999New position: (2) [8, 4]
calculateThreateningSquares.ts:31 999Current direction: (2) [-1, -1]
calculateThreateningSquares.ts:49 999New position: (2) [6, 3]
calculateThreateningSquares.ts:49 999New position: (2) [5, 2]
calculateThreateningSquares.ts:49 999New position: (2) [4, 1]
calculateThreateningSquares.ts:49 999New position: (2) [3, 0]
calculateThreateningSquares.ts:49 999New position: (2) [2, -1]
calculateThreateningSquares.ts:31 999Current direction: (2) [-1, 1]
calculateThreateningSquares.ts:49 999New position: (2) [6, 5]
calculateThreateningSquares.ts:49 999New position: (2) [5, 6]
calculateThreateningSquares.ts:49 999New position: (2) [4, 7]
calculateThreateningSquares.ts:49 999New position: (2) [3, 8]
calculateThreateningSquares.ts:31 999Current direction: (2) [1, -1]
calculateThreateningSquares.ts:49 999New position: (2) [8, 3]
calculateThreateningSquares.ts:31 999Current direction: (2) [1, 1]
calculateThreateningSquares.ts:49 999New position: (2) [8, 5]
calculateThreateningSquares.ts:31 999Current direction: (2) [-2, -1]
calculateThreateningSquares.ts:37 999New position: (2) [5, 3]
calculateThreateningSquares.ts:31 999Current direction: (2) [-2, 1]
calculateThreateningSquares.ts:37 999New position: (2) [5, 5]
calculateThreateningSquares.ts:31 999Current direction: (2) [2, -1]
calculateThreateningSquares.ts:37 999New position: (2) [9, 3]
calculateThreateningSquares.ts:31 999Current direction: (2) [2, 1]
calculateThreateningSquares.ts:37 999New position: (2) [9, 5]
calculateThreateningSquares.ts:31 999Current direction: (2) [-1, -2]
calculateThreateningSquares.ts:37 999New position: (2) [6, 2]
calculateThreateningSquares.ts:31 999Current direction: (2) [-1, 2]
calculateThreateningSquares.ts:37 999New position: (2) [6, 6]
calculateThreateningSquares.ts:31 999Current direction: (2) [1, -2]
calculateThreateningSquares.ts:37 999New position: (2) [8, 2]
calculateThreateningSquares.ts:31 999Current direction: (2) [1, 2]
calculateThreateningSquares.ts:37 999New position: (2) [8, 6]
calculateThreateningSquares.ts:59 999Calculated squares: (16) [Array(4), Array(3), Array(7), Array(0), Array(4), Array(3), Array(0), Array(0), Array(1), Array(1), Array(0), Array(0), Array(1), Array(1), Array(0), Array(0)]
isCheckOpponent.ts:143 Updated threateningSquaresCopy for check evaluation: (16) [Array(4), Array(3), Array(7), Array(0), Array(4), Array(3), Array(0), Array(0), Array(1), Array(1), Array(0), Array(0), Array(1), Array(1), Array(0), Array(0)]
isCheckOpponent.ts:371 7322gameState.history.length 12
isCheckOpponent.ts:214 7322canBlockParams (16) [Array(4), Array(3), Array(0), Array(7), Array(0), Array(0), Array(4), Array(3), Array(0), Array(0), Array(1), Array(1), Array(0), Array(0), Array(1), Array(1)] (2) [6, 6] white
isCheckOpponent.ts:226 7322currentPlayerPieces (16) [{…}, {…}, {…}, {…}, {…}, {…}, {…}, {…}, {…}, {…}, {…}, {…}, {…}, {…}, {…}, {…}]
isCheckOpponent.ts:227 5556threateningSquares (16) [Array(4), Array(3), Array(0), Array(7), Array(0), Array(0), Array(4), Array(3), Array(0), Array(0), Array(1), Array(1), Array(0), Array(0), Array(1), Array(1)] black
isCheckOpponent.ts:230 7322threateningSquaresCopy (16) [Array(4), Array(3), Array(0), Array(7), Array(0), Array(0), Array(4), Array(3), Array(0), Array(0), Array(1), Array(1), Array(0), Array(0), Array(1), Array(1)]
isCheckOpponent.ts:240 5556Iterating over direction 0 (4) [Array(2), Array(2), Array(2), Array(2)]
isCheckOpponent.ts:268 5556color white black black true
isCheckOpponent.ts:270 5556Opponent's piece found at square 0,3 white
isCheckOpponent.ts:240 5556Iterating over direction 1 (3) [Array(2), Array(2), Array(2)]
isCheckOpponent.ts:268 5556color white black black true
isCheckOpponent.ts:270 5556Opponent's piece found at square 0,5 white
isCheckOpponent.ts:240 5556Iterating over direction 2 []
isCheckOpponent.ts:243 5556Row 2 is empty {board: Array(8), history: Array(12), turn: 'white', username1: null, username2: '', …} []
isCheckOpponent.ts:240 5556Iterating over direction 3 (7) [Array(2), Array(2), Array(2), Array(2), Array(2), Array(2), Array(2)]
isCheckOpponent.ts:268 5556color white black black true
isCheckOpponent.ts:270 5556Opponent's piece found at square 1,4 white
isCheckOpponent.ts:240 5556Iterating over direction 4 []
isCheckOpponent.ts:243 5556Row 4 is empty {board: Array(8), history: Array(12), turn: 'white', username1: null, username2: '', …} []
isCheckOpponent.ts:240 5556Iterating over direction 5 []
isCheckOpponent.ts:243 5556Row 5 is empty {board: Array(8), history: Array(12), turn: 'white', username1: null, username2: '', …} []
isCheckOpponent.ts:240 5556Iterating over direction 6 (4) [Array(2), Array(2), Array(2), Array(2)]
isCheckOpponent.ts:268 5556color white black black true
isCheckOpponent.ts:270 5556Opponent's piece found at square 1,3 white
isCheckOpponent.ts:240 5556Iterating over direction 7 (3) [Array(2), Array(2), Array(2)]
isCheckOpponent.ts:268 5556color white black black true
isCheckOpponent.ts:270 5556Opponent's piece found at square 1,5 white
isCheckOpponent.ts:240 5556Iterating over direction 8 []
isCheckOpponent.ts:243 5556Row 8 is empty {board: Array(8), history: Array(12), turn: 'white', username1: null, username2: '', …} []
isCheckOpponent.ts:240 5556Iterating over direction 9 []
isCheckOpponent.ts:243 5556Row 9 is empty {board: Array(8), history: Array(12), turn: 'white', username1: null, username2: '', …} []
isCheckOpponent.ts:240 5556Iterating over direction 10 [Array(2)]
isCheckOpponent.ts:259 5556No opponent's knight at square 2,3 empty
isCheckOpponent.ts:240 5556Iterating over direction 11 [Array(2)]
isCheckOpponent.ts:259 5556No opponent's knight at square 2,5 empty
isCheckOpponent.ts:240 5556Iterating over direction 12 []
isCheckOpponent.ts:243 5556Row 12 is empty {board: Array(8), history: Array(12), turn: 'white', username1: null, username2: '', …} []
isCheckOpponent.ts:240 5556Iterating over direction 13 []
isCheckOpponent.ts:243 5556Row 13 is empty {board: Array(8), history: Array(12), turn: 'white', username1: null, username2: '', …} []
isCheckOpponent.ts:240 5556Iterating over direction 14 [Array(2)]
isCheckOpponent.ts:259 5556No opponent's knight at square 1,2 pawn
isCheckOpponent.ts:240 5556Iterating over direction 15 [Array(2)]
isCheckOpponent.ts:259 5556No opponent's knight at square 1,6 pawn
isCheckOpponent.ts:354 5556Last direction is blank or not an current player's knight at square 1,6
isCheckOpponent.ts:379 843firstTriggeringCurrentPiece undefined
isCheckOpponent.ts:416 843firstTriggeringCurrentPieceIndex: -1
isCheckOpponent.ts:417 843slicedCoordinates: []
isCheckOpponent.ts:439 843firstTriggeringCurrentPieceIndex -1
isCheckOpponent.ts:214 7322canBlockParams (16) [Array(4), Array(3), Array(0), Array(7), Array(0), Array(0), Array(4), Array(3), Array(0), Array(0), Array(1), Array(1), Array(0), Array(0), Array(1), Array(1)] (2) [6, 6] white
isCheckOpponent.ts:226 7322currentPlayerPieces (16) [{…}, {…}, {…}, {…}, {…}, {…}, {…}, {…}, {…}, {…}, {…}, {…}, {…}, {…}, {…}, {…}]
isCheckOpponent.ts:227 5556threateningSquares (16) [Array(4), Array(3), Array(0), Array(7), Array(0), Array(0), Array(4), Array(3), Array(0), Array(0), Array(1), Array(1), Array(0), Array(0), Array(1), Array(1)] black
isCheckOpponent.ts:230 7322threateningSquaresCopy (16) [Array(4), Array(3), Array(0), Array(7), Array(0), Array(0), Array(4), Array(3), Array(0), Array(0), Array(1), Array(1), Array(0), Array(0), Array(1), Array(1)]
isCheckOpponent.ts:240 5556Iterating over direction 0 (4) [Array(2), Array(2), Array(2), Array(2)]
isCheckOpponent.ts:268 5556color white black black true
isCheckOpponent.ts:270 5556Opponent's piece found at square 0,3 white
isCheckOpponent.ts:240 5556Iterating over direction 1 (3) [Array(2), Array(2), Array(2)]
isCheckOpponent.ts:268 5556color white black black true
isCheckOpponent.ts:270 5556Opponent's piece found at square 0,5 white
isCheckOpponent.ts:240 5556Iterating over direction 2 []
isCheckOpponent.ts:243 5556Row 2 is empty {board: Array(8), history: Array(12), turn: 'white', username1: null, username2: '', …} []
isCheckOpponent.ts:240 5556Iterating over direction 3 (7) [Array(2), Array(2), Array(2), Array(2), Array(2), Array(2), Array(2)]
isCheckOpponent.ts:268 5556color white black black true
isCheckOpponent.ts:270 5556Opponent's piece found at square 1,4 white
isCheckOpponent.ts:240 5556Iterating over direction 4 []
isCheckOpponent.ts:243 5556Row 4 is empty {board: Array(8), history: Array(12), turn: 'white', username1: null, username2: '', …} []
isCheckOpponent.ts:240 5556Iterating over direction 5 []
isCheckOpponent.ts:243 5556Row 5 is empty {board: Array(8), history: Array(12), turn: 'white', username1: null, username2: '', …} []
isCheckOpponent.ts:240 5556Iterating over direction 6 (4) [Array(2), Array(2), Array(2), Array(2)]
isCheckOpponent.ts:268 5556color white black black true
isCheckOpponent.ts:270 5556Opponent's piece found at square 1,3 white
isCheckOpponent.ts:240 5556Iterating over direction 7 (3) [Array(2), Array(2), Array(2)]
isCheckOpponent.ts:268 5556color white black black true
isCheckOpponent.ts:270 5556Opponent's piece found at square 1,5 white
isCheckOpponent.ts:240 5556Iterating over direction 8 []
isCheckOpponent.ts:243 5556Row 8 is empty {board: Array(8), history: Array(12), turn: 'white', username1: null, username2: '', …} []
isCheckOpponent.ts:240 5556Iterating over direction 9 []
isCheckOpponent.ts:243 5556Row 9 is empty {board: Array(8), history: Array(12), turn: 'white', username1: null, username2: '', …} []
isCheckOpponent.ts:240 5556Iterating over direction 10 [Array(2)]
isCheckOpponent.ts:259 5556No opponent's knight at square 2,3 empty
isCheckOpponent.ts:240 5556Iterating over direction 11 [Array(2)]
isCheckOpponent.ts:259 5556No opponent's knight at square 2,5 empty
isCheckOpponent.ts:240 5556Iterating over direction 12 []
isCheckOpponent.ts:243 5556Row 12 is empty {board: Array(8), history: Array(12), turn: 'white', username1: null, username2: '', …} []
isCheckOpponent.ts:240 5556Iterating over direction 13 []
isCheckOpponent.ts:243 5556Row 13 is empty {board: Array(8), history: Array(12), turn: 'white', username1: null, username2: '', …} []
isCheckOpponent.ts:240 5556Iterating over direction 14 [Array(2)]
isCheckOpponent.ts:259 5556No opponent's knight at square 1,2 pawn
isCheckOpponent.ts:240 5556Iterating over direction 15 [Array(2)]
isCheckOpponent.ts:259 5556No opponent's knight at square 1,6 pawn
isCheckOpponent.ts:354 5556Last direction is blank or not an current player's knight at square 1,6
isCheckOpponent.ts:463 7322isKingInCheck false
validMoves.ts:444 843isKingInCheck false 843slicedThreateningSquares undefined 843directionIndex -1
pieceMoves.ts:37 222getMovesForPiece {id: 30, type: 'pawn', position: Array(2), color: 'white'} (2) [6, 6] {board: Array(8), history: Array(12), turn: 'white', username1: null, username2: '', …}
pieceMoves.ts:58 222PawnMovesCheck {id: 30, type: 'pawn', position: Array(2), color: 'white'} (2) [6, 6] {board: Array(8), history: Array(12), turn: 'white', username1: null, username2: '', …}
pieceMoves.ts:65 222PawnMovesForwards (2) [5, 6] 5 6
pieceMoves.ts:126 222PawnMovesSent [Array(2)]
pieceMoves.ts:43 222getMovesForPieceMoves [Array(2)]
pieceMoves.ts:51 Returning moves: [Array(2)] {board: Array(8), history: Array(12), turn: 'white', username1: null, username2: '', …}
validMoves.ts:553 843normalMoves [Array(2)]
validMoves.ts:565 843filteredMoves []
validMoves.ts:89 843tempGameState {board: Array(8), history: Array(12), turn: 'white', username1: null, username2: '', …} 843currentColor white 843gameState.threateningPiecesPositions[currentColor] {black: Array(16), white: Array(16)} piece position (2) [5, 6]
calculateThreateningSquares.ts:15 999King position: (2) [7, 4] (2) [5, 6] (2) [7, 4]
calculateThreateningSquares.ts:31 999Current direction: (2) [0, -1]
calculateThreateningSquares.ts:49 999New position: (2) [7, 3]
calculateThreateningSquares.ts:49 999New position: (2) [7, 2]
calculateThreateningSquares.ts:49 999New position: (2) [7, 1]
calculateThreateningSquares.ts:49 999New position: (2) [7, 0]
calculateThreateningSquares.ts:49 999New position: (2) [7, -1]
calculateThreateningSquares.ts:31 999Current direction: (2) [0, 1]
calculateThreateningSquares.ts:49 999New position: (2) [7, 5]
calculateThreateningSquares.ts:49 999New position: (2) [7, 6]
calculateThreateningSquares.ts:49 999New position: (2) [7, 7]
calculateThreateningSquares.ts:49 999New position: (2) [7, 8]
calculateThreateningSquares.ts:31 999Current direction: (2) [-1, 0]
calculateThreateningSquares.ts:49 999New position: (2) [6, 4]
calculateThreateningSquares.ts:49 999New position: (2) [5, 4]
calculateThreateningSquares.ts:49 999New position: (2) [4, 4]
calculateThreateningSquares.ts:49 999New position: (2) [3, 4]
calculateThreateningSquares.ts:49 999New position: (2) [2, 4]
calculateThreateningSquares.ts:49 999New position: (2) [1, 4]
calculateThreateningSquares.ts:49 999New position: (2) [0, 4]
calculateThreateningSquares.ts:31 999Current direction: (2) [1, 0]
calculateThreateningSquares.ts:49 999New position: (2) [8, 4]
calculateThreateningSquares.ts:31 999Current direction: (2) [-1, -1]
calculateThreateningSquares.ts:49 999New position: (2) [6, 3]
calculateThreateningSquares.ts:49 999New position: (2) [5, 2]
calculateThreateningSquares.ts:49 999New position: (2) [4, 1]
calculateThreateningSquares.ts:49 999New position: (2) [3, 0]
calculateThreateningSquares.ts:49 999New position: (2) [2, -1]
calculateThreateningSquares.ts:31 999Current direction: (2) [-1, 1]
calculateThreateningSquares.ts:49 999New position: (2) [6, 5]
calculateThreateningSquares.ts:49 999New position: (2) [5, 6]
calculateThreateningSquares.ts:49 999New position: (2) [4, 7]
calculateThreateningSquares.ts:49 999New position: (2) [3, 8]
calculateThreateningSquares.ts:31 999Current direction: (2) [1, -1]
calculateThreateningSquares.ts:49 999New position: (2) [8, 3]
calculateThreateningSquares.ts:31 999Current direction: (2) [1, 1]
calculateThreateningSquares.ts:49 999New position: (2) [8, 5]
calculateThreateningSquares.ts:31 999Current direction: (2) [-2, -1]
calculateThreateningSquares.ts:37 999New position: (2) [5, 3]
calculateThreateningSquares.ts:31 999Current direction: (2) [-2, 1]
calculateThreateningSquares.ts:37 999New position: (2) [5, 5]
calculateThreateningSquares.ts:31 999Current direction: (2) [2, -1]
calculateThreateningSquares.ts:37 999New position: (2) [9, 3]
calculateThreateningSquares.ts:31 999Current direction: (2) [2, 1]
calculateThreateningSquares.ts:37 999New position: (2) [9, 5]
calculateThreateningSquares.ts:31 999Current direction: (2) [-1, -2]
calculateThreateningSquares.ts:37 999New position: (2) [6, 2]
calculateThreateningSquares.ts:31 999Current direction: (2) [-1, 2]
calculateThreateningSquares.ts:37 999New position: (2) [6, 6]
calculateThreateningSquares.ts:31 999Current direction: (2) [1, -2]
calculateThreateningSquares.ts:37 999New position: (2) [8, 2]
calculateThreateningSquares.ts:31 999Current direction: (2) [1, 2]
calculateThreateningSquares.ts:37 999New position: (2) [8, 6]
calculateThreateningSquares.ts:59 999Calculated squares: (16) [Array(4), Array(3), Array(7), Array(0), Array(4), Array(3), Array(0), Array(0), Array(1), Array(1), Array(0), Array(0), Array(1), Array(1), Array(0), Array(0)]
validMoves.ts:132 debugging 1: 7,3,7,2,7,1,7,0,7,5,7,6,7,7,6,4,5,4,4,4,3,4,2,4,1,4,0,4,,6,3,5,2,4,1,3,0,6,5,5,6,4,7,,,5,3,5,5,,,6,2,6,6,,
isCheck.ts:15 Game State: {board: Array(8), history: Array(12), turn: 'white', username1: null, username2: '', …} Threatening Squares: (16) [Array(4), Array(3), Array(7), Array(0), Array(4), Array(3), Array(0), Array(0), Array(1), Array(1), Array(0), Array(0), Array(1), Array(1), Array(0), Array(0)] Opponent Player Number: 1 Check Position: (2) [7, 4] Piece: {id: 30, type: 'pawn', position: Array(2), color: 'white'} Position: (2) [6, 6] Player Number: 2 Last Position: (2) [5, 6] Match Found In Direction: 1 Current Player Color: white
isCheck.ts:26 7322threateningSquares (16) [Array(4), Array(3), Array(7), Array(0), Array(4), Array(3), Array(0), Array(0), Array(1), Array(1), Array(0), Array(0), Array(1), Array(1), Array(0), Array(0)]
isCheck.ts:27 7322gameState {board: Array(8), history: Array(12), turn: 'white', username1: null, username2: '', …}
isCheck.ts:35 5556pieceLastPosition (2) [5, 6]
isCheck.ts:293 7322gameState.history.length 12
isCheck.ts:92 7322gameState {board: Array(8), history: Array(12), turn: 'white', username1: null, username2: '', …}
isCheck.ts:93 7322piece {id: 30, type: 'pawn', position: Array(2), color: 'white'} undefined
isCheck.ts:94 7322lastPosition (2) [5, 6]
isCheck.ts:95 7322canBlockParams {board: Array(8), history: Array(12), turn: 'white', username1: null, username2: '', …} (16) [Array(4), Array(3), Array(7), Array(0), Array(4), Array(3), Array(0), Array(0), Array(1), Array(1), Array(0), Array(0), Array(1), Array(1), Array(0), Array(0)] (2) [7, 4] black
isCheck.ts:97 7322threateningSquares (16) [Array(4), Array(3), Array(7), Array(0), Array(4), Array(3), Array(0), Array(0), Array(1), Array(1), Array(0), Array(0), Array(1), Array(1), Array(0), Array(0)]
isCheck.ts:75 7322gameState {board: Array(8), history: Array(12), turn: 'white', username1: null, username2: '', …}
isCheck.ts:127 7322currentPlayerPieces (15) [{…}, {…}, {…}, {…}, {…}, {…}, {…}, {…}, {…}, {…}, {…}, {…}, {…}, {…}, {…}]
isCheck.ts:128 5556threateningSquares (16) [Array(4), Array(3), Array(7), Array(0), Array(4), Array(3), Array(0), Array(0), Array(1), Array(1), Array(0), Array(0), Array(1), Array(1), Array(0), Array(0)] white
isCheck.ts:131 7322threateningSquaresCopy (16) [Array(4), Array(3), Array(7), Array(0), Array(4), Array(3), Array(0), Array(0), Array(1), Array(1), Array(0), Array(0), Array(1), Array(1), Array(0), Array(0)]
isCheck.ts:135 5556Iterating over direction 0
isCheck.ts:146 5556squarePiece (2) [7, 3] {type: 'empty', color: 'none', hasMoved: false, position: Array(2), index: -1} {board: Array(8), history: Array(12), turn: 'white', username1: null, username2: '', …}
isCheck.ts:147 5556Iterating over square 7,3 with squarePiece color none {board: Array(8), history: Array(12), turn: 'white', username1: null, username2: '', …} {type: 'empty', color: 'none', hasMoved: false, position: Array(2), index: -1}
isCheck.ts:150 5556No piece or color at square 7,3
isCheck.ts:146 5556squarePiece (2) [7, 2] {type: 'bishop', color: 'white', position: Array(2), hasMoved: false, index: 18} {board: Array(8), history: Array(12), turn: 'white', username1: null, username2: '', …}
isCheck.ts:147 5556Iterating over square 7,2 with squarePiece color white {board: Array(8), history: Array(12), turn: 'white', username1: null, username2: '', …} {type: 'bishop', color: 'white', position: Array(2), hasMoved: false, index: 18}
isCheck.ts:155 5556color white black white
isCheck.ts:157 5556Friendly's piece found at square 7,2 white
isCheck.ts:135 5556Iterating over direction 1
isCheck.ts:146 5556squarePiece (2) [7, 5] {type: 'bishop', color: 'white', position: Array(2), hasMoved: false, index: 21} {board: Array(8), history: Array(12), turn: 'white', username1: null, username2: '', …}
isCheck.ts:147 5556Iterating over square 7,5 with squarePiece color white {board: Array(8), history: Array(12), turn: 'white', username1: null, username2: '', …} {type: 'bishop', color: 'white', position: Array(2), hasMoved: false, index: 21}
isCheck.ts:155 5556color white black white
isCheck.ts:157 5556Friendly's piece found at square 7,5 white
isCheck.ts:135 5556Iterating over direction 2
isCheck.ts:146 5556squarePiece (2) [6, 4] {type: 'empty', color: 'none', hasMoved: false, position: Array(2), index: -1} {board: Array(8), history: Array(12), turn: 'white', username1: null, username2: '', …}
isCheck.ts:147 5556Iterating over square 6,4 with squarePiece color none {board: Array(8), history: Array(12), turn: 'white', username1: null, username2: '', …} {type: 'empty', color: 'none', hasMoved: false, position: Array(2), index: -1}
isCheck.ts:150 5556No piece or color at square 6,4
isCheck.ts:146 5556squarePiece (2) [5, 4] {type: 'empty', color: 'none', hasMoved: false, position: Array(2), index: -1} {board: Array(8), history: Array(12), turn: 'white', username1: null, username2: '', …}
isCheck.ts:147 5556Iterating over square 5,4 with squarePiece color none {board: Array(8), history: Array(12), turn: 'white', username1: null, username2: '', …} {type: 'empty', color: 'none', hasMoved: false, position: Array(2), index: -1}
isCheck.ts:150 5556No piece or color at square 5,4
isCheck.ts:146 5556squarePiece (2) [4, 4] {type: 'empty', color: 'none', position: Array(2), hasMoved: true, index: -1, …} {board: Array(8), history: Array(12), turn: 'white', username1: null, username2: '', …}
isCheck.ts:147 5556Iterating over square 4,4 with squarePiece color none {board: Array(8), history: Array(12), turn: 'white', username1: null, username2: '', …} {type: 'empty', color: 'none', position: Array(2), hasMoved: true, index: -1, …}
isCheck.ts:150 5556No piece or color at square 4,4
isCheck.ts:146 5556squarePiece (2) [3, 4] {type: 'empty', color: 'none', hasMoved: true, position: Array(2), index: -1, …} {board: Array(8), history: Array(12), turn: 'white', username1: null, username2: '', …}
isCheck.ts:147 5556Iterating over square 3,4 with squarePiece color none {board: Array(8), history: Array(12), turn: 'white', username1: null, username2: '', …} {type: 'empty', color: 'none', hasMoved: true, position: Array(2), index: -1, …}
isCheck.ts:150 5556No piece or color at square 3,4
isCheck.ts:146 5556squarePiece (2) [2, 4] {type: 'empty', color: 'none', hasMoved: false, position: Array(0), index: 16} {board: Array(8), history: Array(12), turn: 'white', username1: null, username2: '', …}
isCheck.ts:147 5556Iterating over square 2,4 with squarePiece color none {board: Array(8), history: Array(12), turn: 'white', username1: null, username2: '', …} {type: 'empty', color: 'none', hasMoved: false, position: Array(0), index: 16}
isCheck.ts:150 5556No piece or color at square 2,4
isCheck.ts:146 5556squarePiece (2) [1, 4] {type: 'pawn', color: 'black', position: Array(2), hasMoved: false, index: 12} {board: Array(8), history: Array(12), turn: 'white', username1: null, username2: '', …}
isCheck.ts:147 5556Iterating over square 1,4 with squarePiece color black {board: Array(8), history: Array(12), turn: 'white', username1: null, username2: '', …} {type: 'pawn', color: 'black', position: Array(2), hasMoved: false, index: 12}
isCheck.ts:155 5556color white black black
isCheck.ts:201 5556No opponent pieces hit in direction 2 at square 1,4
isCheck.ts:135 5556Iterating over direction 3
isCheck.ts:138 5556Row 3 is empty {board: Array(8), history: Array(12), turn: 'white', username1: null, username2: '', …}
isCheck.ts:135 5556Iterating over direction 4
isCheck.ts:146 5556squarePiece (2) [6, 3] {type: 'empty', color: 'none', hasMoved: false, position: Array(2), index: -1} {board: Array(8), history: Array(12), turn: 'white', username1: null, username2: '', …}
isCheck.ts:147 5556Iterating over square 6,3 with squarePiece color none {board: Array(8), history: Array(12), turn: 'white', username1: null, username2: '', …} {type: 'empty', color: 'none', hasMoved: false, position: Array(2), index: -1}
isCheck.ts:150 5556No piece or color at square 6,3
isCheck.ts:146 5556squarePiece (2) [5, 2] {type: 'empty', color: 'none', position: Array(2), hasMoved: true, index: -1, …} {board: Array(8), history: Array(12), turn: 'white', username1: null, username2: '', …}
isCheck.ts:147 5556Iterating over square 5,2 with squarePiece color none {board: Array(8), history: Array(12), turn: 'white', username1: null, username2: '', …} {type: 'empty', color: 'none', position: Array(2), hasMoved: true, index: -1, …}
isCheck.ts:150 5556No piece or color at square 5,2
isCheck.ts:146 5556squarePiece (2) [4, 1] {type: 'empty', color: 'none', hasMoved: false, position: Array(0), index: 16} {board: Array(8), history: Array(12), turn: 'white', username1: null, username2: '', …}
isCheck.ts:147 5556Iterating over square 4,1 with squarePiece color none {board: Array(8), history: Array(12), turn: 'white', username1: null, username2: '', …} {type: 'empty', color: 'none', hasMoved: false, position: Array(0), index: 16}
isCheck.ts:150 5556No piece or color at square 4,1
isCheck.ts:146 5556squarePiece (2) [3, 0] {type: 'empty', color: 'none', position: Array(2), hasMoved: true, index: -1, …} {board: Array(8), history: Array(12), turn: 'white', username1: null, username2: '', …}
isCheck.ts:147 5556Iterating over square 3,0 with squarePiece color none {board: Array(8), history: Array(12), turn: 'white', username1: null, username2: '', …} {type: 'empty', color: 'none', position: Array(2), hasMoved: true, index: -1, …}
isCheck.ts:150 5556No piece or color at square 3,0
isCheck.ts:135 5556Iterating over direction 5
isCheck.ts:146 5556squarePiece (2) [6, 5] {type: 'pawn', color: 'white', position: Array(2), hasMoved: false, index: 29} {board: Array(8), history: Array(12), turn: 'white', username1: null, username2: '', …}
isCheck.ts:147 5556Iterating over square 6,5 with squarePiece color white {board: Array(8), history: Array(12), turn: 'white', username1: null, username2: '', …} {type: 'pawn', color: 'white', position: Array(2), hasMoved: false, index: 29}
isCheck.ts:155 5556color white black white
isCheck.ts:157 5556Friendly's piece found at square 6,5 white
isCheck.ts:135 5556Iterating over direction 6
isCheck.ts:138 5556Row 6 is empty {board: Array(8), history: Array(12), turn: 'white', username1: null, username2: '', …}
isCheck.ts:135 5556Iterating over direction 7
isCheck.ts:138 5556Row 7 is empty {board: Array(8), history: Array(12), turn: 'white', username1: null, username2: '', …}
isCheck.ts:135 5556Iterating over direction 8
isCheck.ts:146 5556squarePiece (2) [5, 3] {type: 'empty', color: 'none', hasMoved: false, position: Array(2), index: -1} {board: Array(8), history: Array(12), turn: 'white', username1: null, username2: '', …}
isCheck.ts:147 5556Iterating over square 5,3 with squarePiece color none {board: Array(8), history: Array(12), turn: 'white', username1: null, username2: '', …} {type: 'empty', color: 'none', hasMoved: false, position: Array(2), index: -1}
isCheck.ts:150 5556No piece or color at square 5,3
isCheck.ts:135 5556Iterating over direction 9
isCheck.ts:146 5556squarePiece (2) [5, 5] {type: 'empty', color: 'none', hasMoved: false, position: Array(0), index: 16} {board: Array(8), history: Array(12), turn: 'white', username1: null, username2: '', …}
isCheck.ts:147 5556Iterating over square 5,5 with squarePiece color none {board: Array(8), history: Array(12), turn: 'white', username1: null, username2: '', …} {type: 'empty', color: 'none', hasMoved: false, position: Array(0), index: 16}
isCheck.ts:150 5556No piece or color at square 5,5
isCheck.ts:135 5556Iterating over direction 10
isCheck.ts:138 5556Row 10 is empty {board: Array(8), history: Array(12), turn: 'white', username1: null, username2: '', …}
isCheck.ts:135 5556Iterating over direction 11
isCheck.ts:138 5556Row 11 is empty {board: Array(8), history: Array(12), turn: 'white', username1: null, username2: '', …}
isCheck.ts:135 5556Iterating over direction 12
isCheck.ts:146 5556squarePiece (2) [6, 2] {type: 'empty', color: 'none', hasMoved: false, position: Array(2), index: -1} {board: Array(8), history: Array(12), turn: 'white', username1: null, username2: '', …}
isCheck.ts:147 5556Iterating over square 6,2 with squarePiece color none {board: Array(8), history: Array(12), turn: 'white', username1: null, username2: '', …} {type: 'empty', color: 'none', hasMoved: false, position: Array(2), index: -1}
isCheck.ts:150 5556No piece or color at square 6,2
isCheck.ts:135 5556Iterating over direction 13
isCheck.ts:146 5556squarePiece (2) [6, 6] {type: 'empty', color: 'none', hasMoved: false, position: Array(2)} {board: Array(8), history: Array(12), turn: 'white', username1: null, username2: '', …}
isCheck.ts:147 5556Iterating over square 6,6 with squarePiece color none {board: Array(8), history: Array(12), turn: 'white', username1: null, username2: '', …} {type: 'empty', color: 'none', hasMoved: false, position: Array(2)}
isCheck.ts:150 5556No piece or color at square 6,6
isCheck.ts:135 5556Iterating over direction 14
isCheck.ts:138 5556Row 14 is empty {board: Array(8), history: Array(12), turn: 'white', username1: null, username2: '', …}
isCheck.ts:135 5556Iterating over direction 15
isCheck.ts:138 5556Row 15 is empty {board: Array(8), history: Array(12), turn: 'white', username1: null, username2: '', …}
isCheck.ts:300 843firstTriggeringOpponentPiece undefined
isCheck.ts:301 843threateningSquares (16) [Array(4), Array(3), Array(7), Array(0), Array(4), Array(3), Array(0), Array(0), Array(1), Array(1), Array(0), Array(0), Array(1), Array(1), Array(0), Array(0)] {board: Array(8), history: Array(12), turn: 'white', username1: null, username2: '', …} undefined -1 true
isCheck.ts:326 843firstTriggeringOpponentPieceIndex: -1
isCheck.ts:327 843slicedCoordinates: []
isCheck.ts:350 843firstTriggeringOpponentPieceIndex -1
isCheck.ts:406 7322isKingInCheck false
isCheck.ts:412 7322King is not in check or checkmate.
isCheck.ts:414 843checkDirection -1 {board: Array(8), history: Array(12), turn: 'white', username1: null, username2: '', …}
validMoves.ts:151 843checkResult {isKingInCheck: false, loser: 'white', slicedThreateningSquares: Array(0), checkDirection: -1, firstTriggeringOpponentPiece: undefined, …} []
validMoves.ts:153 843moves [Array(0)]
validMoves.ts:567 843normalMoves [Array(2)] []
validMoves.ts:569 843normalMoves [Array(2)] []
enPassant.ts:4 Running enPassant function with piece: {id: 30, type: 'pawn', position: Array(2), color: 'white'} and lastPosition: (2) [6, 6]
enPassant.ts:28 enPassantCondition: false enPassantDirection: -1 toX: 6 toY: 6 opponentColor: black
enPassant.ts:44 Was this the opponent's last move? false
validMoves.ts:758 843pawnMove (2) [6, 6]
validMoves.ts:281 843position (2) [6, 6] {board: Array(8), history: Array(12), turn: 'white', username1: null, username2: '', …}
validMoves.ts:381 843currentIndex 30 {type: 'pawn', color: 'white', position: Array(2), hasMoved: false, index: 30} (2) [6, 6]
validMoves.ts:383 tempGameState {board: Array(8), history: Array(12), turn: 'white', username1: null, username2: '', …} 843tempGameState.turn white {board: Array(8), history: Array(12), turn: 'white', username1: null, username2: '', …} (2) [6, 6] (2) [6, 6] {type: 'pawn', color: 'white', position: Array(2), hasMoved: false, index: 30}
validMoves.ts:879 843moves [Array(0)] [Array(2)]
validMoves.ts:887 Checking move 0: []
validMoves.ts:892 Comparing with normalMove 0: (2) [5, 6] [Array(2)]
validMoves.ts:915 Move 0 not found in normalMoves, errorFound set to true
validMoves.ts:921 Some moves may have inconsistent format, but proceeding anyway
overrideMethod @ hook.js:608
validMoves @ validMoves.ts:921
(anonymous) @ aiEngine.ts:109
getAllLegalMoves @ aiEngine.ts:106
getBestMoveOneDepth @ aiEngine.ts:76
getAIMove @ aiEngine.ts:20
makeAIMove @ App.tsx:284
(anonymous) @ App.tsx:580
setTimeout
(anonymous) @ App.tsx:579
commitHookEffectListMount @ chunk-X3B7SAOS.js?v=3151037c:16904
commitPassiveMountOnFiber @ chunk-X3B7SAOS.js?v=3151037c:18152
commitPassiveMountEffects_complete @ chunk-X3B7SAOS.js?v=3151037c:18125
commitPassiveMountEffects_begin @ chunk-X3B7SAOS.js?v=3151037c:18115
commitPassiveMountEffects @ chunk-X3B7SAOS.js?v=3151037c:18105
flushPassiveEffectsImpl @ chunk-X3B7SAOS.js?v=3151037c:19486
flushPassiveEffects @ chunk-X3B7SAOS.js?v=3151037c:19443
(anonymous) @ chunk-X3B7SAOS.js?v=3151037c:19324
workLoop @ chunk-X3B7SAOS.js?v=3151037c:197
flushWork @ chunk-X3B7SAOS.js?v=3151037c:176
performWorkUntilDeadline @ chunk-X3B7SAOS.js?v=3151037c:384Understand this warningAI
validMoves.ts:12 302validMoves piece {id: 31, type: 'pawn', position: Array(2), color: 'white'} position (2) [6, 7] gameState {board: Array(8), history: Array(12), turn: 'white', username1: null, username2: '', …} playerNumber 2 lastPosition (2) [6, 7]
validMoves.ts:35 7778tempGameState 7 7778pieceLastPosition 6 7778piece 4 7778tempKing 7 tempGameState {board: Array(8), history: Array(12), turn: 'white', username1: null, username2: '', …}
validMoves.ts:47 843hypotheticalGameState {board: Array(8), history: Array(12), turn: 'white', username1: null, username2: '', …} 843piece.position (2) [6, 7] 843lastPosition (2) [6, 7]
validMoves.ts:62 843checkDirection 0 843threateningPieceIndex 0 (16) [Array(4), Array(3), Array(7), Array(0), Array(4), Array(3), Array(0), Array(0), Array(1), Array(1), Array(0), Array(0), Array(1), Array(1), Array(0), Array(0)]
validMoves.ts:67 843piece {type: 'empty', color: 'none', hasMoved: false, position: Array(2), index: -1} 843piece.color none 843opponentColor black 843currentColor white
validMoves.ts:62 843checkDirection 0 843threateningPieceIndex 1 (16) [Array(4), Array(3), Array(7), Array(0), Array(4), Array(3), Array(0), Array(0), Array(1), Array(1), Array(0), Array(0), Array(1), Array(1), Array(0), Array(0)]
validMoves.ts:67 843piece {type: 'bishop', color: 'white', position: Array(2), hasMoved: false, index: 18} 843piece.color white 843opponentColor black 843currentColor white
validMoves.ts:62 843checkDirection 1 843threateningPieceIndex 0 (16) [Array(4), Array(3), Array(7), Array(0), Array(4), Array(3), Array(0), Array(0), Array(1), Array(1), Array(0), Array(0), Array(1), Array(1), Array(0), Array(0)]
validMoves.ts:67 843piece {type: 'bishop', color: 'white', position: Array(2), hasMoved: false, index: 21} 843piece.color white 843opponentColor black 843currentColor white
validMoves.ts:62 843checkDirection 2 843threateningPieceIndex 0 (16) [Array(4), Array(3), Array(7), Array(0), Array(4), Array(3), Array(0), Array(0), Array(1), Array(1), Array(0), Array(0), Array(1), Array(1), Array(0), Array(0)]
validMoves.ts:67 843piece {type: 'empty', color: 'none', hasMoved: false, position: Array(2), index: -1} 843piece.color none 843opponentColor black 843currentColor white
validMoves.ts:62 843checkDirection 2 843threateningPieceIndex 1 (16) [Array(4), Array(3), Array(7), Array(0), Array(4), Array(3), Array(0), Array(0), Array(1), Array(1), Array(0), Array(0), Array(1), Array(1), Array(0), Array(0)]
validMoves.ts:67 843piece {type: 'empty', color: 'none', hasMoved: false, position: Array(2), index: -1} 843piece.color none 843opponentColor black 843currentColor white
validMoves.ts:62 843checkDirection 2 843threateningPieceIndex 2 (16) [Array(4), Array(3), Array(7), Array(0), Array(4), Array(3), Array(0), Array(0), Array(1), Array(1), Array(0), Array(0), Array(1), Array(1), Array(0), Array(0)]
validMoves.ts:67 843piece {type: 'empty', color: 'none', position: Array(2), hasMoved: true, index: -1, …} 843piece.color none 843opponentColor black 843currentColor white
validMoves.ts:62 843checkDirection 2 843threateningPieceIndex 3 (16) [Array(4), Array(3), Array(7), Array(0), Array(4), Array(3), Array(0), Array(0), Array(1), Array(1), Array(0), Array(0), Array(1), Array(1), Array(0), Array(0)]
validMoves.ts:67 843piece {type: 'empty', color: 'none', hasMoved: true, position: Array(2), index: -1, …} 843piece.color none 843opponentColor black 843currentColor white
validMoves.ts:62 843checkDirection 2 843threateningPieceIndex 4 (16) [Array(4), Array(3), Array(7), Array(0), Array(4), Array(3), Array(0), Array(0), Array(1), Array(1), Array(0), Array(0), Array(1), Array(1), Array(0), Array(0)]
validMoves.ts:67 843piece {type: 'empty', color: 'none', hasMoved: false, position: Array(0), index: 16} 843piece.color none 843opponentColor black 843currentColor white
validMoves.ts:62 843checkDirection 2 843threateningPieceIndex 5 (16) [Array(4), Array(3), Array(7), Array(0), Array(4), Array(3), Array(0), Array(0), Array(1), Array(1), Array(0), Array(0), Array(1), Array(1), Array(0), Array(0)]
validMoves.ts:67 843piece {type: 'pawn', color: 'black', position: Array(2), hasMoved: false, index: 12} 843piece.color black 843opponentColor black 843currentColor white
validMoves.ts:54 77722piece.position (2) [0, 4]
validMoves.ts:62 843checkDirection 3 843threateningPieceIndex 0 (16) [Array(0), Array(7), Array(4), Array(3), Array(0), Array(0), Array(4), Array(3), Array(0), Array(0), Array(0), Array(0), Array(1), Array(1), Array(1), Array(1)]
validMoves.ts:67 843piece {type: 'bishop', color: 'black', position: Array(2), hasMoved: false, index: 5} 843piece.color black 843opponentColor black 843currentColor white
validMoves.ts:54 77722piece.position (2) [0, 4]
validMoves.ts:54 77722piece.position (2) [0, 4]
validMoves.ts:62 843checkDirection 6 843threateningPieceIndex 0 (16) [Array(0), Array(7), Array(4), Array(3), Array(0), Array(0), Array(4), Array(3), Array(0), Array(0), Array(0), Array(0), Array(1), Array(1), Array(1), Array(1)]
validMoves.ts:67 843piece {type: 'pawn', color: 'black', position: Array(2), hasMoved: false, index: 11} 843piece.color black 843opponentColor black 843currentColor white
validMoves.ts:62 843checkDirection 7 843threateningPieceIndex 0 (16) [Array(0), Array(7), Array(4), Array(3), Array(0), Array(0), Array(4), Array(3), Array(0), Array(0), Array(0), Array(0), Array(1), Array(1), Array(1), Array(1)]
validMoves.ts:67 843piece {type: 'pawn', color: 'black', position: Array(2), hasMoved: false, index: 13} 843piece.color black 843opponentColor black 843currentColor white
validMoves.ts:54 77722piece.position (2) [0, 4]
validMoves.ts:54 77722piece.position (2) [0, 4]
validMoves.ts:54 77722piece.position (2) [0, 4]
validMoves.ts:54 77722piece.position (2) [0, 4]
validMoves.ts:62 843checkDirection 12 843threateningPieceIndex 0 (16) [Array(0), Array(7), Array(4), Array(3), Array(0), Array(0), Array(4), Array(3), Array(0), Array(0), Array(0), Array(0), Array(1), Array(1), Array(1), Array(1)]
validMoves.ts:67 843piece {type: 'pawn', color: 'black', position: Array(2), hasMoved: false, index: 10} 843piece.color black 843opponentColor black 843currentColor white
validMoves.ts:62 843checkDirection 13 843threateningPieceIndex 0 (16) [Array(0), Array(7), Array(4), Array(3), Array(0), Array(0), Array(4), Array(3), Array(0), Array(0), Array(0), Array(0), Array(1), Array(1), Array(1), Array(1)]
validMoves.ts:67 843piece {type: 'pawn', color: 'black', position: Array(2), hasMoved: false, index: 14} 843piece.color black 843opponentColor black 843currentColor white
validMoves.ts:62 843checkDirection 14 843threateningPieceIndex 0 (16) [Array(0), Array(7), Array(4), Array(3), Array(0), Array(0), Array(4), Array(3), Array(0), Array(0), Array(0), Array(0), Array(1), Array(1), Array(1), Array(1)]
validMoves.ts:67 843piece {type: 'empty', color: 'none', hasMoved: false, position: Array(0), index: 16} 843piece.color none 843opponentColor black 843currentColor white
validMoves.ts:62 843checkDirection 15 843threateningPieceIndex 0 (16) [Array(0), Array(7), Array(4), Array(3), Array(0), Array(0), Array(4), Array(3), Array(0), Array(0), Array(0), Array(0), Array(1), Array(1), Array(1), Array(1)]
validMoves.ts:67 843piece {type: 'empty', color: 'none', hasMoved: true, position: Array(2), index: -1, …} 843piece.color none 843opponentColor black 843currentColor white
validMoves.ts:178 843matchFoundInDirection 1
validMoves.ts:439 847piece.type pawn checkPosition (2) [6, 7] lastPosition (2) [6, 7] gameState {board: Array(8), history: Array(12), turn: 'white', username1: null, username2: '', …} piece {id: 31, type: 'pawn', position: Array(2), color: 'white'} position (2) [6, 7] playerNumber 2 lastPosition (2) [6, 7] matchFoundInDirection 1 currentColor white
isCheckOpponent.ts:69 7322isCheckParams {board: Array(8), history: Array(12), turn: 'white', username1: null, username2: '', …} (16) [Array(4), Array(3), Array(0), Array(7), Array(0), Array(0), Array(4), Array(3), Array(0), Array(0), Array(1), Array(1), Array(0), Array(0), Array(1), Array(1)] 1 (2) [6, 7] {id: 31, type: 'pawn', position: Array(2), color: 'white'} (2) [6, 7] 2 (2) [6, 7] 1 white
isCheckOpponent.ts:70 7322threateningSquares (16) [Array(4), Array(3), Array(0), Array(7), Array(0), Array(0), Array(4), Array(3), Array(0), Array(0), Array(1), Array(1), Array(0), Array(0), Array(1), Array(1)]
isCheckOpponent.ts:71 7322gameState {board: Array(8), history: Array(12), turn: 'white', username1: null, username2: '', …}
isCheckOpponent.ts:82 5556pieceLastPosition (2) [6, 7] undefined
calculateThreateningSquares.ts:15 999King position: (2) [7, 4] (2) [6, 7] (2) [7, 4]
calculateThreateningSquares.ts:31 999Current direction: (2) [0, -1]
calculateThreateningSquares.ts:49 999New position: (2) [7, 3]
calculateThreateningSquares.ts:49 999New position: (2) [7, 2]
calculateThreateningSquares.ts:49 999New position: (2) [7, 1]
calculateThreateningSquares.ts:49 999New position: (2) [7, 0]
calculateThreateningSquares.ts:49 999New position: (2) [7, -1]
calculateThreateningSquares.ts:31 999Current direction: (2) [0, 1]
calculateThreateningSquares.ts:49 999New position: (2) [7, 5]
calculateThreateningSquares.ts:49 999New position: (2) [7, 6]
calculateThreateningSquares.ts:49 999New position: (2) [7, 7]
calculateThreateningSquares.ts:49 999New position: (2) [7, 8]
calculateThreateningSquares.ts:31 999Current direction: (2) [-1, 0]
calculateThreateningSquares.ts:49 999New position: (2) [6, 4]
calculateThreateningSquares.ts:49 999New position: (2) [5, 4]
calculateThreateningSquares.ts:49 999New position: (2) [4, 4]
calculateThreateningSquares.ts:49 999New position: (2) [3, 4]
calculateThreateningSquares.ts:49 999New position: (2) [2, 4]
calculateThreateningSquares.ts:49 999New position: (2) [1, 4]
calculateThreateningSquares.ts:49 999New position: (2) [0, 4]
calculateThreateningSquares.ts:31 999Current direction: (2) [1, 0]
calculateThreateningSquares.ts:49 999New position: (2) [8, 4]
calculateThreateningSquares.ts:31 999Current direction: (2) [-1, -1]
calculateThreateningSquares.ts:49 999New position: (2) [6, 3]
calculateThreateningSquares.ts:49 999New position: (2) [5, 2]
calculateThreateningSquares.ts:49 999New position: (2) [4, 1]
calculateThreateningSquares.ts:49 999New position: (2) [3, 0]
calculateThreateningSquares.ts:49 999New position: (2) [2, -1]
calculateThreateningSquares.ts:31 999Current direction: (2) [-1, 1]
calculateThreateningSquares.ts:49 999New position: (2) [6, 5]
calculateThreateningSquares.ts:49 999New position: (2) [5, 6]
calculateThreateningSquares.ts:49 999New position: (2) [4, 7]
calculateThreateningSquares.ts:49 999New position: (2) [3, 8]
calculateThreateningSquares.ts:31 999Current direction: (2) [1, -1]
calculateThreateningSquares.ts:49 999New position: (2) [8, 3]
calculateThreateningSquares.ts:31 999Current direction: (2) [1, 1]
calculateThreateningSquares.ts:49 999New position: (2) [8, 5]
calculateThreateningSquares.ts:31 999Current direction: (2) [-2, -1]
calculateThreateningSquares.ts:37 999New position: (2) [5, 3]
calculateThreateningSquares.ts:31 999Current direction: (2) [-2, 1]
calculateThreateningSquares.ts:37 999New position: (2) [5, 5]
calculateThreateningSquares.ts:31 999Current direction: (2) [2, -1]
calculateThreateningSquares.ts:37 999New position: (2) [9, 3]
calculateThreateningSquares.ts:31 999Current direction: (2) [2, 1]
calculateThreateningSquares.ts:37 999New position: (2) [9, 5]
calculateThreateningSquares.ts:31 999Current direction: (2) [-1, -2]
calculateThreateningSquares.ts:37 999New position: (2) [6, 2]
calculateThreateningSquares.ts:31 999Current direction: (2) [-1, 2]
calculateThreateningSquares.ts:37 999New position: (2) [6, 6]
calculateThreateningSquares.ts:31 999Current direction: (2) [1, -2]
calculateThreateningSquares.ts:37 999New position: (2) [8, 2]
calculateThreateningSquares.ts:31 999Current direction: (2) [1, 2]
calculateThreateningSquares.ts:37 999New position: (2) [8, 6]
calculateThreateningSquares.ts:59 999Calculated squares: (16) [Array(4), Array(3), Array(7), Array(0), Array(4), Array(3), Array(0), Array(0), Array(1), Array(1), Array(0), Array(0), Array(1), Array(1), Array(0), Array(0)]
isCheckOpponent.ts:143 Updated threateningSquaresCopy for check evaluation: (16) [Array(4), Array(3), Array(7), Array(0), Array(4), Array(3), Array(0), Array(0), Array(1), Array(1), Array(0), Array(0), Array(1), Array(1), Array(0), Array(0)]
isCheckOpponent.ts:371 7322gameState.history.length 12
isCheckOpponent.ts:214 7322canBlockParams (16) [Array(4), Array(3), Array(0), Array(7), Array(0), Array(0), Array(4), Array(3), Array(0), Array(0), Array(1), Array(1), Array(0), Array(0), Array(1), Array(1)] (2) [6, 7] white
isCheckOpponent.ts:226 7322currentPlayerPieces (16) [{…}, {…}, {…}, {…}, {…}, {…}, {…}, {…}, {…}, {…}, {…}, {…}, {…}, {…}, {…}, {…}]
isCheckOpponent.ts:227 5556threateningSquares (16) [Array(4), Array(3), Array(0), Array(7), Array(0), Array(0), Array(4), Array(3), Array(0), Array(0), Array(1), Array(1), Array(0), Array(0), Array(1), Array(1)] black
isCheckOpponent.ts:230 7322threateningSquaresCopy (16) [Array(4), Array(3), Array(0), Array(7), Array(0), Array(0), Array(4), Array(3), Array(0), Array(0), Array(1), Array(1), Array(0), Array(0), Array(1), Array(1)]
isCheckOpponent.ts:240 5556Iterating over direction 0 (4) [Array(2), Array(2), Array(2), Array(2)]
isCheckOpponent.ts:268 5556color white black black true
isCheckOpponent.ts:270 5556Opponent's piece found at square 0,3 white
isCheckOpponent.ts:240 5556Iterating over direction 1 (3) [Array(2), Array(2), Array(2)]
isCheckOpponent.ts:268 5556color white black black true
isCheckOpponent.ts:270 5556Opponent's piece found at square 0,5 white
isCheckOpponent.ts:240 5556Iterating over direction 2 []
isCheckOpponent.ts:243 5556Row 2 is empty {board: Array(8), history: Array(12), turn: 'white', username1: null, username2: '', …} []
isCheckOpponent.ts:240 5556Iterating over direction 3 (7) [Array(2), Array(2), Array(2), Array(2), Array(2), Array(2), Array(2)]
isCheckOpponent.ts:268 5556color white black black true
isCheckOpponent.ts:270 5556Opponent's piece found at square 1,4 white
isCheckOpponent.ts:240 5556Iterating over direction 4 []
isCheckOpponent.ts:243 5556Row 4 is empty {board: Array(8), history: Array(12), turn: 'white', username1: null, username2: '', …} []
isCheckOpponent.ts:240 5556Iterating over direction 5 []
isCheckOpponent.ts:243 5556Row 5 is empty {board: Array(8), history: Array(12), turn: 'white', username1: null, username2: '', …} []
isCheckOpponent.ts:240 5556Iterating over direction 6 (4) [Array(2), Array(2), Array(2), Array(2)]
isCheckOpponent.ts:268 5556color white black black true
isCheckOpponent.ts:270 5556Opponent's piece found at square 1,3 white
isCheckOpponent.ts:240 5556Iterating over direction 7 (3) [Array(2), Array(2), Array(2)]
isCheckOpponent.ts:268 5556color white black black true
isCheckOpponent.ts:270 5556Opponent's piece found at square 1,5 white
isCheckOpponent.ts:240 5556Iterating over direction 8 []
isCheckOpponent.ts:243 5556Row 8 is empty {board: Array(8), history: Array(12), turn: 'white', username1: null, username2: '', …} []
isCheckOpponent.ts:240 5556Iterating over direction 9 []
isCheckOpponent.ts:243 5556Row 9 is empty {board: Array(8), history: Array(12), turn: 'white', username1: null, username2: '', …} []
isCheckOpponent.ts:240 5556Iterating over direction 10 [Array(2)]
isCheckOpponent.ts:259 5556No opponent's knight at square 2,3 empty
isCheckOpponent.ts:240 5556Iterating over direction 11 [Array(2)]
isCheckOpponent.ts:259 5556No opponent's knight at square 2,5 empty
isCheckOpponent.ts:240 5556Iterating over direction 12 []
isCheckOpponent.ts:243 5556Row 12 is empty {board: Array(8), history: Array(12), turn: 'white', username1: null, username2: '', …} []
isCheckOpponent.ts:240 5556Iterating over direction 13 []
isCheckOpponent.ts:243 5556Row 13 is empty {board: Array(8), history: Array(12), turn: 'white', username1: null, username2: '', …} []
isCheckOpponent.ts:240 5556Iterating over direction 14 [Array(2)]
isCheckOpponent.ts:259 5556No opponent's knight at square 1,2 pawn
isCheckOpponent.ts:240 5556Iterating over direction 15 [Array(2)]
isCheckOpponent.ts:259 5556No opponent's knight at square 1,6 pawn
isCheckOpponent.ts:354 5556Last direction is blank or not an current player's knight at square 1,6
isCheckOpponent.ts:379 843firstTriggeringCurrentPiece undefined
isCheckOpponent.ts:416 843firstTriggeringCurrentPieceIndex: -1
isCheckOpponent.ts:417 843slicedCoordinates: []
isCheckOpponent.ts:439 843firstTriggeringCurrentPieceIndex -1
isCheckOpponent.ts:214 7322canBlockParams (16) [Array(4), Array(3), Array(0), Array(7), Array(0), Array(0), Array(4), Array(3), Array(0), Array(0), Array(1), Array(1), Array(0), Array(0), Array(1), Array(1)] (2) [6, 7] white
isCheckOpponent.ts:226 7322currentPlayerPieces (16) [{…}, {…}, {…}, {…}, {…}, {…}, {…}, {…}, {…}, {…}, {…}, {…}, {…}, {…}, {…}, {…}]
isCheckOpponent.ts:227 5556threateningSquares (16) [Array(4), Array(3), Array(0), Array(7), Array(0), Array(0), Array(4), Array(3), Array(0), Array(0), Array(1), Array(1), Array(0), Array(0), Array(1), Array(1)] black
isCheckOpponent.ts:230 7322threateningSquaresCopy (16) [Array(4), Array(3), Array(0), Array(7), Array(0), Array(0), Array(4), Array(3), Array(0), Array(0), Array(1), Array(1), Array(0), Array(0), Array(1), Array(1)]
isCheckOpponent.ts:240 5556Iterating over direction 0 (4) [Array(2), Array(2), Array(2), Array(2)]
isCheckOpponent.ts:268 5556color white black black true
isCheckOpponent.ts:270 5556Opponent's piece found at square 0,3 white
isCheckOpponent.ts:240 5556Iterating over direction 1 (3) [Array(2), Array(2), Array(2)]
isCheckOpponent.ts:268 5556color white black black true
isCheckOpponent.ts:270 5556Opponent's piece found at square 0,5 white
isCheckOpponent.ts:240 5556Iterating over direction 2 []
isCheckOpponent.ts:243 5556Row 2 is empty {board: Array(8), history: Array(12), turn: 'white', username1: null, username2: '', …} []
isCheckOpponent.ts:240 5556Iterating over direction 3 (7) [Array(2), Array(2), Array(2), Array(2), Array(2), Array(2), Array(2)]
isCheckOpponent.ts:268 5556color white black black true
isCheckOpponent.ts:270 5556Opponent's piece found at square 1,4 white
isCheckOpponent.ts:240 5556Iterating over direction 4 []
isCheckOpponent.ts:243 5556Row 4 is empty {board: Array(8), history: Array(12), turn: 'white', username1: null, username2: '', …} []
isCheckOpponent.ts:240 5556Iterating over direction 5 []
isCheckOpponent.ts:243 5556Row 5 is empty {board: Array(8), history: Array(12), turn: 'white', username1: null, username2: '', …} []
isCheckOpponent.ts:240 5556Iterating over direction 6 (4) [Array(2), Array(2), Array(2), Array(2)]
isCheckOpponent.ts:268 5556color white black black true
isCheckOpponent.ts:270 5556Opponent's piece found at square 1,3 white
isCheckOpponent.ts:240 5556Iterating over direction 7 (3) [Array(2), Array(2), Array(2)]
isCheckOpponent.ts:268 5556color white black black true
isCheckOpponent.ts:270 5556Opponent's piece found at square 1,5 white
isCheckOpponent.ts:240 5556Iterating over direction 8 []
isCheckOpponent.ts:243 5556Row 8 is empty {board: Array(8), history: Array(12), turn: 'white', username1: null, username2: '', …} []
isCheckOpponent.ts:240 5556Iterating over direction 9 []
isCheckOpponent.ts:243 5556Row 9 is empty {board: Array(8), history: Array(12), turn: 'white', username1: null, username2: '', …} []
isCheckOpponent.ts:240 5556Iterating over direction 10 [Array(2)]
isCheckOpponent.ts:259 5556No opponent's knight at square 2,3 empty
isCheckOpponent.ts:240 5556Iterating over direction 11 [Array(2)]
isCheckOpponent.ts:259 5556No opponent's knight at square 2,5 empty
isCheckOpponent.ts:240 5556Iterating over direction 12 []
isCheckOpponent.ts:243 5556Row 12 is empty {board: Array(8), history: Array(12), turn: 'white', username1: null, username2: '', …} []
isCheckOpponent.ts:240 5556Iterating over direction 13 []
isCheckOpponent.ts:243 5556Row 13 is empty {board: Array(8), history: Array(12), turn: 'white', username1: null, username2: '', …} []
isCheckOpponent.ts:240 5556Iterating over direction 14 [Array(2)]
isCheckOpponent.ts:259 5556No opponent's knight at square 1,2 pawn
isCheckOpponent.ts:240 5556Iterating over direction 15 [Array(2)]
isCheckOpponent.ts:259 5556No opponent's knight at square 1,6 pawn
isCheckOpponent.ts:354 5556Last direction is blank or not an current player's knight at square 1,6
isCheckOpponent.ts:463 7322isKingInCheck false
validMoves.ts:444 843isKingInCheck false 843slicedThreateningSquares undefined 843directionIndex -1
pieceMoves.ts:37 222getMovesForPiece {id: 31, type: 'pawn', position: Array(2), color: 'white'} (2) [6, 7] {board: Array(8), history: Array(12), turn: 'white', username1: null, username2: '', …}
pieceMoves.ts:58 222PawnMovesCheck {id: 31, type: 'pawn', position: Array(2), color: 'white'} (2) [6, 7] {board: Array(8), history: Array(12), turn: 'white', username1: null, username2: '', …}
pieceMoves.ts:65 222PawnMovesForwards (2) [5, 7] 5 7
pieceMoves.ts:126 222PawnMovesSent [Array(2)]
pieceMoves.ts:43 222getMovesForPieceMoves [Array(2)]
pieceMoves.ts:51 Returning moves: [Array(2)] {board: Array(8), history: Array(12), turn: 'white', username1: null, username2: '', …}
validMoves.ts:553 843normalMoves [Array(2)]
validMoves.ts:565 843filteredMoves []
validMoves.ts:89 843tempGameState {board: Array(8), history: Array(12), turn: 'white', username1: null, username2: '', …} 843currentColor white 843gameState.threateningPiecesPositions[currentColor] {black: Array(16), white: Array(16)} piece position (2) [5, 7]
calculateThreateningSquares.ts:15 999King position: (2) [7, 4] (2) [5, 7] (2) [7, 4]
calculateThreateningSquares.ts:31 999Current direction: (2) [0, -1]
calculateThreateningSquares.ts:49 999New position: (2) [7, 3]
calculateThreateningSquares.ts:49 999New position: (2) [7, 2]
calculateThreateningSquares.ts:49 999New position: (2) [7, 1]
calculateThreateningSquares.ts:49 999New position: (2) [7, 0]
calculateThreateningSquares.ts:49 999New position: (2) [7, -1]
calculateThreateningSquares.ts:31 999Current direction: (2) [0, 1]
calculateThreateningSquares.ts:49 999New position: (2) [7, 5]
calculateThreateningSquares.ts:49 999New position: (2) [7, 6]
calculateThreateningSquares.ts:49 999New position: (2) [7, 7]
calculateThreateningSquares.ts:49 999New position: (2) [7, 8]
calculateThreateningSquares.ts:31 999Current direction: (2) [-1, 0]
calculateThreateningSquares.ts:49 999New position: (2) [6, 4]
calculateThreateningSquares.ts:49 999New position: (2) [5, 4]
calculateThreateningSquares.ts:49 999New position: (2) [4, 4]
calculateThreateningSquares.ts:49 999New position: (2) [3, 4]
calculateThreateningSquares.ts:49 999New position: (2) [2, 4]
calculateThreateningSquares.ts:49 999New position: (2) [1, 4]
calculateThreateningSquares.ts:49 999New position: (2) [0, 4]
calculateThreateningSquares.ts:31 999Current direction: (2) [1, 0]
calculateThreateningSquares.ts:49 999New position: (2) [8, 4]
calculateThreateningSquares.ts:31 999Current direction: (2) [-1, -1]
calculateThreateningSquares.ts:49 999New position: (2) [6, 3]
calculateThreateningSquares.ts:49 999New position: (2) [5, 2]
calculateThreateningSquares.ts:49 999New position: (2) [4, 1]
calculateThreateningSquares.ts:49 999New position: (2) [3, 0]
calculateThreateningSquares.ts:49 999New position: (2) [2, -1]
calculateThreateningSquares.ts:31 999Current direction: (2) [-1, 1]
calculateThreateningSquares.ts:49 999New position: (2) [6, 5]
calculateThreateningSquares.ts:49 999New position: (2) [5, 6]
calculateThreateningSquares.ts:49 999New position: (2) [4, 7]
calculateThreateningSquares.ts:49 999New position: (2) [3, 8]
calculateThreateningSquares.ts:31 999Current direction: (2) [1, -1]
calculateThreateningSquares.ts:49 999New position: (2) [8, 3]
calculateThreateningSquares.ts:31 999Current direction: (2) [1, 1]
calculateThreateningSquares.ts:49 999New position: (2) [8, 5]
calculateThreateningSquares.ts:31 999Current direction: (2) [-2, -1]
calculateThreateningSquares.ts:37 999New position: (2) [5, 3]
calculateThreateningSquares.ts:31 999Current direction: (2) [-2, 1]
calculateThreateningSquares.ts:37 999New position: (2) [5, 5]
calculateThreateningSquares.ts:31 999Current direction: (2) [2, -1]
calculateThreateningSquares.ts:37 999New position: (2) [9, 3]
calculateThreateningSquares.ts:31 999Current direction: (2) [2, 1]
calculateThreateningSquares.ts:37 999New position: (2) [9, 5]
calculateThreateningSquares.ts:31 999Current direction: (2) [-1, -2]
calculateThreateningSquares.ts:37 999New position: (2) [6, 2]
calculateThreateningSquares.ts:31 999Current direction: (2) [-1, 2]
calculateThreateningSquares.ts:37 999New position: (2) [6, 6]
calculateThreateningSquares.ts:31 999Current direction: (2) [1, -2]
calculateThreateningSquares.ts:37 999New position: (2) [8, 2]
calculateThreateningSquares.ts:31 999Current direction: (2) [1, 2]
calculateThreateningSquares.ts:37 999New position: (2) [8, 6]
calculateThreateningSquares.ts:59 999Calculated squares: (16) [Array(4), Array(3), Array(7), Array(0), Array(4), Array(3), Array(0), Array(0), Array(1), Array(1), Array(0), Array(0), Array(1), Array(1), Array(0), Array(0)]
validMoves.ts:132 debugging 1: 7,3,7,2,7,1,7,0,7,5,7,6,7,7,6,4,5,4,4,4,3,4,2,4,1,4,0,4,,6,3,5,2,4,1,3,0,6,5,5,6,4,7,,,5,3,5,5,,,6,2,6,6,,
isCheck.ts:15 Game State: {board: Array(8), history: Array(12), turn: 'white', username1: null, username2: '', …} Threatening Squares: (16) [Array(4), Array(3), Array(7), Array(0), Array(4), Array(3), Array(0), Array(0), Array(1), Array(1), Array(0), Array(0), Array(1), Array(1), Array(0), Array(0)] Opponent Player Number: 1 Check Position: (2) [7, 4] Piece: {id: 31, type: 'pawn', position: Array(2), color: 'white'} Position: (2) [6, 7] Player Number: 2 Last Position: (2) [5, 7] Match Found In Direction: 1 Current Player Color: white
isCheck.ts:26 7322threateningSquares (16) [Array(4), Array(3), Array(7), Array(0), Array(4), Array(3), Array(0), Array(0), Array(1), Array(1), Array(0), Array(0), Array(1), Array(1), Array(0), Array(0)]
isCheck.ts:27 7322gameState {board: Array(8), history: Array(12), turn: 'white', username1: null, username2: '', …}
isCheck.ts:35 5556pieceLastPosition (2) [5, 7]
isCheck.ts:293 7322gameState.history.length 12
isCheck.ts:92 7322gameState {board: Array(8), history: Array(12), turn: 'white', username1: null, username2: '', …}
isCheck.ts:93 7322piece {id: 31, type: 'pawn', position: Array(2), color: 'white'} undefined
isCheck.ts:94 7322lastPosition (2) [5, 7]
isCheck.ts:95 7322canBlockParams {board: Array(8), history: Array(12), turn: 'white', username1: null, username2: '', …} (16) [Array(4), Array(3), Array(7), Array(0), Array(4), Array(3), Array(0), Array(0), Array(1), Array(1), Array(0), Array(0), Array(1), Array(1), Array(0), Array(0)] (2) [7, 4] black
isCheck.ts:97 7322threateningSquares (16) [Array(4), Array(3), Array(7), Array(0), Array(4), Array(3), Array(0), Array(0), Array(1), Array(1), Array(0), Array(0), Array(1), Array(1), Array(0), Array(0)]
isCheck.ts:75 7322gameState {board: Array(8), history: Array(12), turn: 'white', username1: null, username2: '', …}
isCheck.ts:127 7322currentPlayerPieces (15) [{…}, {…}, {…}, {…}, {…}, {…}, {…}, {…}, {…}, {…}, {…}, {…}, {…}, {…}, {…}]
isCheck.ts:128 5556threateningSquares (16) [Array(4), Array(3), Array(7), Array(0), Array(4), Array(3), Array(0), Array(0), Array(1), Array(1), Array(0), Array(0), Array(1), Array(1), Array(0), Array(0)] white
isCheck.ts:131 7322threateningSquaresCopy (16) [Array(4), Array(3), Array(7), Array(0), Array(4), Array(3), Array(0), Array(0), Array(1), Array(1), Array(0), Array(0), Array(1), Array(1), Array(0), Array(0)]
isCheck.ts:135 5556Iterating over direction 0
isCheck.ts:146 5556squarePiece (2) [7, 3] {type: 'empty', color: 'none', hasMoved: false, position: Array(2), index: -1} {board: Array(8), history: Array(12), turn: 'white', username1: null, username2: '', …}
isCheck.ts:147 5556Iterating over square 7,3 with squarePiece color none {board: Array(8), history: Array(12), turn: 'white', username1: null, username2: '', …} {type: 'empty', color: 'none', hasMoved: false, position: Array(2), index: -1}
isCheck.ts:150 5556No piece or color at square 7,3
isCheck.ts:146 5556squarePiece (2) [7, 2] {type: 'bishop', color: 'white', position: Array(2), hasMoved: false, index: 18} {board: Array(8), history: Array(12), turn: 'white', username1: null, username2: '', …}
isCheck.ts:147 5556Iterating over square 7,2 with squarePiece color white {board: Array(8), history: Array(12), turn: 'white', username1: null, username2: '', …} {type: 'bishop', color: 'white', position: Array(2), hasMoved: false, index: 18}
isCheck.ts:155 5556color white black white
isCheck.ts:157 5556Friendly's piece found at square 7,2 white
isCheck.ts:135 5556Iterating over direction 1
isCheck.ts:146 5556squarePiece (2) [7, 5] {type: 'bishop', color: 'white', position: Array(2), hasMoved: false, index: 21} {board: Array(8), history: Array(12), turn: 'white', username1: null, username2: '', …}
isCheck.ts:147 5556Iterating over square 7,5 with squarePiece color white {board: Array(8), history: Array(12), turn: 'white', username1: null, username2: '', …} {type: 'bishop', color: 'white', position: Array(2), hasMoved: false, index: 21}
isCheck.ts:155 5556color white black white
isCheck.ts:157 5556Friendly's piece found at square 7,5 white
isCheck.ts:135 5556Iterating over direction 2
isCheck.ts:146 5556squarePiece (2) [6, 4] {type: 'empty', color: 'none', hasMoved: false, position: Array(2), index: -1} {board: Array(8), history: Array(12), turn: 'white', username1: null, username2: '', …}
isCheck.ts:147 5556Iterating over square 6,4 with squarePiece color none {board: Array(8), history: Array(12), turn: 'white', username1: null, username2: '', …} {type: 'empty', color: 'none', hasMoved: false, position: Array(2), index: -1}
isCheck.ts:150 5556No piece or color at square 6,4
isCheck.ts:146 5556squarePiece (2) [5, 4] {type: 'empty', color: 'none', hasMoved: false, position: Array(2), index: -1} {board: Array(8), history: Array(12), turn: 'white', username1: null, username2: '', …}
isCheck.ts:147 5556Iterating over square 5,4 with squarePiece color none {board: Array(8), history: Array(12), turn: 'white', username1: null, username2: '', …} {type: 'empty', color: 'none', hasMoved: false, position: Array(2), index: -1}
isCheck.ts:150 5556No piece or color at square 5,4
isCheck.ts:146 5556squarePiece (2) [4, 4] {type: 'empty', color: 'none', position: Array(2), hasMoved: true, index: -1, …} {board: Array(8), history: Array(12), turn: 'white', username1: null, username2: '', …}
isCheck.ts:147 5556Iterating over square 4,4 with squarePiece color none {board: Array(8), history: Array(12), turn: 'white', username1: null, username2: '', …} {type: 'empty', color: 'none', position: Array(2), hasMoved: true, index: -1, …}
isCheck.ts:150 5556No piece or color at square 4,4
isCheck.ts:146 5556squarePiece (2) [3, 4] {type: 'empty', color: 'none', hasMoved: true, position: Array(2), index: -1, …} {board: Array(8), history: Array(12), turn: 'white', username1: null, username2: '', …}
isCheck.ts:147 5556Iterating over square 3,4 with squarePiece color none {board: Array(8), history: Array(12), turn: 'white', username1: null, username2: '', …} {type: 'empty', color: 'none', hasMoved: true, position: Array(2), index: -1, …}
isCheck.ts:150 5556No piece or color at square 3,4
isCheck.ts:146 5556squarePiece (2) [2, 4] {type: 'empty', color: 'none', hasMoved: false, position: Array(0), index: 16} {board: Array(8), history: Array(12), turn: 'white', username1: null, username2: '', …}
isCheck.ts:147 5556Iterating over square 2,4 with squarePiece color none {board: Array(8), history: Array(12), turn: 'white', username1: null, username2: '', …} {type: 'empty', color: 'none', hasMoved: false, position: Array(0), index: 16}
isCheck.ts:150 5556No piece or color at square 2,4
isCheck.ts:146 5556squarePiece (2) [1, 4] {type: 'pawn', color: 'black', position: Array(2), hasMoved: false, index: 12} {board: Array(8), history: Array(12), turn: 'white', username1: null, username2: '', …}
isCheck.ts:147 5556Iterating over square 1,4 with squarePiece color black {board: Array(8), history: Array(12), turn: 'white', username1: null, username2: '', …} {type: 'pawn', color: 'black', position: Array(2), hasMoved: false, index: 12}
isCheck.ts:155 5556color white black black
isCheck.ts:201 5556No opponent pieces hit in direction 2 at square 1,4
isCheck.ts:135 5556Iterating over direction 3
isCheck.ts:138 5556Row 3 is empty {board: Array(8), history: Array(12), turn: 'white', username1: null, username2: '', …}
isCheck.ts:135 5556Iterating over direction 4
isCheck.ts:146 5556squarePiece (2) [6, 3] {type: 'empty', color: 'none', hasMoved: false, position: Array(2), index: -1} {board: Array(8), history: Array(12), turn: 'white', username1: null, username2: '', …}
isCheck.ts:147 5556Iterating over square 6,3 with squarePiece color none {board: Array(8), history: Array(12), turn: 'white', username1: null, username2: '', …} {type: 'empty', color: 'none', hasMoved: false, position: Array(2), index: -1}
isCheck.ts:150 5556No piece or color at square 6,3
isCheck.ts:146 5556squarePiece (2) [5, 2] {type: 'empty', color: 'none', position: Array(2), hasMoved: true, index: -1, …} {board: Array(8), history: Array(12), turn: 'white', username1: null, username2: '', …}
isCheck.ts:147 5556Iterating over square 5,2 with squarePiece color none {board: Array(8), history: Array(12), turn: 'white', username1: null, username2: '', …} {type: 'empty', color: 'none', position: Array(2), hasMoved: true, index: -1, …}
isCheck.ts:150 5556No piece or color at square 5,2
isCheck.ts:146 5556squarePiece (2) [4, 1] {type: 'empty', color: 'none', hasMoved: false, position: Array(0), index: 16} {board: Array(8), history: Array(12), turn: 'white', username1: null, username2: '', …}
isCheck.ts:147 5556Iterating over square 4,1 with squarePiece color none {board: Array(8), history: Array(12), turn: 'white', username1: null, username2: '', …} {type: 'empty', color: 'none', hasMoved: false, position: Array(0), index: 16}
isCheck.ts:150 5556No piece or color at square 4,1
isCheck.ts:146 5556squarePiece (2) [3, 0] {type: 'empty', color: 'none', position: Array(2), hasMoved: true, index: -1, …} {board: Array(8), history: Array(12), turn: 'white', username1: null, username2: '', …}
isCheck.ts:147 5556Iterating over square 3,0 with squarePiece color none {board: Array(8), history: Array(12), turn: 'white', username1: null, username2: '', …} {type: 'empty', color: 'none', position: Array(2), hasMoved: true, index: -1, …}
isCheck.ts:150 5556No piece or color at square 3,0
isCheck.ts:135 5556Iterating over direction 5
isCheck.ts:146 5556squarePiece (2) [6, 5] {type: 'pawn', color: 'white', position: Array(2), hasMoved: false, index: 29} {board: Array(8), history: Array(12), turn: 'white', username1: null, username2: '', …}
isCheck.ts:147 5556Iterating over square 6,5 with squarePiece color white {board: Array(8), history: Array(12), turn: 'white', username1: null, username2: '', …} {type: 'pawn', color: 'white', position: Array(2), hasMoved: false, index: 29}
isCheck.ts:155 5556color white black white
isCheck.ts:157 5556Friendly's piece found at square 6,5 white
isCheck.ts:135 5556Iterating over direction 6
isCheck.ts:138 5556Row 6 is empty {board: Array(8), history: Array(12), turn: 'white', username1: null, username2: '', …}
isCheck.ts:135 5556Iterating over direction 7
isCheck.ts:138 5556Row 7 is empty {board: Array(8), history: Array(12), turn: 'white', username1: null, username2: '', …}
isCheck.ts:135 5556Iterating over direction 8
isCheck.ts:146 5556squarePiece (2) [5, 3] {type: 'empty', color: 'none', hasMoved: false, position: Array(2), index: -1} {board: Array(8), history: Array(12), turn: 'white', username1: null, username2: '', …}
isCheck.ts:147 5556Iterating over square 5,3 with squarePiece color none {board: Array(8), history: Array(12), turn: 'white', username1: null, username2: '', …} {type: 'empty', color: 'none', hasMoved: false, position: Array(2), index: -1}
isCheck.ts:150 5556No piece or color at square 5,3
isCheck.ts:135 5556Iterating over direction 9
isCheck.ts:146 5556squarePiece (2) [5, 5] {type: 'empty', color: 'none', hasMoved: false, position: Array(0), index: 16} {board: Array(8), history: Array(12), turn: 'white', username1: null, username2: '', …}
isCheck.ts:147 5556Iterating over square 5,5 with squarePiece color none {board: Array(8), history: Array(12), turn: 'white', username1: null, username2: '', …} {type: 'empty', color: 'none', hasMoved: false, position: Array(0), index: 16}
isCheck.ts:150 5556No piece or color at square 5,5
isCheck.ts:135 5556Iterating over direction 10
isCheck.ts:138 5556Row 10 is empty {board: Array(8), history: Array(12), turn: 'white', username1: null, username2: '', …}
isCheck.ts:135 5556Iterating over direction 11
isCheck.ts:138 5556Row 11 is empty {board: Array(8), history: Array(12), turn: 'white', username1: null, username2: '', …}
isCheck.ts:135 5556Iterating over direction 12
isCheck.ts:146 5556squarePiece (2) [6, 2] {type: 'empty', color: 'none', hasMoved: false, position: Array(2), index: -1} {board: Array(8), history: Array(12), turn: 'white', username1: null, username2: '', …}
isCheck.ts:147 5556Iterating over square 6,2 with squarePiece color none {board: Array(8), history: Array(12), turn: 'white', username1: null, username2: '', …} {type: 'empty', color: 'none', hasMoved: false, position: Array(2), index: -1}
isCheck.ts:150 5556No piece or color at square 6,2
isCheck.ts:135 5556Iterating over direction 13
isCheck.ts:146 5556squarePiece (2) [6, 6] {type: 'pawn', color: 'white', position: Array(2), hasMoved: false, index: 30} {board: Array(8), history: Array(12), turn: 'white', username1: null, username2: '', …}
isCheck.ts:147 5556Iterating over square 6,6 with squarePiece color white {board: Array(8), history: Array(12), turn: 'white', username1: null, username2: '', …} {type: 'pawn', color: 'white', position: Array(2), hasMoved: false, index: 30}
isCheck.ts:155 5556color white black white
isCheck.ts:157 5556Friendly's piece found at square 6,6 white
isCheck.ts:135 5556Iterating over direction 14
isCheck.ts:138 5556Row 14 is empty {board: Array(8), history: Array(12), turn: 'white', username1: null, username2: '', …}
isCheck.ts:135 5556Iterating over direction 15
isCheck.ts:138 5556Row 15 is empty {board: Array(8), history: Array(12), turn: 'white', username1: null, username2: '', …}
isCheck.ts:300 843firstTriggeringOpponentPiece undefined
isCheck.ts:301 843threateningSquares (16) [Array(4), Array(3), Array(7), Array(0), Array(4), Array(3), Array(0), Array(0), Array(1), Array(1), Array(0), Array(0), Array(1), Array(1), Array(0), Array(0)] {board: Array(8), history: Array(12), turn: 'white', username1: null, username2: '', …} undefined -1 true
isCheck.ts:326 843firstTriggeringOpponentPieceIndex: -1
isCheck.ts:327 843slicedCoordinates: []
isCheck.ts:350 843firstTriggeringOpponentPieceIndex -1
isCheck.ts:406 7322isKingInCheck false
isCheck.ts:412 7322King is not in check or checkmate.
isCheck.ts:414 843checkDirection -1 {board: Array(8), history: Array(12), turn: 'white', username1: null, username2: '', …}
validMoves.ts:151 843checkResult {isKingInCheck: false, loser: 'white', slicedThreateningSquares: Array(0), checkDirection: -1, firstTriggeringOpponentPiece: undefined, …} []
validMoves.ts:153 843moves [Array(0)]
validMoves.ts:567 843normalMoves [Array(2)] []
validMoves.ts:569 843normalMoves [Array(2)] []
enPassant.ts:4 Running enPassant function with piece: {id: 31, type: 'pawn', position: Array(2), color: 'white'} and lastPosition: (2) [6, 7]
enPassant.ts:28 enPassantCondition: false enPassantDirection: -1 toX: 6 toY: 7 opponentColor: black
enPassant.ts:44 Was this the opponent's last move? false
validMoves.ts:758 843pawnMove (2) [6, 7]
validMoves.ts:281 843position (2) [6, 7] {board: Array(8), history: Array(12), turn: 'white', username1: null, username2: '', …}
validMoves.ts:381 843currentIndex 31 {type: 'pawn', color: 'white', position: Array(2), hasMoved: false, index: 31} (2) [6, 7]
validMoves.ts:383 tempGameState {board: Array(8), history: Array(12), turn: 'white', username1: null, username2: '', …} 843tempGameState.turn white {board: Array(8), history: Array(12), turn: 'white', username1: null, username2: '', …} (2) [6, 7] (2) [6, 7] {type: 'pawn', color: 'white', position: Array(2), hasMoved: false, index: 31}
validMoves.ts:879 843moves [Array(0)] [Array(2)]
validMoves.ts:887 Checking move 0: []
validMoves.ts:892 Comparing with normalMove 0: (2) [5, 7] [Array(2)]
validMoves.ts:915 Move 0 not found in normalMoves, errorFound set to true
validMoves.ts:921 Some moves may have inconsistent format, but proceeding anyway
overrideMethod @ hook.js:608
validMoves @ validMoves.ts:921
(anonymous) @ aiEngine.ts:109
getAllLegalMoves @ aiEngine.ts:106
getBestMoveOneDepth @ aiEngine.ts:76
getAIMove @ aiEngine.ts:20
makeAIMove @ App.tsx:284
(anonymous) @ App.tsx:580
setTimeout
(anonymous) @ App.tsx:579
commitHookEffectListMount @ chunk-X3B7SAOS.js?v=3151037c:16904
commitPassiveMountOnFiber @ chunk-X3B7SAOS.js?v=3151037c:18152
commitPassiveMountEffects_complete @ chunk-X3B7SAOS.js?v=3151037c:18125
commitPassiveMountEffects_begin @ chunk-X3B7SAOS.js?v=3151037c:18115
commitPassiveMountEffects @ chunk-X3B7SAOS.js?v=3151037c:18105
flushPassiveEffectsImpl @ chunk-X3B7SAOS.js?v=3151037c:19486
flushPassiveEffects @ chunk-X3B7SAOS.js?v=3151037c:19443
(anonymous) @ chunk-X3B7SAOS.js?v=3151037c:19324
workLoop @ chunk-X3B7SAOS.js?v=3151037c:197
flushWork @ chunk-X3B7SAOS.js?v=3151037c:176
performWorkUntilDeadline @ chunk-X3B7SAOS.js?v=3151037c:384Understand this warningAI
App.tsx:285 AI selected move: {piece: {…}, from: Array(2), to: Array(2)}
App.tsx:288 Executing AI move from (2) [5, 2] to (2) [4, 3]
App.tsx:301 Capture move detected: {type: 'queen', color: 'white', position: Array(2), hasMoved: true, index: 19, …}
App.tsx:343 Updated piece position: {id: 26, type: 'pawn', position: Array(2), color: 'white', hasMoved: true}
App.tsx:351 Capturing piece: {type: 'empty', color: 'none', position: Array(2), hasMoved: true, index: -1, …}
Chess.tsx:41 roomCode ai-7002 props object
Chess.tsx:47 761currentPlayerColor black {board: Array(8), history: Array(12), turn: 'black', username1: null, username2: '', …}
Chess.tsx:50 761isKingInCheck false false
Chess.tsx:51 761props.gameState {board: Array(8), history: Array(12), turn: 'black', username1: null, username2: '', …}
Chess.tsx:722 loser white
Chess.tsx:723 turnState2 1
Chess.tsx:725 761props.gameState {board: Array(8), history: Array(12), turn: 'black', username1: null, username2: '', …}
Chess.tsx:728 761isCurrentPlayerInCheck false {black: false, white: false, direction: -1}
Chess.tsx:41 roomCode ai-7002 props object
Chess.tsx:47 761currentPlayerColor black {board: Array(8), history: Array(12), turn: 'black', username1: null, username2: '', …}
Chess.tsx:50 761isKingInCheck false false
Chess.tsx:51 761props.gameState {board: Array(8), history: Array(12), turn: 'black', username1: null, username2: '', …}
Chess.tsx:722 loser white
Chess.tsx:723 turnState2 1
Chess.tsx:725 761props.gameState {board: Array(8), history: Array(12), turn: 'black', username1: null, username2: '', …}
Chess.tsx:728 761isCurrentPlayerInCheck false {black: false, white: false, direction: -1}
Chess.tsx:688 gameOver false
isStalemate.ts:9 Checking if game is in stalemate for player color: black
isStalemate.ts:10 isStalematePropsCheck {board: Array(8), history: Array(12), turn: 'black', username1: null, username2: '', …} 1
isStalemate.ts:16 Found piece of current player at position: (2) [0, 0]
pieceMoves.ts:37 222getMovesForPiece {type: 'rook', color: 'black', position: Array(2), hasMoved: false, index: 0} (2) [0, 0] {board: Array(8), history: Array(12), turn: 'black', username1: null, username2: '', …}
pieceMoves.ts:132 222getLinearMoves {type: 'rook', color: 'black', position: Array(2), hasMoved: false, index: 0} (2) [0, 0] {board: Array(8), history: Array(12), turn: 'black', username1: null, username2: '', …}
pieceMoves.ts:145 989directions (4) [Array(2), Array(2), Array(2), Array(2)]
pieceMoves.ts:150 989newPosition (2) [-1, 0] (2) [0, 0] -1 0 0
pieceMoves.ts:152 989Piece is off the board (2) [-1, 0]
pieceMoves.ts:178 989Positions for direction: (2) [-1, 0] []
pieceMoves.ts:150 989newPosition (2) [1, 0] (2) [0, 0] 1 0 0
pieceMoves.ts:156 989positions [Array(2)]
pieceMoves.ts:158 989pieceAtNewPosition {type: 'pawn', color: 'black', position: Array(2), hasMoved: false, index: 8}
pieceMoves.ts:167 989pieceAtNewPosition.type pawn
pieceMoves.ts:169 989pieceAtNewPosition.color black [Array(2)]
pieceMoves.ts:172 989positions []
pieceMoves.ts:178 989Positions for direction: (2) [1, 0] []
pieceMoves.ts:150 989newPosition (2) [0, -1] (2) [0, 0] 0 -1 0
pieceMoves.ts:152 989Piece is off the board (2) [0, -1]
pieceMoves.ts:178 989Positions for direction: (2) [0, -1] []
pieceMoves.ts:150 989newPosition (2) [0, 1] (2) [0, 0] 0 1 0
pieceMoves.ts:156 989positions [Array(2)]
pieceMoves.ts:158 989pieceAtNewPosition {type: 'knight', color: 'black', position: Array(2), hasMoved: false, index: 1}
pieceMoves.ts:167 989pieceAtNewPosition.type knight
pieceMoves.ts:169 989pieceAtNewPosition.color black [Array(2)]
pieceMoves.ts:172 989positions []
pieceMoves.ts:178 989Positions for direction: (2) [0, 1] []
pieceMoves.ts:185 989flattenedMoves []
pieceMoves.ts:43 222getMovesForPieceMoves []
pieceMoves.ts:51 Returning moves: [] {board: Array(8), history: Array(12), turn: 'black', username1: null, username2: '', …}
isStalemate.ts:18 Moves for piece at position: (2) [0, 0] []
isStalemate.ts:16 Found piece of current player at position: (2) [0, 1]
pieceMoves.ts:37 222getMovesForPiece {type: 'knight', color: 'black', position: Array(2), hasMoved: false, index: 1} (2) [0, 1] {board: Array(8), history: Array(12), turn: 'black', username1: null, username2: '', …}
pieceMoves.ts:211 getFixedMoves {type: 'knight', color: 'black', position: Array(2), hasMoved: false, index: 1} (2) [0, 1] {board: Array(8), history: Array(12), turn: 'black', username1: null, username2: '', …} (8) [Array(2), Array(2), Array(2), Array(2), Array(2), Array(2), Array(2), Array(2)] (8) [null, null, null, null, null, null, Array(2), Array(2)]
pieceMoves.ts:43 222getMovesForPieceMoves (2) [Array(2), Array(2)]
pieceMoves.ts:51 Returning moves: (2) [Array(2), Array(2)] {board: Array(8), history: Array(12), turn: 'black', username1: null, username2: '', …}
isStalemate.ts:18 Moves for piece at position: (2) [0, 1] (2) [Array(2), Array(2)]
isStalemate.ts:22 Found legal move for piece. Not a stalemate